Mưu Bình:Mùpíng Qū
Mưu Bình:牟平区
Mưu Bình:牟平區
Mưu Ni:牟尼乡
Mưu Sơn:牟山镇
Mưu Định:Mouding Xian
Mưu Định:共和镇
Mưu Định:牟定县
Mưu Định:牟定縣
Mường Chà District:孟查县
Mường Chà District:孟查縣
Mường Chà:孟查县
Mường Chà:孟查市镇
Mường Chà:孟查縣
Mường Khương District:猛康县
Mường Khương District:猛康縣
Mường Khương:猛康县
Mường Khương:猛康市鎮
Mường Khương:猛康市镇
Mường Khương:猛康縣
Mường La District:芒罗县
Mường La District:芒羅縣
Mường La:芒罗县
Mường La:芒羅縣
Mường Lay:芒莱市社
Mường Lay:芒萊市社
Mường Lát District:芒勒县
Mường Lát District:芒勒縣
Mường Nhé District:芒㖇县
Mường Nhé District:芒㖇縣
Mường Nhé:芒㖇县
Mường Nhé:芒㖇縣
Mường Tè District:芒齐县
Mường Tè District:芒齐縣
Mường Tè:芒齐市镇
Mường Ảng District:芒安县
Mường Ảng District:芒安縣
Mường Ảng:芒安县
Mường Ảng:芒安縣
