Mạc Hà:mòhé shì
Mạc Hà:漠河市
Mạc Nhĩ Đạo Ca:Mòĕrdàogá
Mạc Nhĩ Đạo Ca:莫尔道嘎镇
Mạc Sa:漠沙镇
Mạc Xây:馬賽
Mạc Xây:马赛
Mạch Liêu:麥寮鄉
Mạch Tích:Màijī Qū
Mạch Tích:麥積區
Mạch Tích:麦积区
Mạch Viên:麦园
Mạn Háo:蔓耗镇
Mạn Thủy Loan:漫水湾镇
Mạnh A:勐阿
Mạnh Châu:Mèngzhōu Shì
Mạnh Châu:孟州市
Mạnh Hà:孟河镇
Mạnh Liên:Mènglián dǎizú lāhùzú wǎzú zìzhì xiàn
Mạnh Liên:孟连傣族拉祜族佤族自治县
Mạnh Liên:孟连县
Mạnh Liên:孟連傣族拉祜族佤族自治縣
Mạnh Liên:孟連縣
Mạnh Mã:勐馬鎮
Mạnh Mã:勐马镇
Mạnh Thôn:Mèngcūn huízú zìzhìxiàn
Mạnh Thôn:孟村县
Mạnh Thôn:孟村縣
Mạnh Tân:孟津
Mạnh Tân:孟津区
Mạnh Tân:孟津區
Mạnh Định:孟定鎮
Mạnh Định:孟定镇
Mạo Khê:帽溪坊
Mạo Nhi Sơn:帽儿山镇
Mẫn Hàng:閔行區
Mẫn Hàng:闵行区
Mẫu Sơn Commune:母山社
Mẫu Sơn:公母山
Mẫu Đan:牡丹区
Mẫu Đan:牡丹區
Mẫu Đơn Giang:牡丹江市
Mẫu Đơn:Mǔdān Xiāng
Mẫu Đơn:牡丹鄉
Mật Lĩnh:Fúlǐng Zhèn
Mật Lĩnh:伏岭镇
Mật Sơn:Mìshān Zhen
Mật Sơn:密山市
Mật Vân:Mìyún qū
Mật Vân:密云区
Mật Vân:密雲區
Mậu A:茂阿市镇
Mậu Cảng:Maogang Qu
Mậu Cảng:茂港区
Mậu Danh:Mauming-si
Mậu Danh:màomíng shì
Mậu Danh:茂名市
Mậu Gia:茂家
Mậu Lâm:茂林區
Mậu Lâm:茂林镇
Mậu Nam:Màonán Qū
Mậu Nam:茂南
Mậu Nam:茂南区
Mậu Nam:茂南區
Mậu huyện:Mào Xiàn
Mậu huyện:茂县
Mậu huyện:茂縣
Mặc Giang:Mòjiāng hānízú zìzhìxiàn
Mặc Giang:mòjiāng hānízú zìzhì xiàn
Mặc Giang:墨江哈尼族自治县
Mặc Giang:墨江哈尼族自治縣
Mặc Giang:联珠镇
Mẹ́kkà:麥加
Mẹ́kkà:麦加
Mẹ́ksíkò:墨西哥
Mễ Chi:Mizhi Xian
Mễ Chi:米脂县
Mễ Chi:米脂縣
Mễ Dịch:米易县
Mễ Dịch:米易縣
Mễ Phố Lão Vi:米埔老圍
Mễ Phố Tân Thôn:Mai Po San Tsuen
Mễ Phố Tân Thôn:Mai5 Bou3 San1 Cyun1
Mễ Phố Tân Thôn:米埔新村
Mễ Phố:米埔
Mễ Tuyền:Miquan Xian
Mễ Tuyền:米泉市
Mễ Á La:mĭyàluō
Mễ Á La:米亚罗镇
Mễ Điện:米甸鎮
Mễ Điện:米甸镇
Mễ Đông:Mǐdōng Qū
Mễ Đông:米东区
Mễ Đông:米東區
Mịch La:Mìluó Shì
Mịch La:汨罗市
Mịch La:汨羅
Mịch La:汨羅市
Mọsko:莫斯科
Mọ́rísì:模里西斯
Mọ́rísì:毛厘士
Mọ́rísì:毛里求斯
Mọ́skò:莫斯科
Mỏ Cày Bắc District:㖼𦓿北县
Mỏ Cày Bắc District:㖼𦓿北縣
Mỏ Cày Nam District:㖼𦓿南县
Mỏ Cày Nam District:㖼𦓿南縣
Mỏ Cày:㖼𦓿市鎮
Mỏ Cày:㖼𦓿市镇
Mỏ và nhà máy luyện than cốc Zollverein:關稅同盟煤礦工業建築群
Mốc Biên giới Việt Nam - Trung Quốc số 3:越南-中国边境地标3
Mốc Biên giới Việt Nam - Trung Quốc số 3:越南-中國邊境地標3
Mộ Iosif Stalin:約瑟夫·斯大林的墳墓
Mộ Iosif Stalin:约瑟夫·斯大林的坟墓
Mộ của Trần Vĩnh Quý:陈永贵之墓
Mộ của Trần Vĩnh Quý:陳永貴之墓
Mộ Đức District:慕德县
Mộ Đức District:慕德縣
Mộ Đức:慕德县
Mộ Đức:慕德縣
Mộc Châu:木州县
Mộc Châu:木州縣
Mộc Khanh:木坑
Mộc Lan:Mùlán Xiàn
Mộc Lan:木兰县
Mộc Lan:木蘭縣
Mộc Lâm:木林
Mộc Lý:Mùlǐ Zàngzú Zìzhìxiàn
Mộc Lý:木里县
Mộc Lý:木里縣
Mộc Lý:木里藏族自治县
Mộc Lý:木里藏族自治縣
Mộc Ngư:Mùyú zhèn
Mộc Ngư:木鱼镇
Mộc Nhĩ:木耳乡
Mộc Pha:木坡乡
Mộc Tạp:mùkă xiāng
Mộc Tạp:木卡乡
Mộc Xuyên:Mùchuān Xiàn
Mộc Xuyên:沐川县
Mộc Xuyên:沐川縣
Mộc Xưởng:木厂镇
Mộc Ương:木央镇
Một Ngàn:沒岸市鎮
Một Ngàn:没岸市镇
Mục Châu:睦洲鎮
Mục Châu:睦洲镇
Mục Dã:牧野区
Mục Dã:牧野區
Mục Lăng:Mùlíng Shì
Mục Lăng:穆棱市
Mục Lăng:穆棱镇
Mục Lăng:穆稜市
Mục Nguyên:牧原镇
Mỹ Cô:Měigū Xiàn
Mỹ Cô:美姑县
Mỹ Cô:美姑縣
Mỹ Hào:美豪市社
Mỹ Hưng:美兴镇
Mỹ Hải (bãi ngầm):朱应滩
Mỹ Lan:美兰区
Mỹ Lan:美蘭
Mỹ Lan:美蘭區
Mỹ Nùng:美濃區
Mỹ Sơn Ruins:美山聖地
Mỹ Thanh River:美青江
Mỹ Tho:美萩市
Mỹ Thái:美太社
Mỹ Thượng Ward:美上坊
Mỹ Thủy Commune:美水社
Mỹ Tú District:美秀县
Mỹ Tú District:美秀縣
Mỹ Xuyên District:美川县
Mỹ Xuyên District:美川縣
Mỹ Xuyên:美川市鎮
Mỹ Xuyên:美川市镇
Mỹ Đình Nationaal Stadion:美亭國家體育場
Mỹ Đức District:美德县
Mỹ Đức District:美德縣
Mỹ Đức:美德县
Mỹ Đức:美德縣
Mỹ Ốc:美沃乡
Mỹ-Đình-Nationalstadion:美亭國家體育場
