Mkoa wa Adamawa:阿达马瓦区
Mkoa wa Ahafo:阿哈福大區
Mkoa wa Aleksandria:亞歷山大省
Mkoa wa Anseba:安塞巴區
Mkoa wa Anseba:安塞巴地區
Mkoa wa Arusha:阿魯沙區
Mkoa wa Arusha:阿鲁沙区
Mkoa wa Ashanti:阿散蒂大區
Mkoa wa Aswan:阿斯旺省
Mkoa wa Asyut:艾斯尤特省
Mkoa wa Bahari Nyekundu Kaskazini:北紅海區
Mkoa wa Bahari Nyekundu Kaskazini:北紅海地區
Mkoa wa Bahari Nyekundu Kusini:南紅海區
Mkoa wa Bahari Nyekundu Kusini:南紅海地區
Mkoa wa Bahari Nyekundu Kusini:南红海区
Mkoa wa Bahari ya Shamu:红海省 (埃及)
Mkoa wa Beheira:布海拉省
Mkoa wa Beni Suef:贝尼苏韦夫省
Mkoa wa Bonde la Mpya:新河谷省
Mkoa wa Bono Mashariki:東博諾大區
Mkoa wa Bono:博諾大區
Mkoa wa Buenos Aires:布宜诺斯艾利斯省
Mkoa wa Bình Dương:平阳省
Mkoa wa Bình Dương:平陽省
Mkoa wa Bình Phước:平福省
Mkoa wa Bình Định:平定省
Mkoa wa Bạc Liêu:薄寮省
Mkoa wa Bắc Giang:北江省
Mkoa wa Bắc Kạn:北件省
Mkoa wa Bắc Kạn:北𣴓省
Mkoa wa Bắc Ninh:北宁省
Mkoa wa Bắc Ninh:北寧省
Mkoa wa Bến Tre:槟椥省
Mkoa wa Bến Tre:檳椥省
Mkoa wa Cabo Delgado:卡布德加多省
Mkoa wa Cabo Delgado:德尔加杜角省
Mkoa wa Cao Bằng:高平省
Mkoa wa Caprivi:赞比西区
Mkoa wa Copperbelt:铜带省
Mkoa wa Cà Mau:金瓯省
Mkoa wa Cà Mau:金甌省
Mkoa wa Dakahlia:代蓋赫利耶省
Mkoa wa Dakar:达喀尔区
Mkoa wa Damietta:杜姆亞特省
Mkoa wa Diourbel:久尔贝勒区
Mkoa wa Dodoma:多多馬區
Mkoa wa Dodoma:杜篤瑪區
Mkoa wa Entre Ríos:恩特雷里奥斯省
Mkoa wa Erongo:埃龍戈區
Mkoa wa Estuaire:河口省
Mkoa wa Faiyum:法尤姆省
Mkoa wa Fatick:法蒂克区
Mkoa wa Gao:加奥区
Mkoa wa Gaza:加扎省
Mkoa wa Geita:盖塔区
Mkoa wa Geita:蓋塔區
Mkoa wa Gharbia:西部省 (埃及)
Mkoa wa Gia Lai:嘉莱省
Mkoa wa Gia Lai:嘉萊省
Mkoa wa Giza:吉薩省
Mkoa wa Greater Accra:大阿克拉大區
Mkoa wa Hardap:哈达普区
Mkoa wa Haut-Ogooué:上奥果韦省
Mkoa wa Haut-Ogooué:上奧果韋省
Mkoa wa Hormozgan:霍尔木兹甘省
Mkoa wa Hormozgan:霍爾木茲甘省
Mkoa wa Hà Nam:河南省
Mkoa wa Hà Tĩnh:河静省
Mkoa wa Hà Tĩnh:河靜省
Mkoa wa Hòa Bình:和平省
Mkoa wa Hưng Yên:兴安省
Mkoa wa Hưng Yên:興安省
Mkoa wa Hải Dương:海阳省
Mkoa wa Hải Dương:海陽省
Mkoa wa Hậu Giang:后江省
Mkoa wa Hậu Giang:後江省
Mkoa wa Inhambane:伊尼扬巴内省
Mkoa wa Iringa:伊林加區
Mkoa wa Ismailia:伊斯梅利亚省
Mkoa wa Kaffrine:卡夫林區
Mkoa wa Kagera:卡蓋拉區
Mkoa wa Kairo:开罗
Mkoa wa Kairo:開羅
Mkoa wa Kanagawa:神奈川县
Mkoa wa Kanagawa:神奈川縣
Mkoa wa Kaolack:考拉克区
Mkoa wa Kara, Togo:卡拉区
Mkoa wa Kaskazini Magharibi:西北大區
Mkoa wa Kaskazini ya Mbali:極北區
Mkoa wa Kaskazini-Magharibi:西北區
Mkoa wa Kaskazini-Magharibi:西北省
Mkoa wa Kaskazini:北方省 (赞比亚)
Mkoa wa Kaskazini:北部區
Mkoa wa Kaskazini:北部大區
Mkoa wa Kaskazini:北部省
Mkoa wa Katavi:卡塔維區
Mkoa wa Katavi:卡塔维区
Mkoa wa Kati, Eritrea:中部區 (厄立特里亞)
Mkoa wa Kati, Togo:中部区 (多哥)
Mkoa wa Kati:中央省
Mkoa wa Kati:中部区
Mkoa wa Kati:中部區
Mkoa wa Kati:中部地區
Mkoa wa Kati:中部大區
Mkoa wa Kayes:卡伊區
Mkoa wa Kedougou:凯杜古区
Mkoa wa Khomas:霍马斯区
Mkoa wa Khánh Hòa:庆和省
Mkoa wa Khánh Hòa:慶和省
Mkoa wa Kidal:基達爾區
Mkoa wa Kigoma:基戈馬區
Mkoa wa Kilimanjaro:乞力馬扎羅區
Mkoa wa Kolda:科尔达区
Mkoa wa Koulikoro:库利科罗区
Mkoa wa Kumamoto:Xióngběn Xiàn
Mkoa wa Kumamoto:熊本县
Mkoa wa Kumamoto:熊本縣
Mkoa wa Kunene:库内内区
Mkoa wa Kusini (Zambia):南部省 (赞比亚)
Mkoa wa Kusini, Eritrea:南部區 (厄立特里亞)
Mkoa wa Kusini-Magharibi:西南区
Mkoa wa Kusini:南部区
Mkoa wa Kusini:南部區
Mkoa wa Kusini:南部地區
Mkoa wa Kusini:南部省
Mkoa wa Lai Châu:莱州省
Mkoa wa Lai Châu:萊州省
Mkoa wa Lindi:林迪區
Mkoa wa Lindi:蓮迪區
Mkoa wa Louga:盧加區
Mkoa wa Luapula:卢阿普拉省
Mkoa wa Lusaka:卢萨卡省
Mkoa wa Luxor:樂蜀省
Mkoa wa Lào Cai:老街省
Mkoa wa Lâm Đồng:林同省
Mkoa wa Lạng Sơn:諒山省
Mkoa wa Lạng Sơn:谅山省
Mkoa wa Magallanes na Antaktiki ya Chile:麥哲倫—智利南極大區
Mkoa wa Magallanes na Antaktiki ya Chile:麦哲伦—智利南极大区
Mkoa wa Magharibi ya Juu:上西部大区
Mkoa wa Magharibi:西方省
Mkoa wa Magharibi:西部区
Mkoa wa Magharibi:西部大區
Mkoa wa Magharibi:西部省
Mkoa wa Manica:马尼卡省
Mkoa wa Manisa:马尼萨省
Mkoa wa Manyara:曼亞拉區
Mkoa wa Maputo:马普托省
Mkoa wa Mara:馬拉區
Mkoa wa Maritime, Togo:濱海區 (多哥)
Mkoa wa Mashariki ya Juu:上東部大區
Mkoa wa Mashariki:东方省
Mkoa wa Mashariki:东部区
Mkoa wa Mashariki:东部省
Mkoa wa Mashariki:東部大區
Mkoa wa Matam:馬塔姆區
Mkoa wa Matruh:馬特魯省
Mkoa wa Mbeya:姆貝亞區
Mkoa wa Minya:明亞省
Mkoa wa Monufia:米努夫省
Mkoa wa Mopti:莫普提区
Mkoa wa Morogoro:莫罗戈罗区
Mkoa wa Morogoro:莫羅戈羅區
Mkoa wa Moyen-Ogooué:中奥果韦省
Mkoa wa Moyen-Ogooué:中奧果韋省
Mkoa wa Mtwara:姆特瓦拉區
Mkoa wa Mtwara:姆特華拉區
Mkoa wa Mwanza:姆宛札區
Mkoa wa Mwanza:姆萬扎區
Mkoa wa Nam Định:南定省
Mkoa wa Nampula:楠普拉省
Mkoa wa Neuquén:内乌肯省
Mkoa wa Nghệ An:乂安省
Mkoa wa Ngounié:恩古涅省
Mkoa wa Niari:尼阿里省
Mkoa wa Niassa:尼亚萨省
Mkoa wa Niassa:尼亞薩省
Mkoa wa Ninh Thuận:宁顺省
Mkoa wa Ninh Thuận:寧順省
Mkoa wa Njombe:恩琼贝区
Mkoa wa Njombe:恩瓊貝區
Mkoa wa Nyanga:尼扬加省
Mkoa wa Nyanga:尼揚加省
Mkoa wa Ogooué-Ivindo:奥果韦-伊温多省
Mkoa wa Ogooué-Ivindo:奧果韋-伊溫多省
Mkoa wa Ogooué-Lolo:奥果韦-洛洛省
Mkoa wa Ogooué-Lolo:奧果韋-洛洛省
Mkoa wa Ogooué-Maritime:海滨奥果韦省
Mkoa wa Ogooué-Maritime:濱海奧果韋省
Mkoa wa Ohangwena:奧漢圭納區
Mkoa wa Omaheke:奥马海凯区
Mkoa wa Omusati:奥穆萨蒂区
Mkoa wa Oshana:奥沙纳区
Mkoa wa Oshikoto:奥希科托区
Mkoa wa Oti:奧蒂大區
Mkoa wa Otjozondjupa:奥乔宗朱帕区
Mkoa wa Pemba Kaskazini:北奔巴區
Mkoa wa Pemba Kusini:南奔巴區
Mkoa wa Phú Yên:富安省
Mkoa wa Plateaux, Togo:高原区
Mkoa wa Port Said:塞得港省
Mkoa wa Pwani:濱海區
Mkoa wa Pwani:濱海省
Mkoa wa Qena:基納省
Mkoa wa Quảng Trị:广治省
Mkoa wa Quảng Trị:廣治省
Mkoa wa Rukwa:魯夸區
Mkoa wa Ruvuma:魯伍馬區
Mkoa wa Río Negro:内格罗河省
Mkoa wa Saint-Louis:聖路易區
Mkoa wa Santa Cruz:圣克鲁斯省
Mkoa wa Savanes, Togo:草原區
Mkoa wa Savannah:萨凡纳大区
Mkoa wa Sedhiou:塞久區
Mkoa wa Segou:塞古区
Mkoa wa Sharqia:東部省 (埃及)
Mkoa wa Shinyanga:希尼安加区
Mkoa wa Shinyanga:辛陽賈區
Mkoa wa Sikasso:锡卡索区
Mkoa wa Sinai Kaskazini:北西奈省
Mkoa wa Sinai Kusini:南西奈省
Mkoa wa Singida:辛吉達區
Mkoa wa Singida:辛基達區
Mkoa wa Sistan na Baluchistan:錫斯坦－俾路支斯坦省
Mkoa wa Sistan na Baluchistan:锡斯坦和俾路支斯坦省
Mkoa wa Sofala:索法拉省
Mkoa wa Sohag:索哈傑省
Mkoa wa Songwe:森圭区
Mkoa wa Songwe:森圭區
Mkoa wa Suez:蘇伊士省
Mkoa wa Sóc Trăng:朔庄省
Mkoa wa Sóc Trăng:朔莊省
Mkoa wa Tabora:塔波拉區
Mkoa wa Tambacounda:坦巴昆達區
Mkoa wa Tanga:坦噶区
Mkoa wa Tanga:坦噶區
Mkoa wa Tete:太特省
Mkoa wa Thies:捷斯区
Mkoa wa Thái Bình:太平省
Mkoa wa Thái Nguyên:太原省
Mkoa wa Timbuktu:廷巴克图
Mkoa wa Trà Vinh:茶榮省
Mkoa wa Trà Vinh:茶荣省
Mkoa wa Tunceli:通杰利省
Mkoa wa Tây Ninh:西宁省
Mkoa wa Tây Ninh:西寧省
Mkoa wa Unguja Kaskazini:北安古迦區
Mkoa wa Unguja Kusini:南安古迦區
Mkoa wa Unguja Mjini Magharibi:桑給巴爾西區
Mkoa wa Volta:沃爾特大區
Mkoa wa Vĩnh Long:永隆省
Mkoa wa Woleu-Ntem:沃勒-恩特姆省
Mkoa wa Woleu-Ntem:禾勒-恩特姆省
Mkoa wa Yên Bái:安沛省
Mkoa wa Zambezia:赞比西亚省
Mkoa wa Ziguinchor:济金绍尔区
Mkoa wa Điện Biên:奠边省
Mkoa wa Điện Biên:奠邊省
Mkoa wa Đắk Lắk:多乐省
Mkoa wa Đắk Lắk:多樂省
Mkoa wa Đắk Nông:得农省
Mkoa wa Đắk Nông:得農省
Mkoa wa Đồng Tháp:同塔省
mKhar Nag:Kù ěr nà kè bǎo
mKhar Nag:库尔那克堡
mk / sq / el:普雷斯帕湖
mk john wilson trophy:国际滑冰联盟花样滑冰大奖赛英国站
mkhar ltag:Kǎ dá cūn
mkmcf ma chan duen hey memorial college:馬錦明慈善基金馬陳端喜紀念中學
mkomazi national park:姆科馬齊國家公園
mkpọchi Broich:布罗希城堡
mkushi district:姆庫希縣
mkushi:姆库希
mkuze:姆庫澤
