AYA:采
Ay-Chung Flour-Rice Noodle:阿宗麵線
Aya Napa:圣纳帕
Aya Sofya:阿亚索菲亚
Aya Sofya:阿亚索菲亚 / 阿亞索菲亞
Aya Sofya:阿亞索菲亞
Aya Sophia:阿亚索菲亚
Aya Sophia:阿亚索菲亚 / 阿亞索菲亞
Aya Sophia:阿亞索菲亞
Aya Sophiya:阿亚索菲亚
Aya Sophiya:阿亚索菲亚 / 阿亞索菲亞
Aya Sophiya:阿亞索菲亞
Aya Sopia:阿亚索菲亚
Aya Sopia:阿亚索菲亚 / 阿亞索菲亞
Aya Sopia:阿亞索菲亞
Aya-Cho:綾町
Aya-Cho:绫町
Aya:綾町
Aya:绫町
Ayabe-shi:綾部市
Ayabe-shi:绫部市
Ayabe:綾部市
Ayabe:绫部市
Ayacio:阿雅克肖
Ayadaw Township:阿亚道镇区
Ayadaw:阿亚道
Ayagan Manh Hôt:阿亚根满哈浩特
Ayagaoka Danchi:彩丘团地
Ayagaoka Danchi:彩丘團地
Ayagaoka-iriguchi:彩丘入口
Ayagaoka-kami:彩丘上
Ayagaoka-kita:彩丘北
Ayagaoka-naka:彩丘中
Ayagaoka-shimo:彩丘下
Ayagawa-Cho:綾川郡
Ayagawa-Cho:绫川町
Ayagawa:綾川郡
Ayagawa:绫川町
Ayagh Charek:阿亚克恰热克村
Ayagh Hasa'eriq:阿亚克阿萨艾日克村
Ayagh Kapa:​阿亚格喀帕村
Ayagh Kupsingi:阿亚格库普色额村
Ayagh Mengen:阿亚格曼干村
Ayagh Pahtekle:阿亚格帕合太克里村
Ayagh Qizilliq:阿亚克克孜勒克村
Ayagh Seriq'ata:阿亚克色日克阿塔村
Ayagh Shoghuz:阿亚格肖古孜村
Ayagh Shor:阿亚格肖尔村
Ayagh Sughun:阿亚克苏洪村
Ayagh Suzaq:阿亚克苏扎克村
Ayagh Tetir:​阿亚克铁提尔村
Ayagh Yar Cun:阿亚格亚村
Ayagoz:阿亞古茲
Ayagoʻz:阿亞古茲
Ayagq:阿雅嘎其
Ayagöz District:阿亚戈兹区
Ayagöz:阿亞古茲
Ayakkum Gölü:阿雅克库木湖
Ayalan:Àiěrlán
Ayalan:愛爾蘭
Ayalan:愛爾蘭共和國
Ayalan:爱尔兰
Ayalan:爱尔兰 / 愛爾蘭
Ayalandi:Àiěrlán
Ayalandi:愛爾蘭
Ayalandi:愛爾蘭共和國
Ayalandi:爱尔兰
Ayalandi:爱尔兰 / 愛爾蘭
Ayam Goreng Muiz:穆兹炸鸡
Ayamegaoka-kita:菖蒲丘北
Ayamegaoka:菖蒲丘
Ayan:阿扬
Ayancık:阿揚哲克
Ayanda Pet Grooming:阿旺达宠物造型
Ayang La:阿央拉
Ayang Leyak:下勒雅克
Ayang-dong:鵝陽洞
Ayang-dong:鹅阳洞
Ayang-ri:峨洋里
Ayang:鵝陽洞
Ayang:鹅阳洞
Ayanggyo:峨洋桥
Ayanggyo:峨洋橋
Ayano-Maysky Rayon:阿扬-迈斯基区
Ayano-Maysky Rayon:阿揚-邁斯基區
Ayanocho:绫之町
Ayanochō:绫之町
Ayaquz:阿亞古茲
Ayara:阿扎拉自治共和國
Ayara:阿查拉
Ayase-shi:綾瀨市
Ayase-shi:绫濑市
Ayase:綾瀨市
Ayase:绫濑市
Ayaso Gon:亚所寺
Ayasofya-i Kebir Câmi-i Şerifi:阿亚索菲亚
Ayasofya-i Kebir Câmi-i Şerifi:阿亚索菲亚 / 阿亞索菲亞
Ayasofya-i Kebir Câmi-i Şerifi:阿亞索菲亞
Ayasofya:阿亚索菲亚
Ayasofya:阿亚索菲亚 / 阿亞索菲亞
Ayasofya:阿亞索菲亞
Ayauta County:綾歌郡
Ayauta County:绫歌郡
Ayauta-Gun:綾歌郡
Ayauta-Gun:绫歌郡
Ayautacho-Kurikuma Higashi:綾歌町栗熊東
Ayautacho-Kurikuma Higashi:绫歌町栗熊东
Ayautacho-Kurikuma Nishi:綾歌町栗熊西
Ayautacho-Kurikuma Nishi:绫歌町栗熊西
Ayautacho-Okada Higashi:綾歌町岡田東
Ayautacho-Okada Higashi:绫歌町冈田东
Ayautacho-Okada Kami:綾歌町岡田上
Ayautacho-Okada Kami:绫歌町冈田上
Ayautacho-Okada Shimo:綾歌町岡田下
Ayautacho-Okada Shimo:绫歌町冈田下
Ayautacho-Tomikuma:綾歌町富熊
Ayautacho-Tomikuma:绫歌町富熊
Ayautachp-Okada Nishi:綾歌町岡田西
Ayautachp-Okada Nishi:绫歌町冈田西
Ayautachō-Kurikuma Higashi:綾歌町栗熊東
Ayautachō-Kurikuma Higashi:绫歌町栗熊东
Ayautachō-Kurikuma Nishi:綾歌町栗熊西
Ayautachō-Kurikuma Nishi:绫歌町栗熊西
Ayautachō-Okada Higashi:綾歌町岡田東
Ayautachō-Okada Higashi:绫歌町冈田东
Ayautachō-Okada Kami:綾歌町岡田上
Ayautachō-Okada Kami:绫歌町冈田上
Ayautachō-Okada Nishi:綾歌町岡田西
Ayautachō-Okada Nishi:绫歌町冈田西
Ayautachō-Okada Shimo:綾歌町岡田下
Ayautachō-Okada Shimo:绫歌町冈田下
Ayautachō-Tomikuma:綾歌町富熊
Ayautachō-Tomikuma:绫歌町富熊
Ayazhong:阿亚仲
Ayaş:阿亚什
Aybagh:阿依巴格鎮
Aybagh:阿依巴格镇
Aybak District:萨曼甘
Aybak District:萨曼甘/薩曼甘
Aybak District:薩曼甘
Aybak:萨曼甘
Aybak:萨曼甘/薩曼甘
Aybak:薩曼甘
Aybastı:艾巴斯特
Aybulaq:阿依布拉克社区
Ayd Home Furnishing:欧亚达建材家具金桥店
Aydaho:愛達荷州
Aydaho:爱达荷州
Aydarkul Lake:艾达尔库尔湖
Aydarkul lake:艾达尔库尔湖
Aydawo:愛達荷州
Aydawo:爱达荷州
Aydin:艾登 (土耳其)
Ayding Gölü:Àidīng Hú
Ayding Gölü:艾丁湖
Ayding aintzira:Àidīng Hú
Ayding aintzira:艾丁湖
Ayding:阿依丁村
Aydinghu:艾丁湖镇
Aydingkol-See:Àidīng Hú
Aydingkol-See:艾丁湖
Aydingkol:Àidīng Hú
Aydingkol:艾丁湖
Aydingkol:阿依丁库勒村
Aydykul':艾德庫利湖
Aydîn:艾登 (土耳其)
Aydın:艾登 (土耳其)
Aydıncık:阿伊登哲克
Aydıncıq:阿伊登哲克
Aye:阿也
Ayemeixu:阿耶美須
Ayeong-myeon:阿英面
Ayer Hitam Permanent Forest Reserve:蒲种阿依淡森林保护区
Ayer Hitam Permanent Forest Reserve:蒲種阿依淡森林保護區
Ayer Hitam Toll Plaza:亚依淡收费站
Ayer Itam Post Office:亚依淡邮政局
Ayer Itam Post Office:亞依淡郵政局
Ayer Itam River:亚依淡河
Ayer Itam River:亞依淡河
Ayer Itam Road:亚依淡路
Ayer Itam Road:亞依淡路
Ayer Keroh Rest Area:爱极乐公路服务区
Ayer Keroh:爱极乐
Ayer Puteh River:阿逸布爹河
Ayer Rajah Neighbourhood Police Post:亚逸拉惹邻里警局
Ayetharyar:艾达雅
Ayeyarwady:伊洛瓦底省
Ayghart:阿依尕尔特村
Ayhelia:Āěrjílìyà
Ayhelia:阿尔及利亚
Ayhelia:阿尔及利亚 / 阿爾及利亞
Ayhelia:阿爾及利亞
Ayi Expressway:阿伊高速
Ayi Village:阿夷里
Ayi:阿依
Ayia Napa:圣纳帕
Ayibei:阿義碑
Ayifto:Āijí
Ayifto:埃及
Ayige:阿宜格
Ayihe Interchange:阿依河互通
Ayihe Service Area:阿依河服务区
Ayihe Tollbooth:阿依河收费站
Ayila Ri’gyü:Ā yī lā rì jū
Ayila Ri’gyü:阿伊拉日居
Ayili:阿衣里
Ayina:āyīnà xiāng
Ayina:阿伊纳乡
Ayingagou:阿尹嘎沟
Ayisilandi:Bīngdǎo
Ayisilandi:冰岛
Ayisilandi:冰島
Ayisirandi:Bīngdǎo
Ayisirandi:冰岛
Ayisirandi:冰島
Ayiti:海地
Ayití (estat):海地
Ayizhuang:阿夷莊
Ayke Gölü:艾克湖
Aykhal:艾哈爾
Aykol:阿依库勒乡
Ayköl:阿依库勒镇
Aymara Culture Poncho:艾碼拉民送斗蓬
Aymenia:Yàměiníyà
Aymenia:亚美尼亚
Aymenia:亞美尼亞
Ayn Al Asad Airbase:阿萨德空军基地
Ayn El-Arab Bölgesi:艾因阿拉伯区
Ayn el Defla Vilayeti:艾因迪夫拉省
Ayn-Defla vilayəti:艾因迪夫拉省
Ayna Gölü:镜湖
Aynabastao Cun:阿依纳巴斯陶村
Aynacha Jach'a Markanaka:Hélán
Aynacha Jach'a Markanaka:荷兰
Aynacha Jach'a Markanaka:荷兰 / 荷蘭
Aynacha Jach'a Markanaka:荷蘭
Aynaji:艾納日
Ayni District:艾尼区
Aynoroz:阿索斯山神权共和国
Ayo Indonesia Brat:Yìndùníxīyà dōngbù biāozhǔn shíjiān
Ayo Indonesia Brat:印度尼西亚东部标准时间
Ayo Indonesia Brat:印度尼西亞東部標準時間
Ayod:阿约德
Ayollohco Mexihco:墨西哥湾
Ayollohco Mexihco:墨西哥灣
Ayon Island:艾翁岛
Ayona:愛奧那島
Ayong Gama Lake:āyŏnggămă cuò
Ayong Township:阿用乡
Ayong-Naweng Line:阿那线
Ayong:阿勇超市
Ayong:阿用
Ayong:阿用乡
Ayong:阿用村
Ayoowe:愛荷華州
Ayoowe:艾奥瓦州
Ayothaya Floating Market:阿育他耶水上市场
Ayothaya Floating Market:阿育他耶水上市場
Ayothaya Town Municipality:阿游她亚市
Ayothaya Town Municipality:阿游她亚市政厅
Ayothaya Town Municipality:阿游她亞市
Ayothaya Town Municipality:阿游她亞市政廳
Ayothaya:阿游她亚
Ayothaya:阿游她亞
Ayova:愛荷華州
Ayova:艾奥瓦州
Ayowa:愛荷華州
Ayowa:艾奥瓦州
Ayrborth Cam Ranh:金兰国际机场
Ayrborth Cam Ranh:金蘭國際機場
Ayrborth Con Dao:昆岛机场
Ayrborth Rach Gia:迪石机场
Ayrborth Sao Vang:寿春机场
Ayresome Gardens:艾雅蘇美公園球場
Ayrlaand:Àiěrlán
Ayrlaand:愛爾蘭
Ayrlaand:愛爾蘭共和國
Ayrlaand:爱尔兰
Ayrlaand:爱尔兰 / 愛爾蘭
Ayrshire Meridionale:南艾尔郡
Ayrshire Orientale:东艾尔郡
Ayrshire Settentrionale:北艾尔郡
Aysen del General Carlos Ibanez del Campo Region:艾森区
Aysén Region:伊瓦涅斯将军艾森大区
Aysén Region:伊瓦涅斯將軍艾森大區
Ayti (mama llaqta):海地
Ayti:海地
Ayton:雋睿
Ayu Dumpling:阿玉水餃
Ayu-no-Sato Koen (Ayu-no-Sato Park):鮎之裏公園
Ayu-no-Sato Koen (Ayu-no-Sato Park):鲇之里公园
Ayub National Stadium:纳瓦布阿克巴布格蒂板球体育场
Ayudong:阿渔栋
Ayue:阿月
Ayugahira:鮎平
Ayugahira:鲇平
Ayulin:啊玉林
Ayuman Suites:綺麗閣
Ayuman Suites:绮丽阁
Ayun Pa:阿云巴市社
Ayun Pa:阿雲巴市社
Ayunobu Danchi:鮎信團地
Ayunobu Danchi:鲇信团地
Ayuntamiento Central de Bata:巴塔市政厅
Ayuntamiento de Arakawa:荒川区政府
Ayuntamiento de Chełm:海乌姆市政厅
Ayuntamiento de Ciudad Ho Chi Minh:胡志明市政宮
Ayuntamiento de Estocolmo:斯德哥尔摩市政厅
Ayuntamiento de Estocolmo:斯德哥爾摩市政廳
Ayuntamiento de Malabo:马拉博市政厅
Ayuntamiento de Oporto:市政廳
Ayuntamiento de París:巴黎市政厅
Ayuntamiento de París:巴黎市政廳
Ayuntamiento de Tarnobrzeg:塔尔诺布热格市政厅
Ayuntamiento de Tiráspol:蒂拉斯波尔
Ayuntamiento de Varsovia:华沙市政厅
Ayuntamiento de Vic:比克市政廳
Ayuntamiento de la Ciudad Vieja:布拉格舊市政廳
Ayuntamiento de Łańcut:万楚特市政厅
Ayuntamiento y estatua de Rolando en la plaza del mercado de Bremen:不来梅市市场的市政厅和罗兰城
Ayuntamiento:塔林市政廳
Ayuntamiento:市政厅
Ayushan:āyùshān
Ayushan:ㄚㄩˋㄕㄢ
Ayushan:阿玉山
Ayutthaya Elephant Palace & Royal Kraal:大城大象營
Ayutthaya Elephant Palace & Royal Kraal:大城大象营
Ayutthaya Historic City Conservation Information Center:大城古城保护信息中心
Ayutthaya Historic City Conservation Information Center:大城古城保護信息中心
Ayutthaya Historical Park Office:阿瑜陀耶古城
Ayutthaya Historical Study Centre:大城历史研究中心
Ayutthaya Historical Study Centre:大城曆史研究中心
Ayutthaya Hú:大城府
Ayutthaya National Art Museum:大城国家艺术馆
Ayutthaya National Art Museum:大城國家藝術館
Ayutthaya Night Market:大城夜市
Ayutthaya Railway Station:大城火車站
Ayutthaya Railway Station:大城火车站
Ayutthaya Ship Building Industry and Technology College:大城造船工业学院
Ayutthaya Ship Building Industry and Technology College:大城造船工業學院
Ayutthaya Studies Institute:大城研究所
Ayutthaya Technical College:大城工学院
Ayutthaya Technical College:大城工學院
Ayutthaya Technological Commercial College:大城府商业技术学院
Ayutthaya Technological Commercial College:大城府商業技術學院
Ayutthaya Tourist Center:大城旅游咨询中心
Ayutthaya Tourist Center:大城旅遊諮詢中心
Ayutthaya Tourist Police:大城游客警察局
Ayutthaya Tourist Police:大城遊客警察局
Ayutthaya Vocational College:大城职业学院
Ayutthaya Vocational College:大城職業學院
Ayutthaya Witthayalai School:大城学校
Ayutthaya Witthayalai School:大城學校
Ayutthaya-fylket:大城府
Ayutthaya:大城
Ayutthaya:大城府
Ayutthaya:泰國大城船麵
Ayuwang Pagoda:阿育王塔
Ayuwang-Pagode:阿育王塔
Ayuxishan:āyùxīshān
Ayuxishan:ㄚㄩˋㄒㄧㄕㄢ
Ayuxishan:阿玉溪山
Ayvacık:艾瓦哲克
Ayvalık:艾瓦勒克
Ayxal:艾哈爾
Ayzkraukle:艾茲克勞克萊
Ayzpute:艾茲普泰
Ayı Adası:熊岛
ay sur moselle:摩泽尔河畔艾
aya asahina:朝比奈彩
aya emori:绘森彩
aya gozen:仙桃院
aya hirano:平野绫
aya hirayama:平山綾
aya hisakawa:久川绫
aya ishiguro:石黑彩
aya kamiki:上木彩矢
aya kanno:菅野文
aya kiguchi:木口亚矢
aya kyogoku:京极彩
aya liu:柳翰雅
aya matsuura:松浦亚弥
aya miyama:宫间绫
aya nakahara:中原亞矢
aya ohori:大堀彩
aya sameshima:鮫島彩
aya shameimaru:射命丸文
aya shibata:柴田阿彌
aya shimokozuru:下小鶴綾
aya sugimoto:杉本彩
aya suzaki:洲崎綾
aya terakawa:寺川綾
aya uchida:內田彩
aya ueto:上戶彩
aya yamane:山根綺
ayabaca district:阿亞巴卡區
ayabaca province:阿亞瓦卡省
ayabaca:阿亞瓦卡
ayabe domain:綾部藩
ayabe station:綾部車站
ayacucho district:阿亞庫喬區
ayacucho fc:阿耶古祖足球會
ayacucho just:阿亚库乔只
ayacucho region:阿亚库乔地区
ayacucho said:阿亚库乔说
ayacucho:阿亚库乔
ayadaw township:阿亞道鎮區
ayagawa station:綾川站
ayagoz district:阿亞戈茲區
ayagoz:阿亞古茲
ayahi takagaki:高垣彩陽
ayahuanco district:阿亞萬科區
ayahuasca is a:死藤水是一
ayahuasca is:死藤水是
ayahuasca offer:死藤水提供
ayahuasca:死藤水
ayaka asai:朝井彩加
ayaka discography:絢香作品列表
ayaka fujimoto:藤本彩花
ayaka fukuhara:福原綾香
ayaka hirahara:平原綾香
ayaka hironaka:弘中绫香
ayaka imamura:今村彩夏
ayaka imoto:井本彩花
ayaka kawasaki:河崎綾佳
ayaka komatsu:小松彩夏
ayaka konno:紺野彩夏
ayaka miyoshi:三吉彩花
ayaka nanase:七瀨彩夏
ayaka nishimura:西村綾加
ayaka nishiwaki:西脇綾香
ayaka otsu:大津绫香
ayaka sasaki:佐佐木彩夏
ayaka shimizu:清水彩香
ayaka shiomura:鹽村文夏
ayaka suwa:諏訪彩花
ayaka takahashi:高橋禮華
ayaka umeda:梅田彩佳
ayaka wada:和田彩花
ayaka:絢香
ayakashi no shiro:妖怪之城
ayakashi triangle:妖幻三重奏
ayako enomoto:榎本亞彌子
ayako fuji:藤彩子
ayako imoto:井本絢子
ayako kawasumi:川澄綾子
ayako kitamoto:北本綾子
ayako miura:三浦綾子
ayako moriya:守谷絢子
ayako okamoto:岡本綾子
ayako sakuramoto:櫻本絢子
ayako shiraishi:白石文子
ayako sono:曾野綾子
ayako suzuki:铃木亚弥子
ayako wakao:若尾文子
ayako yoshitani:吉谷彩子
ayakudi:阿耶库迪
ayala admitted:阿亚拉承认
ayala and singapore:阿亚拉和新加坡
ayala and:阿亚拉和
ayala avenue:阿亚拉大道
ayala believe:阿亚拉相信
ayala center:阿亚拉中心
ayala dancer:阿亚拉舞者
ayala had many:阿亚拉有许多
ayala had:阿亚拉有
ayala land:阿亚拉土地
ayala might:阿亚拉可能
ayala museum:阿亚拉博物馆
ayala proposed:阿亚拉提出
ayala push:阿亚拉推
ayala said:阿亚拉说
ayala school:阿亚拉学校
ayala share:阿亚拉分享
ayala station:阿亚拉站
ayala volunteer:阿亚拉志愿者
ayala:阿亚拉
ayam buah keluak:百加雞
ayam cemani:爪哇黑鸡
ayame goriki:剛力彩芽
ayame koike:小池彩夢
ayame misaki:水崎綾女
ayameike station:菖蒲池站
ayami kojima:小岛文美
ayami nakajo:中條彩未
ayamonte:阿亚蒙特
ayana gempei:源平彩南
ayana onozuka:小野冢彩那
ayana sakai:酒井彩名
ayana taketatsu:竹達彩奈
ayana tsubaki:椿彩奈
ayane konuma:小沼綺音
ayane kurihara:栗原文音
ayane sakura:佐仓绫音
ayane sakurano:櫻乃彩音
ayang rinpoche:安陽仁波切
ayanga:阿云嘎
ayanggyo station:峨洋桥站
ayanin:阿亚黄素
ayano egami:江上绫乃
ayano fukuda:福田彩乃
ayano kishi:岸彩乃
ayano kudo:工藤綾乃
ayano niina:新名彩乃
ayano shibuki:涩木绫乃
ayano shimizu:清水绫乃
ayano tsuji:辻亞彌乃
ayano yamamoto:山本彩乃
ayano yamane:山根绫乃
ayao komatsu:小松礼雄
ayaori station:绫织站
ayapa zoque:阿亚帕涅科语
ayapata district:阿亞帕塔區
ayapel:阿亞佩爾
ayaragi station:綾羅木站
ayarnangra estuarius:三角洲阿耶骨鮡
ayase station:綾瀨站
ayase ueda:上田綺世
ayashi station:爱子站
ayat sur sioule:锡乌勒河畔阿亚
ayataka:綾鷹
ayato endo:远藤彩斗
ayato sasakura:笹倉綾人
ayatollah ahmad:阿亚图拉艾哈迈德
ayatollah akbar:阿亚图拉阿克巴
ayatollah and his:阿亚图拉和他的
ayatollah and:阿亚图拉和
ayatollah muhammad:阿亚图拉穆罕默德
ayatollah regime:阿亚图拉政权
ayatollah was:阿亚图拉是
ayatollah:阿亚图拉
ayatsugu yamashita:山下斐紹
ayauca district:亞堯卡區
ayawasi airport:阿亚瓦西机场
ayd mill road:艾德磨坊路
aydamun:艾达蒙
ayden sng:孫政
ayding lake:艾丁湖
aydinids:艾登王朝
aydius:艾迪尤斯
aydoilles:艾杜瓦勒
aye aye:指猴
ayen ho:何璟昕
ayen:艾扬
ayencourt:阿扬库尔
ayent:艾揚
ayer bemban:亚逸文满
ayer hangat:热水湖州议席
ayer hitam parish:亚依淡区
ayer itam:亞依淡
ayer keroh:爱极乐
ayer rajah expressway:亚逸拉惹高速公路
ayer tawar:爱大华
ayerbe:阿耶韦
ayethaya:艾达亚
ayette:阿耶特
ayeyarwady region:伊洛瓦底省
aygudi:阿伊古迪
ayguemorte les graves:艾格莫尔特莱格拉沃
ayguetinte:艾格坦特
ayherre:阿耶尔
ayia napa fc:圣纳帕足球俱乐部
ayia napa:聖納帕
aying:艾英
ayke:艾克湖
aykhal:艾哈爾
aykol:阿依库勒乡
aylesbury high school:艾爾斯伯里高中
aylesbury vale:艾爾斯伯里韋爾
aylesbury:艾爾斯伯里
ayllu:艾柳
ayllusuchus:公社鱷屬
aylmer lake:艾爾默湖
aylsham:埃爾舍姆
aymara language:艾馬拉語
aymara people:艾马拉人
aymaraes province:艾馬賴斯省
aymavilles:艾马维尔
aymberedactylus:小蜥翼龙属
ayn al arab district:艾因阿拉伯区
ayn ghazal statues:安加扎勒雕像
ayn issa:艾因伊萨
ayna district:艾納區
aynaba district:埃因納博區
aynac:艾纳克
ayo district:阿約區
ayodhya crisis:阿约提亚危机
ayodhya district:阿约提亚县
ayodhya temple:阿约提亚庙
ayodhya:阿约提亚
ayolas:阿約拉斯
ayon island:艾翁島
ayopaya province:阿约帕亚县
ayopaya:阿約帕亞
ayora:艾奥拉
ayoreo language:扎穆科语
ayothiapattinam:阿约蒂亚帕蒂纳姆
ayoun el atrous:阿尤恩阿特魯斯
ayourou:阿約魯
ayr racecourse:艾爾賽馬場
ayr town hall:艾爾市政廳
ayran:爱兰
ayreon:亞力安傳說
ayres's hawk eagle:艾氏雕
ayresome park:艾雅蘇美公園球場
ayrshire cattle:愛爾夏牛
ayrshire:艾爾郡
ayse:艾斯
aysheaia:埃謝櫛蠶屬
aystetten:艾施泰滕
ayteke bi district:艾鐵克比區
aythya:潛鴨屬
aytoniaceae:疣冠苔科
aytos logistics center:艾托斯物流中心
aytos municipality:艾托斯市鎮
aytos point:艾托斯角
aytos:艾托斯
ayu dag:阿尤山
ayu islands:阿尤群島
ayu nakada:仲田步夢
ayu sweetfish:香魚
ayu tsukimiya:月宫亚由
ayub jamil:阿育嘉米尔
ayub rahmat:阿育拉末
ayuela:艾韦拉
ayuka khan:阿玉奇
ayuka suzuki:铃木步佳
ayukai station:鮎貝站
ayukawa station:鮎川站
ayukawa tetsuya award:鮎川哲也獎
ayuko ito:伊藤亚由子
ayuko suzuki:鈴木亞由子
ayuko tsukahara:塚原亞由子
ayumi beppu:別府步美
ayumi fujimura:藤村步
ayumi hamasaki discography:滨崎步作品列表
ayumi hamasaki:濱崎步
ayumi hara:原步
ayumi ito:伊藤步
ayumi kaihori:海堀步
ayumi karino:狩野亚由美
ayumi kataoka:片岡安祐美
ayumi kida:喜田亞由美
ayumi kinoshita:木下亞由美
ayumi komura:小村鮎海
ayumi mano:真野步
ayumi mine:峰步美
ayumi morita:森田步美
ayumi murata:村田步
ayumi niekawa:牲川步見
ayumi ogasawara:小笠原步
ayumi oya:大矢步
ayumi shiina:椎名愛弓
ayumi takada:高田步美
ayumi tanimoto:谷本步實
ayumi tsuji:辻步美
ayumi tsunematsu:恒松步
ayumi uekusa:植草步
ayumodoki:短薄鳅
ayumu goromaru:五郎丸步
ayumu hirano:平野步夢
ayumu ishikawa:石川步
ayumu mochizuki:望月步
ayumu murase:村瀨步
ayumu seko:瀨古步夢
ayumu watanabe:渡邊步
ayun pa:阿云巴市社
ayurbarwada buyantu khan:元仁宗
ayuri konno:今野鮎莉
ayurveda and yoga centre:阿育吠陀和瑜伽中心
ayurveda and yoga:阿育吠陀和瑜伽
ayurveda and:阿育吠陀和
ayurveda are ancient:阿育吠陀是古
ayurveda are:阿育吠陀是
ayurveda can:阿育吠陀可以
ayurveda certification:阿育吠陀认证
ayurveda doctor:阿育吠陀医生
ayurveda doctors:阿育吠陀医生
ayurveda is a:阿育吠陀是一
ayurveda is a:阿育吠陀是一个
ayurveda is teach:阿育吠陀是教
ayurveda is:阿育吠陀是
ayurveda massage:阿育吠陀按摩
ayurveda medicine:阿育吠陀医学
ayurveda of:阿育吠陀的
ayurveda or digital media:阿育吠陀或数字媒体
ayurveda or:阿育吠陀或
ayurveda practice:阿育吠陀实践
ayurveda school:阿育吠陀学校
ayurveda skin:阿育吠陀皮肤
ayurveda teach:阿育吠陀教
ayurveda treatment:阿育吠陀治疗
ayurveda villa:阿育吠陀别墅
ayurveda:阿育吠陀
ayusi:阿玉錫
ayutthaya historical park:阿瑜陀耶古城
ayutthaya kingdom:阿瑜陀耶王国
ayutuxtepeque:阿尤圖斯特佩克
ayuwang pagoda:代县阿育王塔
aywaille:艾瓦耶
ayyalur:阿伊耶卢尔
ayyavazhi is:阿亞瓦芝是
ayyavazhi:阿亞瓦芝
ayyubid dynasty as well:阿尤布王朝也
ayyubid dynasty:阿尤布王朝
ayzieu:艾济约
