צ'אגואנס:查瓜納斯
צ'אד:Zhàdé
צ'אד:乍得
צ'אד:乍得 / 查德
צ'אד:查德
צ'איאונו:卡育努
צ'אנגצ'ון:Chángchūn Shì
צ'אנגצ'ון:長春
צ'אנגצ'ון:長春市
צ'אנגצ'ון:长春市
צ'אנגשה:Chángsha-Shìh
צ'אנגשה:Chángshā Shì
צ'אנגשה:長沙
צ'אנגשה:長沙市
צ'אנגשה:长沙市
צ'אנגשו:Chángshú Shì
צ'אנגשו:常熟
צ'אנגשו:常熟市
צ'אנדיגאר:昌迪加尔
צ'אסיב יאר:恰索夫亞爾
צ'אצ'אק:查查克
צ'אקו:查科省
צ'אקובץ:查科韋茨
צ'אקובץ:查科韦茨
צ'ארי:沙里河
צ'אשניקי:恰什尼基
צ'בהאר:哈赫巴哈尔
צ'בוקסרי:切博克萨雷
צ'בוקסרי:切博克薩雷
צ'ברקול:切巴爾庫爾
צ'הארמחאל ובח'תיארי:恰哈馬哈勒－巴赫蒂亞里省
צ'הארמחאל ובח'תיארי:恰哈马哈勒－巴赫蒂亚里省
צ'הל סותון:四十柱宫
צ'ובוט:丘布特省
צ'ודניב:丘德尼夫
צ'והוייב:丘胡伊夫
צ'וחטאורי:喬哈陶里
צ'ויבלסאן:乔巴山
צ'ויבלסאן:喬巴山
צ'ונגצ'ינג:Chongqing
צ'ונגצ'ינג:Chóngqìng shì
צ'ונגצ'ינג:重庆市
צ'ונגצ'ינג:重慶市
צ'ופ:喬普
צ'ורו:喬魯赫河
צ'ורנומורסק:喬爾諾莫爾斯克
צ'ושימארו:銚子丸
צ'יאנג מאי:清迈府
צ'יאנג מאי:清邁府
צ'יאנג ראי:清莱府
צ'יאנג ראי:清萊府
צ'יאתורה:奇阿圖拉
צ'יטאי:奇台县
צ'יטאי:奇臺縣
צ'יטגונג:吉大港
צ'יטגונג:吉大港市
צ'יטה:赤塔
צ'ייאן:奇廉
צ'ילה:智利
צ'ינגהאי:Qīnghǎi Shěng
צ'ינגהאי:青海省
צ'יסטופול:奇斯托波尔
צ'ישמי:奇什梅
צ'כיה:Jiékè
צ'כיה:捷克
צ'ליאבינסק (מחוז):車里雅賓斯克州
צ'ליאבינסק (מחוז):车里雅宾斯克州
צ'ליאבינסק:車里雅賓斯克
צ'ליאבינסק:车里雅宾斯克
צ'לסי:切尔西足球俱乐部
צ'לסי:車路士足球會
צ'נאי:金奈
צ'נגדו:Chéngdū Shì
צ'נגדו:成都市
צ'נקלה:恰納卡萊
צ'סקה בודייוביצה:捷克布杰约维采
צ'צ'ניה:车臣共和国
צ'ק פוינט צ'ארלי:查理檢查哨
צ'ק-אין עצמי:自助值机
צ'רלאק:切尔拉克
צ'רמיק:切爾米克
צ'רנוביל:切尔诺贝利
צ'רנוביץ:切爾諾夫策
צ'רניאחובסק:切尔尼亚霍夫斯克
צ'רניהיב:切尔尼戈夫
צ'רסקי:切爾斯基
צ'רפובץ:切列波韋茨
צ'רקאסי:切尔卡瑟
צ'רקסק:切尔克斯克
צ'רקסק:切爾克斯克
צ'שייר:柴郡
צ'שייר:車士打郡
צאנז:新松奇
צוקי מוהר:莫赫悬崖
צוקי מוהר:莫赫懸崖
צור:泰尔
צחינוואלי:茨欣瓦利
צחלטובו:茨卡爾圖博
צטיניה:切庭耶
צטיניה:策提涅
צטיניה:采蒂涅
ציריך:苏黎世
ציריך:苏黎世州
ציריך:蘇黎世
ציריך:蘇黎世州
צכיה:Jiékè
צכיה:捷克
צליה:采列
צנעא (מחוז):薩那省
צנעא:萨那
צנעא:薩那
צעדה (מחוז):萨达省
צענטער דיסטריקט (ישראל):中央区 (以色列)
צענטער דיסטריקט (ישראל):中央區 (以色列)
צפון אוסטיה - אלניה:北奥塞梯—阿兰共和国
צפון אוסטיה - אלניה:北奧塞梯—阿蘭
צפון אוסטיה - אלניה:北奧塞梯—阿蘭共和國
צפון אירלאנד:北愛爾蘭
צפון אירלאנד:北爱尔兰
צפון אירלאנד:北爱尔兰 / 北愛爾蘭
צפון אירלנד:北愛爾蘭
צפון אירלנד:北爱尔兰
צפון אירלנד:北爱尔兰 / 北愛爾蘭
צפון בחר אל-ע'זאל:北加扎勒河州
צפון דארפור:北达尔富尔州
צפון דעקאטע:北达科他州
צפון דעקאטע:北達科他州
צפון ח'וראסאן:北呼罗珊省
צפון ח'וראסאן:北呼羅珊省
צפון סיני:北西奈省
צפון קאראליינע:北卡罗来纳州
צפון קאראליינע:北卡羅萊那州
צפון קארעע:Cháoxiǎn
צפון קארעע:北韓
צפון קארעע:朝鮮
צפון קארעע:朝鮮民主主義人民共和國
צפון קארעע:朝鲜
צפון קארעע:朝鲜 / 北韓
צרס:茨雷斯
צרס:茨雷斯岛
צרס:茨雷斯島
צרפת - מונאקו:法国 - 摩纳哥
צרפת - מונאקו:法國 - 摩納哥
צרפת המטרופוליטנית:法国本土
צרפת המטרופוליטנית:法國本土
צרפת המטרופוליטנית:法國本土/法国本土
צרפת:Fǎguó
צרפת:法国
צרפת:法国/法國
צרפת:法國
צרפת:法國/法国
צ׳יאתורה:奇阿圖拉
