I-Accra:阿克拉
I-Afganistani:Āfùhàn
I-Afganistani:阿富汗
I-Afugani:Āfùhàn
I-Afugani:阿富汗
I-Albaniya:Āěrbāníyà
I-Albaniya:阿尔巴尼亚
I-Albaniya:阿爾巴尼亞
I-Algeria:Āěrjílìyà
I-Algeria:阿尔及利亚
I-Algeria:阿尔及利亚 / 阿爾及利亞
I-Algeria:阿爾及利亞
I-Alibheniya:Āěrbāníyà
I-Alibheniya:阿尔巴尼亚
I-Alibheniya:阿尔巴尼亚 / 阿爾巴尼亞
I-Alibheniya:阿爾巴尼亞
I-Alijeriya:Āěrjílìyà
I-Alijeriya:阿尔及利亚
I-Alijeriya:阿尔及利亚 / 阿爾及利亞
I-Alijeriya:阿爾及利亞
I-Alpasa, Factory:阿爾帕薩工廠
I-Amsterdami:阿姆斯特丹
I-Andora:Āndàoěr
I-Andora:安道尔
I-Andora:安道尔 / 安道爾
I-Andora:安道爾
I-Angola:Āngēlā
I-Angola:安哥拉
I-Antatika:南极洲
I-Antatika:南极洲/南極洲
I-Antatika:南極洲
I-Arabhiya:Shātè Ālābó
I-Arabhiya:沙地阿拉伯
I-Arabhiya:沙烏地阿拉伯
I-Arabhiya:沙特阿拉伯
I-Arabhiya:沙特阿拉伯 / 沙烏地阿拉伯
I-Arcola:Ā kē lā
I-Arcola:阿科拉
I-Arimeniya:Yàměiníyà
I-Arimeniya:亚美尼亚
I-Arimeniya:亚美尼亚 / 亞美尼亞
I-Arimeniya:亞美尼亞
I-Asunción Bus Terminal:亞松森巴士總站
I-Athene:雅典
I-Awashima Shrine:粟嶋宮
I-Ayisilandi:冰岛
I-Ayisilandi:冰岛 / 冰島
I-Ayisilandi:冰島
I-Berlin:柏林
I-Choshi Shokogyo Shinyo Kumiai:銚子商工信用組合
I-Choushimaru:銚子丸
I-Curaçao:古拉索
I-Curaçao:库拉索
I-Curaçao:庫拉索
I-Dollar Jikelele:美元一般
I-Eritrea:厄利垂亞
I-Eritrea:厄立特里亚
I-Eritrea:厄立特里亞
I-Estoniya:愛沙尼亞
I-Estoniya:爱沙尼亚
I-Estoniya:爱沙尼亚 / 愛沙尼亞
I-Factory:价值工厂
I-Feng Mansions:益豐大廈
I-HUB:逢甲智慧創新港
I-Helsinki:赫尔辛基
I-Helsinki:赫爾辛基
I-Indonesia:印尼
I-Indonesia:印度尼西亚
I-Indonesia:印度尼西亚 / 印度尼西亞
I-Indonesia:印度尼西亞
I-Irakhi:Yīlākè
I-Irakhi:伊拉克
I-Iraki:Yīlākè
I-Iraki:伊拉克
I-Irani:Yīlǎng
I-Irani:伊朗
I-Itali - kwisiXeko saseVatican:意大利-梵蒂冈
I-Itali - kwisiXeko saseVatican:意大利-梵蒂岡
I-Itali - kwisiXeko saseVatican:義大利-梵蒂岡
I-MEI food:義美食品
I-MEI:義美
I-Mei Foods:義美食品
I-Nakazawa Yuko Judicial Scrivener Office:中澤裕子司法書士事務所
I-Ning High School(Dongda Road):宜寧中學(東大路)
I-Ning High School:宜寧中學
I-Ostreliya:圣诞岛
I-Ostreliya:圣诞岛 / 聖誕島
I-Ostreliya:澳大利亚
I-Ostreliya:澳大利亚 / 澳洲
I-Ostreliya:澳大利亞洲
I-Ostreliya:澳洲
I-Ostreliya:聖誕島
I-Ostriya:奥地利
I-Ostriya:奧地利
I-Schoenstatt Young Shrine:舍恩施塔特年輕神社
I-Schoenstatt Young Shrine:舍恩施塔特年轻神社
I-Sheng Dental clinic:愛生牙醫診所
I-Shou University Station:義守大學站
I-Soho:艾索髮藝
I-Svalbard ne-Jan Mayen:斯瓦尔巴特和扬马延
I-Yoder:尤德
I-Yokoshibahikari Public Library:橫芝光町公共圖書館
I-dong:二洞
I-dong:梨洞
I-ha̍k Jîn-bûn-koán:醫學人文館
I-ha̍k Jîn-bûn-kuán:醫學人文館
I-jang:Yìyáng Shì
I-jang:益阳市
I-jang:益陽
I-jang:益陽市
I-lan:Yílán Siàn
I-lan:Yílán Xiàn
I-lan:宜兰县
I-lan:宜蘭縣
I-pin:Yíbīn Shì
I-pin:宜宾市
I-pin:宜賓
I-pin:宜賓市
I-thong Kong-hn̂g:伊通公園
I-thong-koe 106-hāng:伊通街106巷
I-thong-koe 125-hāng:伊通街125巷
I-thong-koe 19-hāng:伊通街19巷
I-thong-koe 52-hāng:伊通街52巷
I-thong-koe 59-hāng:伊通街59巷
I-thong-koe 66-hāng:伊通街66巷
I-thong-koe 87-hāng:伊通街87巷
I-thong-koe 99-hāng:伊通街99巷
I-thong-koe:伊通街
I-thong-kue 106-hāng:伊通街106巷
I-thong-kue 125-hāng:伊通街125巷
I-thong-kue 19-hāng:伊通街19巷
I-thong-kue 52-hāng:伊通街52巷
I-thong-kue 59-hāng:伊通街59巷
I-thong-kue 66-hāng:伊通街66巷
I-thong-kue 87-hāng:伊通街87巷
I-thong-kue 99-hāng:伊通街99巷
I-thong-kue:伊通街
I-tipsy:愛微醺餐酒館
I-wu:Yìwū Shì
I-wu:义乌市
I-wu:義烏
I-wu:義烏市
I-čchang:Yíchāng Shì
I-čchang:宜昌
I-čchang:宜昌市
I-čchun:Yíchūn Shì
I-čchun:Yīchūn Shì
I-čchun:伊春市
I-čchun:宜春
I-čchun:宜春市
i-Afghanistan:Āfùhàn
i-Afghanistan:阿富汗
i-Albania:Āěrbāníyà
i-Albania:阿尔巴尼亚
i-Albania:阿尔巴尼亚 / 阿爾巴尼亞
i-Albania:阿爾巴尼亞
i-Algeria:Āěrjílìyà
i-Algeria:阿尔及利亚
i-Algeria:阿尔及利亚 / 阿爾及利亞
i-Algeria:阿爾及利亞
i-Alijeriya:Āěrjílìyà
i-Alijeriya:阿尔及利亚
i-Alijeriya:阿尔及利亚 / 阿爾及利亞
i-Alijeriya:阿爾及利亞
i-Andorra:Āndàoěr
i-Andorra:安道尔
i-Andorra:安道尔 / 安道爾
i-Andorra:安道爾
i-Angola:Āngēlā
i-Angola:安哥拉
i-Anguilla:安吉拉
i-Anguilla:安圭拉
i-Anguilla:安圭拉 / 安吉拉
i-Antigua and Barbuda:安地卡及巴布達
i-Antigua and Barbuda:安提瓜和巴布达
i-Antigua and Barbuda:安提瓜和巴布達
i-Antigua and Barbuda:安提瓜巴布達
i-Argentina:阿根廷
i-Armenia:Yàměiníyà
i-Armenia:亚美尼亚
i-Armenia:亚美尼亚 / 亞美尼亞
i-Armenia:亞美尼亞
i-Australia:澳大利亚
i-Australia:澳大利亚 / 澳洲
i-Australia:澳洲
i-Austria:Àodìlì
i-Austria:奥地利
i-Azerbaijan:Āsàibàijiāng
i-Azerbaijan:亞塞拜然
i-Azerbaijan:阿塞拜疆
i-Azerbaijan:阿塞拜疆 / 亞塞拜然
i-Bahamas:巴哈馬
i-Bahamas:巴哈马
i-Bahamas:巴哈马 / 巴哈馬
i-Bahrain:Bālín
i-Bahrain:巴林
i-Bangladesh:Mèngjiālāguó
i-Bangladesh:孟加拉
i-Bangladesh:孟加拉国
i-Bangladesh:孟加拉国 / 孟加拉
i-Bangladesh:孟加拉國
i-Barbados:巴巴多斯
i-Barbados:巴巴多斯 / 巴貝多
i-Barbados:巴貝多
i-Belgium:Bǐlìshí
i-Belgium:比利时
i-Belgium:比利时 / 比利時
i-Belgium:比利時
i-Belize:伯利兹
i-Belize:伯利兹 / 貝里斯
i-Belize:伯利茲
i-Belize:貝里斯
i-Benin:Bèiníng
i-Benin:貝南
i-Benin:貝寧
i-Benin:贝宁
i-Benin:贝宁 / 貝南
i-Bermuda:百慕大
i-Bermuda:百慕大 / 百慕達
i-Bermuda:百慕達
i-Bhutan:Bùdān
i-Bhutan:不丹
i-Bolivia:玻利維亞
i-Bolivia:玻利维亚
i-Bolivia:玻利维亚 / 玻利維亞
i-Bosnia ne-Herzegovina:Bōsīníyà hé Hēisāigēwéinà
i-Bosnia ne-Herzegovina:波士尼亞與赫塞哥維納
i-Bosnia ne-Herzegovina:波斯尼亚和黑塞哥维纳
i-Bosnia ne-Herzegovina:波斯尼亚和黑塞哥维纳 / 波士尼亞與赫塞哥維納 / 波斯尼亞和黑塞哥維那
i-Bosnia ne-Herzegovina:波斯尼亚和黑塞哥维那
i-Bosnia ne-Herzegovina:波斯尼亞
i-Bosnia ne-Herzegovina:波斯尼亞和黑塞哥維那
i-Botswana:Bócíwǎnà
i-Botswana:博茨瓦納
i-Botswana:博茨瓦纳
i-Botswana:博茨瓦纳 / 波札那
i-Botswana:波札那
i-Botswana:波茨華拿
i-Brazil:巴西
i-British Indian Ocean Territory:Yīngshǔ Yìndùyáng Lǐngdì
i-British Indian Ocean Territory:英属印度洋领地
i-British Indian Ocean Territory:英属印度洋领地 | 英屬印度洋領地
i-British Indian Ocean Territory:英屬印度洋領地
i-British Virgin Islands:英属维尔京群岛
i-British Virgin Islands:英属维尔京群岛 / 英屬維京群島
i-British Virgin Islands:英屬維京群島
i-British Virgin Islands:英屬維爾京群島
i-British Virgin Islands:英屬處女群島
i-Brunei:Wénlái
i-Brunei:文莱
i-Brunei:文莱 / 汶萊
i-Brunei:汶萊
i-Burkina Faso:Bùjīnàfǎsuǒ
i-Burkina Faso:布吉納法索
i-Burkina Faso:布基納法索
i-Burkina Faso:布基纳法索
i-Burkina Faso:布基纳法索 / 布吉納法索
i-Burundi:Bùlóngdí
i-Burundi:布隆迪
i-Burundi:布隆迪 / 蒲隆地
i-Burundi:蒲隆地
i-Cambodia:Gāomián
i-Cambodia:柬埔寨
i-Cameroon:Kāmàilóng
i-Cameroon:喀麥隆
i-Cameroon:喀麦隆
i-Cameroon:喀麦隆 / 喀麥隆
i-Canada:Jiānádà
i-Canada:加拿大
i-Cape Verde:佛得角
i-Cape Verde:佛得角 / 維德角
i-Cape Verde:維德角
i-Cayman Islands:开曼群岛
i-Cayman Islands:开曼群岛 / 開曼群島
i-Cayman Islands:開曼群島
i-Central African Republic:Zhōng Fēi
i-Central African Republic:中非
i-Central African Republic:中非共和國
i-Chad:Zhàdé
i-Chad:乍得
i-Chad:乍得 / 查德
i-Chad:查德
i-Chile:智利
i-China:Zhōngguó
i-China:中国
i-China:中國
i-China:中華人民共和國
i-Cocos (Keeling) Islands:科科斯（基林）群島
i-Colombia:哥伦比亚
i-Colombia:哥伦比亚 / 哥倫比亞
i-Colombia:哥倫比亞
i-Comoros:Kēmóluò
i-Comoros:科摩罗
i-Comoros:科摩罗 / 葛摩 / 科摩洛
i-Comoros:葛摩
i-Comoros:葛摩 / 科摩洛
i-Cook Islands:库克群岛
i-Cook Islands:库克群岛 / 庫克群島
i-Cook Islands:庫克群島
i-Cook Islands:曲克群島
i-Costa Rica:哥斯大黎加
i-Costa Rica:哥斯达黎加
i-Costa Rica:哥斯达黎加 / 哥斯大黎加
i-Costa Rica:哥斯達黎加
i-Costa Rica:哥斯達黎加 / 哥斯大黎加
i-Cuba:古巴
i-Cup:艾卡卜
i-Cyprus:Sàipǔlùsī
i-Cyprus:塞浦路斯
i-Cyprus:塞浦路斯/賽普勒斯
i-Cyprus:賽普勒斯
i-Czech Republic:Jiékè
i-Czech Republic:捷克
i-Denmark:Dānmài
i-Denmark:丹麥
i-Denmark:丹麦
i-Denmark:丹麦 / 丹麥
i-Dominica:多米尼克
i-Dominican Republic:多明尼加
i-Dominican Republic:多米尼加
i-East Timor:东帝汶
i-East Timor:东帝汶 / 東帝汶
i-East Timor:東帝汶
i-Ecuador:厄瓜多
i-Ecuador:厄瓜多尔
i-Ecuador:厄瓜多尔 / 厄瓜多
i-Ecuador:厄瓜多爾
i-Egypt:Āijí
i-Egypt:埃及
i-El Salvador:萨尔瓦多
i-El Salvador:萨尔瓦多 / 薩爾瓦多
i-El Salvador:薩爾瓦多
i-Equatorial Guinea:Chìdào Jīnèiyà
i-Equatorial Guinea:赤道几内亚
i-Equatorial Guinea:赤道几内亚 / 赤道幾內亞
i-Equatorial Guinea:赤道幾內亞
i-Equatorial Guinea:赤道畿內亞
i-Eritrea:Èlìtèlǐyà
i-Eritrea:厄利垂亞
i-Eritrea:厄立特里亚
i-Eritrea:厄立特里亚 / 厄利垂亞
i-Eritrea:厄立特里亞
i-Estonia:Àishāníyà
i-Estonia:愛沙尼亞
i-Estonia:爱沙尼亚
i-Ethiopia:Āisàiébǐyà
i-Ethiopia:埃塞俄比亚
i-Ethiopia:埃塞俄比亚 / 衣索比亞
i-Ethiopia:埃塞俄比亞
i-Ethiopia:衣索比亞
i-Falkland Islands (i-Islas Malvinas):福克兰群岛
i-Falkland Islands (i-Islas Malvinas):福克兰群岛 / 福克蘭群島
i-Falkland Islands (i-Islas Malvinas):福克蘭群島
i-Faroe Islands:Fǎluóqúndǎo
i-Faroe Islands:法罗群岛
i-Faroe Islands:法罗群岛 / 法羅群島
i-Faroe Islands:法羅群島
i-Fiji:斐济
i-Fiji:斐济 / 斐濟
i-Fiji:斐濟
i-Finland:Fēnlán
i-Finland:芬兰
i-Finland:芬兰 / 芬蘭
i-Finland:芬蘭
i-French Polynesia:法属波利尼西亚
i-French Polynesia:法属波利尼西亚 / 法屬玻里尼西亞
i-French Polynesia:法屬玻里尼西亞
i-Gabon:Jiāpéng
i-Gabon:加彭
i-Gabon:加蓬
i-Gabon:加蓬 / 加彭
i-Gambia:Gāngbǐyà
i-Gambia:冈比亚
i-Gambia:冈比亚 / 甘比亞
i-Gambia:岡比亞
i-Gambia:甘比亞
i-Georgia:GéLǔJíYà
i-Georgia:喬治亞
i-Georgia:格魯吉亞
i-Georgia:格鲁吉亚
i-Georgia:格鲁吉亚 / 喬治亞
i-Ghana:Jiānà
i-Ghana:加納
i-Ghana:加纳
i-Ghana:迦納
i-Greenland:Gélínglán
i-Greenland:格陵兰
i-Greenland:格陵蘭
i-Grenada:格林納達
i-Grenada:格林纳达
i-Grenada:格林纳达 / 格瑞那達
i-Grenada:格瑞那達
i-Guadeloupe:瓜德罗普
i-Guinea-Bissau:Jīnèiyà Bǐshào
i-Guinea-Bissau:几内亚比绍
i-Guinea-Bissau:几内亚比绍 / 幾內亞比索
i-Guinea-Bissau:幾內亞比索
i-Guinea-Bissau:幾內亞比紹
i-Guinea-Bissau:畿內亞比紹
i-Guinea:Jīnèiyà
i-Guinea:几内亚
i-Guinea:几内亚 / 畿內亞
i-Guinea:幾內亞
i-Guinea:畿內亞
i-Guyana:圭亚那
i-Guyana:圭亚那 / 蓋亞那 / 圭亞那
i-Guyana:圭亞那
i-Guyana:蓋亞那
i-Guyana:蓋亞那 / 圭亞那
i-Haiti:海地
i-Honduras:宏都拉斯
i-Honduras:洪都拉斯
i-Hungary:Xiōngyálì
i-Hungary:匈牙利
i-Iceland:Bīngdǎo
i-Iceland:冰岛
i-Iceland:冰島
i-India:Yìndù
i-India:印度
i-Iran:Yīlǎng
i-Iran:伊朗
i-Ireland:Àiěrlán
i-Ireland:愛爾蘭
i-Ireland:愛爾蘭共和國
i-Ireland:爱尔兰
i-Ireland:爱尔兰 / 愛爾蘭
i-Italy:Yìdàlì
i-Italy:意大利
i-Italy:意大利 / 義大利
i-Italy:義大利
i-Ithiopia:Āisàiébǐyà
i-Ithiopia:埃塞俄比亚
i-Ithiopia:埃塞俄比亞
i-Ithiopia:衣索比亞
i-Ivory Coast:Kētèdíwǎ
i-Ivory Coast:科特迪瓦
i-Ivory Coast:科特迪瓦 / 象牙海岸
i-Ivory Coast:象牙海岸
i-Jamaica:牙买加
i-Jamaica:牙買加
i-Jordan:Yuēdàn
i-Jordan:約旦
i-Jordan:约旦
i-Jordan:约旦 / 約旦
i-Kazakhstan:Hāsàkèsītǎn
i-Kazakhstan:哈萨克斯坦
i-Kazakhstan:哈萨克斯坦/哈薩克
i-Kazakhstan:哈薩克
i-Kenya:Kěnníyà
i-Kenya:肯亞
i-Kenya:肯尼亚
i-Kenya:肯尼亚 / 肯亞
i-Kenya:肯尼亞
i-Kenya:肯雅
i-Kiribati:吉里巴斯
i-Kiribati:基里巴斯
i-Kiribati:基里巴斯 / 吉里巴斯
i-Kuwait:Kēwēitè
i-Kuwait:科威特
i-Kyrgyzstan:吉尔吉斯斯坦
i-Laos:Liáo guó
i-Laos:Lǎowō
i-Laos:寮国
i-Laos:寮國
i-Laos:老挝
i-Laos:老挝 / 寮國
i-Laos:老撾
i-Latvia:Lātuōwéiyà
i-Latvia:拉脫維亞
i-Latvia:拉脱维亚
i-Latvia:拉脱维亚 / 拉脫維亞
i-Lebanon:Líbānèn
i-Lebanon:黎巴嫩
i-Liberia:Lìbǐlǐyà
i-Liberia:利比利亞
i-Liberia:利比里亚
i-Liberia:利比里亚 / 賴比瑞亞
i-Liberia:利比里亞
i-Liberia:賴比瑞亞
i-Libya:Lìbǐyà
i-Libya:利比亚
i-Libya:利比亚 / 利比亞
i-Libya:利比亞
i-Lithuania:Lìtáowǎn
i-Lithuania:立陶宛
i-Luxembourg:Lúsenbao
i-Luxembourg:卢森堡
i-Luxembourg:盧森堡
i-Madagascar:Mǎdájiāsījiā
i-Madagascar:馬達加斯加
i-Madagascar:马达加斯加
i-Madagascar:马达加斯加 / 馬達加斯加
i-Malawi:Mǎlāwéi
i-Malawi:馬拉威
i-Malawi:馬拉維
i-Malawi:马拉维
i-Malawi:马拉维 / 馬拉威
i-Malaysia:Mǎláixīyà
i-Malaysia:馬來西亞
i-Malaysia:马来西亚
i-Maldives:Mǎěrdàifū
i-Maldives:馬爾代夫
i-Maldives:馬爾地夫
i-Maldives:马尔代夫
i-Maldives:马尔代夫/馬爾地夫
i-Mali:馬利
i-Mali:馬里
i-Mali:马里
i-Mali:马里 / 馬利
i-Malta:Mǎěrtā
i-Malta:馬爾他
i-Malta:馬爾他 / 馬耳他
i-Malta:馬耳他
i-Malta:马耳他
i-Malta:马耳他 / 馬爾他 / 馬耳他
i-Marshall Islands:馬紹爾群島
i-Marshall Islands:马绍尔群岛
i-Marshall Islands:马绍尔群岛 / 馬紹爾群島
i-Martinique:馬提尼克
i-Martinique:马提尼克
i-Mauritania:Máolǐtǎníyà
i-Mauritania:毛里塔尼亚
i-Mauritania:毛里塔尼亚 / 茅利塔尼亞
i-Mauritania:毛里塔尼亞
i-Mauritania:茅利塔尼亞
i-Mauritius:Máolǐqiúsī
i-Mauritius:模里西斯
i-Mauritius:毛里求斯
i-Mauritius:毛里求斯 / 模里西斯
i-Mayotte:馬約特
i-Mayotte:马约特
i-Mayotte:马约特 / 馬約特
i-Micronesia:密克罗尼西亚
i-Micronesia:密克罗尼西亚 / 密克羅尼西亞
i-Micronesia:密克羅尼西亞
i-Moldova:Móěrduōwă
i-Moldova:摩尔多瓦
i-Moldova:摩尔多瓦 / 摩爾多瓦
i-Moldova:摩爾多瓦
i-Mongolia:蒙古
i-Mongolia:蒙古国
i-Mongolia:蒙古國
i-Montenegro:蒙特內哥羅
i-Montenegro:黑山
i-Montenegro:黑山 / 蒙特內哥羅
i-Montserrat:蒙哲臘
i-Montserrat:蒙塞拉特島
i-Montserrat:蒙特塞拉特
i-Morocco:Móluògē
i-Morocco:摩洛哥
i-Mozambique:Mòsāngbǐkè
i-Mozambique:莫三比克
i-Mozambique:莫三鼻給
i-Mozambique:莫桑比克
i-Mozambique:莫桑比克 / 莫三比克
i-Namibia:Nàmǐbǐyà
i-Namibia:納米比亞
i-Namibia:纳米比亚
i-Namibia:纳米比亚 / 納米比亞
i-Nauru:瑙魯
i-Nepal:Níbóěr
i-Nepal:尼泊尔
i-Nepal:尼泊尔 / 尼泊爾
i-Nepal:尼泊爾
i-New Caledonia:新喀里多尼亚
i-New Zealand:新西兰
i-New Zealand:新西蘭
i-New Zealand:紐西蘭
i-New Zealand:紐西蘭/新西兰
i-Nicaragua:尼加拉瓜
i-Niger:Nírìěr
i-Niger:尼日
i-Niger:尼日尔
i-Niger:尼日尔 / 尼日
i-Niger:尼日爾
i-Nigeria:Nírìlìyà
i-Nigeria:奈及利亞
i-Nigeria:尼日利亚
i-Nigeria:尼日利亚 / 奈及利亞
i-Nigeria:尼日利亞
i-Niue:紐埃
i-Norfolk Island:诺福克岛
i-North Korea:Cháoxiǎn
i-North Korea:北韓
i-North Korea:朝鮮
i-North Korea:朝鮮民主主義人民共和國
i-North Korea:朝鲜
i-North Korea:朝鲜 / 北韓
i-Norway:Nuówēi
i-Norway:挪威
i-Oman:Āmàn
i-Oman:阿曼
i-Pakistan:Bājīsītǎn
i-Pakistan:巴基斯坦
i-Panama:巴拿馬
i-Panama:巴拿马
i-Panama:巴拿马 / 巴拿馬
i-Papua New Guinea:巴布亚新几内亚
i-Papua New Guinea:巴布亚新几内亚 / 巴布亞紐幾內亞 / 巴布亞新畿內亞
i-Papua New Guinea:巴布亞新幾內亞
i-Papua New Guinea:巴布亞新畿內亞
i-Papua New Guinea:巴布亞新畿內亞 / 巴布亞紐幾內亞
i-Papua New Guinea:巴布亞紐幾內亞
i-Philippines:菲律宾
i-Philippines:菲律賓
i-Philippines:菲律賓/菲律宾
i-Pitcairn Islands:皮特凯恩群岛
i-Pitcairn Islands:皮特凯恩群岛 / 皮特肯群島
i-Pitcairn Islands:皮特肯群島
i-Qatar:Kǎtǎěr
i-Qatar:卡塔尔
i-Qatar:卡塔尔 / 卡達
i-Qatar:卡達
i-Romania:Luómăníyà
i-Romania:罗马尼亚
i-Romania:罗马尼亚 / 羅馬尼亞
i-Romania:羅馬尼亞
i-Russia:Éluósī
i-Russia:俄罗斯
i-Russia:俄罗斯 / 俄羅斯
i-Russia:俄羅斯
i-Rwanda:Lúwàngdá
i-Rwanda:卢旺达
i-Rwanda:卢旺达 / 盧安達
i-Rwanda:盧安達
i-Rwanda:盧旺達
i-Réunion:Liúníwāng
i-Réunion:留尼汪
i-Saint Helena:圣赫勒拿
i-Saint Kitts ne-Nevis:圣基茨和尼维斯
i-Saint Kitts ne-Nevis:聖克里斯多福及尼維斯
i-Saint Kitts ne-Nevis:聖基茨和尼維斯
i-Saint Lucia:圣卢西亚
i-Saint Lucia:圣卢西亚 / 聖露西亞
i-Saint Lucia:聖盧西亞
i-Saint Lucia:聖露西亞
i-Saint Pierre kanye ne-Miquelon:圣皮埃尔和密克隆群岛
i-Saint Vincent ne-Grenadines:圣文森特和格林纳丁斯
i-Saint Vincent ne-Grenadines:圣文森特和格林纳丁斯 / 聖文森及格瑞那丁
i-Saint Vincent ne-Grenadines:聖文森及格瑞那丁
i-Saint Vincent ne-Grenadines:聖文森特和格林納丁斯
i-Samoa:萨摩亚
i-Samoa:萨摩亚 / 薩摩亞
i-Samoa:薩摩亞
i-San Marino:Shèngmǎlìnuò
i-San Marino:圣马力诺
i-San Marino:聖馬力諾
i-Saudi Arabia:Shātè Ālābó
i-Saudi Arabia:沙地阿拉伯
i-Saudi Arabia:沙烏地阿拉伯
i-Saudi Arabia:沙特阿拉伯
i-Saudi Arabia:沙特阿拉伯 / 沙烏地阿拉伯
i-Senegal:Sàinèijiāěr
i-Senegal:塞內加爾
i-Senegal:塞内加尔
i-Senegal:塞内加尔 / 塞內加爾
i-Serbia:Sàiěrwéiyà
i-Serbia:塞尔维亚
i-Serbia:塞爾維亞
i-Seychelles:Sàishéěr Qúndǎo
i-Seychelles:塞席爾
i-Seychelles:塞舌尔
i-Seychelles:塞舌尔 / 塞席爾
i-Seychelles:塞舌爾
i-Sierra Leone:Sàilālì'áng
i-Sierra Leone:塞拉利昂
i-Sierra Leone:塞拉利昂 / 獅子山
i-Sierra Leone:獅子山
i-Singapore:Xīnjiāpō
i-Singapore:新加坡
i-Singapore:星架坡
i-Slovakia:Sīluòfákè
i-Slovakia:斯洛伐克
i-Slovenia:Sīluòwénníyà
i-Slovenia:斯洛文尼亚
i-Slovenia:斯洛文尼亞
i-Slovenia:斯洛文尼亞 / 斯洛維尼亞 / 斯洛文尼亚
i-Slovenia:斯洛維尼亞
i-Solomon Islands:所罗门群岛
i-Solomon Islands:所罗门群岛 / 索羅門群島
i-Solomon Islands:所羅門群島
i-Solomon Islands:索羅門群島
i-Somalia:Suǒmǎlǐ
i-Somalia:索馬利亞
i-Somalia:索馬里
i-Somalia:索马里
i-Somalia:索马里 / 索馬利亞
i-South Georgia ne-South Sandwich Islands:南喬治亞島與南桑威奇群島
i-South Korea:Hánguó
i-South Korea:南韓
i-South Korea:大韓民國
i-South Korea:韓國
i-South Korea:韩国
i-South Korea:韩国 / 南韓
i-Spain:Xībānyá
i-Spain:西班牙
i-Sudan:Sūdān
i-Sudan:苏丹
i-Suriname:苏里南
i-Suriname:苏里南 / 蘇利南 / 蘇里南
i-Suriname:蘇利南
i-Suriname:蘇利南 / 蘇里南
i-Suriname:蘇里南
i-Swaziland:Sīwēishìlán
i-Swaziland:史瓦蒂尼
i-Swaziland:斯威士兰
i-Swaziland:斯威士兰 / 史瓦蒂尼 / 斯威士蘭
i-Swaziland:斯威士蘭
i-Sweden:Ruìdiǎn
i-Sweden:瑞典
i-Switzerland:Ruìshì
i-Switzerland:瑞士
i-Syria:Xùlìyà
i-Syria:叙利亚
i-Syria:叙利亚 / 敘利亞
i-Syria:敘利亞
i-São Tomé kanye ne-Príncipe:Shèngduōměi hé Pǔlínxībǐ
i-São Tomé kanye ne-Príncipe:圣多美和普林西比
i-São Tomé kanye ne-Príncipe:圣多美和普林西比 / 聖多美普林西比
i-São Tomé kanye ne-Príncipe:聖多美普林西比
i-Taiwan:Táiwan
i-Taiwan:Táiwān
i-Taiwan:ㄊㄞˊ ㄨㄢ
i-Taiwan:台湾
i-Taiwan:臺灣
i-Tajikistan:Tǎjíkèsītǎn
i-Tajikistan:塔吉克
i-Tajikistan:塔吉克斯坦
i-Tajikistan:塔吉克斯坦 / 塔吉克
i-Tanzania:Tǎnsāngníyà
i-Tanzania:坦尚尼亞
i-Tanzania:坦桑尼亚
i-Tanzania:坦桑尼亚 / 坦尚尼亞
i-Tanzania:坦桑尼亞
i-Thailand:泰国
i-Thailand:泰国 / 泰國
i-Thailand:泰國
i-Tokelau:托克劳
i-Tokelau:托克劳 / 托克勞
i-Tokelau:托克勞
i-Tonga:東加
i-Tonga:汤加群岛
i-Tonga:汤加群岛 / 東加
i-Tonga:湯加
i-Trinidad ne-Tobago:千里達及托巴哥
i-Trinidad ne-Tobago:特立尼达和多巴哥
i-Trinidad ne-Tobago:特立尼达和多巴哥 / 千里達及托巴哥
i-Tunisia:Tūníxīyà
i-Tunisia:突尼斯
i-Tunisia:突尼斯 / 突尼西亞
i-Tunisia:突尼西亞
i-Turkmenistan:Tǔkùmànsītǎn
i-Turkmenistan:土库曼斯坦
i-Turkmenistan:土库曼斯坦 / 土庫曼
i-Turkmenistan:土庫曼
i-Turkmenistan:葉門
i-Turks and Caicos Islands:土克凱可群島
i-Turks and Caicos Islands:土克凱可群島 / 特克斯和凱科斯群島
i-Turks and Caicos Islands:特克斯和凯科斯群岛
i-Turks and Caicos Islands:特克斯和凱科斯群島
i-Turks and Caicos Islands:特克斯與凱科斯群島
i-Tuvalu:吐瓦魯
i-Tuvalu:吐瓦魯/圖瓦盧
i-Tuvalu:图瓦卢
i-Tuvalu:圖瓦盧
i-Uganda:Wūgāndá
i-Uganda:乌干达
i-Uganda:乌干达 / 烏干達
i-Uganda:烏干達
i-Ukraine:Wūkèlán
i-Ukraine:乌克兰
i-Ukraine:乌克兰/烏克蘭
i-Ukraine:烏克蘭
i-United Arab Emirates:Ālābó Liánhé Qiúchángguó
i-United Arab Emirates:阿拉伯联合酋长国
i-United Arab Emirates:阿拉伯联合酋长国 / 阿拉伯聯合大公國
i-United Arab Emirates:阿拉伯聯合大公國
i-United Arab Emirates:阿拉伯聯合酋長國
i-United Kingdom:英国
i-United Kingdom:英国 / 英國
i-United Kingdom:英國
i-United States:Měiguó
i-United States:美国
i-United States:美國
i-Uruguay:乌拉圭
i-Uruguay:乌拉圭 / 烏拉圭
i-Uruguay:烏拉圭
i-Uzbekistan:Wūzībiékèsītǎn
i-Uzbekistan:乌兹别克斯坦
i-Uzbekistan:乌兹别克斯坦 / 烏茲別克
i-Uzbekistan:月即別
i-Uzbekistan:烏茲別克
i-Vanuatu:瓦努阿图
i-Vanuatu:瓦努阿图 / 萬那杜
i-Vanuatu:瓦努阿圖
i-Vanuatu:萬那杜
i-Vatican City:Fàndìgāng
i-Vatican City:梵蒂冈
i-Venezuela:委內瑞拉
i-Venezuela:委内瑞拉
i-Vietnam:Yuènán
i-Vietnam:越南
i-Wallis ne-Futuna:瓦利斯和富图纳群岛
i-Yemen:Yěmén
i-Yemen:也門
i-Yemen:也门
i-Yemen:也门 / 葉門
i-Yemen:葉門
i-Zambia:Zànbǐyà
i-Zambia:尚比亞
i-Zambia:贊比亞
i-Zambia:赞比亚
i-Zambia:赞比亚 / 尚比亞
i-Zimbabwe:津巴布韋
i-Zimbabwe:津巴布韦
i-Zimbabwe:津巴布韦 / 辛巴威
i-Zimbabwe:辛巴威
i-a school:我一学校
i-and my family:我和我的家庭
i-ching coin:易经硬币
