Đa Nuýp:多瑙河
Đai Phật Đường:大佛堂
Đak Pơ District:达婆县
Đak Pơ District:達婆縣
Đak Pơ:达婆县
Đak Pơ:達婆縣
Đak Đoa District:达德瓦县
Đak Đoa District:達德瓦縣
Đak Đoa:达德瓦县
Đak Đoa:達德瓦縣
Đakovica:贾科维察
Đakovo:賈科沃
Đakovo:贾科沃
Đakrông District:达克容县
Đakrông District:達克容縣
Đakrông:达克容县
Đakrông:達克容縣
Đam Châu:Dānzhōu Shì
Đam Châu:儋州
Đam Châu:儋州市
Đam Rông District:丹龍縣
Đan Ba:Dānbā Xiàn
Đan Ba:丹巴县
Đan Ba:丹巴縣
Đan Dương:Dānyáng Shì
Đan Dương:丹阳市
Đan Dương:丹陽
Đan Dương:丹陽市
Đan Giang Khẩu:Dānjiāngkǒu Shì
Đan Giang Khẩu:丹江口市
Đan Lăng:Danleng Xian
Đan Lăng:丹棱县
Đan Lăng:丹稜縣
Đan Mạch:Dānmài
Đan Mạch:丹麥
Đan Mạch:丹麦
Đan Mạch:丹麦 / 丹麥
Đan Phượng District:丹凤县
Đan Phượng District:丹鳳縣
Đan Phượng:Danfeng Xian
Đan Phượng:丹凤县
Đan Phượng:丹鳳縣
Đan Trại:Danzhai Xian
Đan Trại:丹寨县
Đan Trại:丹寨縣
Đan Điền Commune:丹田社
Đan Đông:Dāndōng Shì
Đan Đông:丹东市
Đan Đông:丹東市
Đan Đồ:Dāntú Qū
Đan Đồ:丹徒区
Đan Đồ:丹徒區
Đang Đồ:Dangtu Xian
Đang Đồ:当涂县
Đang Đồ:當塗
Đang Đồ:當塗縣
Đài Phát thanh - Truyền hình Thành phố Hồ Chí Minh (HTV):胡志明电视台
Đevđelija:盖夫盖利亚
Đevđelija:蓋夫蓋利亞
Đinh Châu:汀州镇
Đinh Cửu:汀九
Đinh Liệt Street:丁烈街
Đinh Thanh:dīngqīng zhèn
Đinh Thanh:丁青镇
Đinh Tiên Hoàng:丁先皇街
Điếm Giang:垫江县
Điếm Giang:墊江縣
Điếm Khẩu:店口镇
Điến San Hồ:淀山湖镇
Điếu Ưng:Diujing-cin
Điếu Ưng:吊应村
Điếu Ưng:吊應村
Điền Bồng:田蓬镇
Điền Dương:Tinjoeng-kyu
Điền Dương:田阳区
Điền Dương:田陽區
Điền Gia Am:Tianjia'an Qu
Điền Gia Am:田家庵区
Điền Gia Am:田家庵區
Điền Gia Trại:tiánjiāzhài
Điền Gia Trại:田家寨镇
Điền Liêu:田寮區
Điền Lâm:tiánlín xiàn
Điền Lâm:乐里镇
Điền Lâm:田林县
Điền Lâm:田林縣
Điền Trung:田中鎮
Điền Tâm:Tinslam-cin
Điền Tâm:田心村
Điền Vĩ, Chương Hóa:田尾鄉
Điền Đông:Tindung-hyun
Điền Đông:tiándōng xiàn
Điền Đông:田东县
Điền Đông:田東縣
Điểm Quân:Diǎnjūn Qū
Điểm Quân:点军区
Điểm Quân:點軍區
Điểm số 10:第10界点
Điểm số 10:第10界點
Điểm số 11:第11界点
Điểm số 11:第11界點
Điểm số 12:第12界点
Điểm số 12:第12界點
Điểm số 13:第13界点
Điểm số 13:第13界點
Điểm số 14:第14界点
Điểm số 14:第14界點
Điểm số 15:第15界点
Điểm số 15:第15界點
Điểm số 16:第16界点
Điểm số 16:第16界點
Điểm số 17:第17界点
Điểm số 17:第17界點
Điểm số 18:第18界点
Điểm số 18:第18界點
Điểm số 19:第19界点
Điểm số 19:第19界點
Điểm số 1:第1界点
Điểm số 1:第1界點
Điểm số 20:第20界点
Điểm số 20:第20界點
Điểm số 21:第21界点
Điểm số 21:第21界點
Điểm số 2:第2界点
Điểm số 2:第2界點
Điểm số 3:第3界点
Điểm số 3:第3界點
Điểm số 4:第4界点
Điểm số 4:第4界點
Điểm số 5:第5界点
Điểm số 5:第5界點
Điểm số 6:第6界点
Điểm số 6:第6界點
Điểm số 7:第7界点
Điểm số 7:第7界點
Điểm số 8:第8界点
Điểm số 8:第8界點
Điểm số 9:第9界点
Điểm số 9:第9界點
Điểm Đăng:Demdang-cin
Điểm Đăng:点灯村
Điểm Đăng:点燈村
Điểu Tùng:鳥松區
Điện Biên District:奠边县
Điện Biên District:奠邊縣
Điện Biên Phủ:奠边府
Điện Biên Phủ:奠邊府
Điện Biên Province:奠边省
Điện Biên Province:奠邊省
Điện Biên Đông District:奠边东县
Điện Biên Đông District:奠邊東縣
Điện Biên:奠边省
Điện Biên:奠邊省
Điện Bàn:奠磐市社
Điện Bạch:Diànbái Qū
Điện Bạch:电白区
Điện Bạch:電白
Điện Bạch:電白區
Điện Capitol Hoa Kỳ:美国国会大厦
Điện Càn Thành:乾成殿
Điện Cần Chánh:勤政殿
Điện Khôn Thái:坤泰殿
Điện Lục:Dinluk-cin
Điện Lục:电六村
Điện Lục:電六村
Điện Nam:甸南镇
Điện Phụng Tiên:奉先殿
Điện Thái Hòa:太和殿
Điện Trinh Minh:貞明殿
Điện Vĩ:甸尾乡
Điệt Bộ:diébù xiàn
Điệt Bộ:迭部县
Điệt Bộ:迭部縣
Điệu Cảnh Lĩnh:調景嶺
Điệu Cảnh Lĩnh:调景岭
Đoan Châu:Duānzhōu Qū
Đoan Châu:端州
Đoan Châu:端州区
Đoan Châu:端州區
Đoan Hùng District:端雄县
Đoan Hùng District:端雄縣
Đoan Hùng:端雄县
Đoan Hùng:端雄縣
Đoan Môn:duānmén
Đoan Môn:端門
Đoan Môn:端门
Đoàn Kết:Tuánjié zhèn
Đoàn Kết:团结
Đoàn Kết:团结镇
Đoàn Phong:团风县
Đoàn Phong:团风镇
Đoàn Phong:團風
Đoàn Phong:團風縣
Đoàn Thị Điểm:段氏点路
Đoạn Hồng Kiều:断虹桥
Đoạn Khố:缎库
Đoạn Tập:段集镇
Đurđevac:久尔杰瓦茨
Đurđevac:久爾傑瓦茨
Đà Bắc District:陀北县
Đà Bắc District:陀北縣
Đà Bắc:陀北县
Đà Bắc:陀北縣
Đà Lạt:大叻市
Đà Nẵng Museum of Cham Sculpture:占婆雕刻艺术博物馆
Đà Nẵng:岘港市
Đà Nẵng:峴港市
Đà Rằng River:沱浪江
Đà jõgi:沱江
Đà điểu châu Úc:鴯鶓
Đà điểu châu Úc:鸸鹋
Đà:沱江
Đài An:Tai'an Xian
Đài An:台安县
Đài An:臺安縣
Đài Bắc 101:Táiběi 101
Đài Bắc 101:台北101
Đài Bắc 101:臺北101
Đài Bắc:Táiběi Shì
Đài Bắc:Táiběi Shìh
Đài Bắc:ㄊㄞˊ ㄅㄟˇ ㄕˋ
Đài Bắc:台北市
Đài Bắc:臺北市
Đài Giang:táijiāng qū
Đài Giang:台江
Đài Giang:台江区
Đài Giang:台江县
Đài Giang:臺江區
Đài Giang:臺江縣
Đài Hoài:台怀镇
Đài Loan Express:台湾快递
Đài Loan Express:台灣快遞
Đài Loan:Táiwan
Đài Loan:Táiwān
Đài Loan:ㄊㄞˊ ㄨㄢ
Đài Loan:台湾
Đài Loan:臺灣
Đài Nam:Táinán Shì
Đài Nam:Táinán Shìh
Đài Nam:ㄊㄞˊ ㄋㄢˊ ㄕˋ
Đài Nam:台南市
Đài Nam:臺南
Đài Nam:臺南市
Đài Nhi Trang:Tai'erzhuang Qu
Đài Nhi Trang:台儿庄区
Đài Nhi Trang:臺兒莊區
Đài Sơn:Hoisan-si
Đài Sơn:Táishān Shì
Đài Sơn:台山市
Đài Sơn:臺山市
Đài Tiếng nói Việt Nam:越南之声广播电台
Đài Tiền:台前县
Đài Tiền:臺前縣
Đài Trung:Táijhong Shìh
Đài Trung:Táizhōng Shì
Đài Trung:ㄊㄞˊ ㄓㄨㄥ ㄕˋ
Đài Trung:台中市
Đài Trung:臺中市
Đài Truyền hình Trung ương Triều Tiên:朝鲜中央电视台
Đài Tây:臺西鄉
Đài Tưởng niệm Tôn Trung Sơn:中山紀念堂
Đài Tưởng niệm Tôn Trung Sơn:中山纪念堂
Đài Tập Đồn:台集屯镇
Đài tưởng niệm Malaysia:馬來西亞建國紀念碑
Đài tưởng niệm Malaysia:马来西亚建国纪念碑
Đài tưởng niệm trận Thành cổ Quảng Trị:第二次广治战役纪念碑
Đài Đông:Táidong Siàn
Đài Đông:Táidōng Xiàn
Đài Đông:台东县
Đài Đông:台东市
Đài Đông:臺東市
Đài Đông:臺東縣
Đài Độc Lập:独立台
Đàm Cát:Taamgat-cin
Đàm Cát:潭吉村
Đàm Hoa:昙华乡
Đàm Lĩnh:潭岭村
Đàm Thành:Tancheng Xian
Đàm Thành:Yinan Xian
Đàm Thành:沂南县
Đàm Thành:沂南縣
Đàm Thành:郯城县
Đàm Thành:郯城縣
Đàm Thành:郯城街道
Đàm Tử:潭子區
Đàn Đầu San:檀头山
Đàng Long:Tonglung-cin
Đàng Long:堂龍村
Đàng Long:堂龙村
Đào Bình:táopíng zhèn
Đào Bình:桃坪镇
Đào Giang:Taojiang Xian
Đào Giang:Táojiāng Xiàn
Đào Giang:桃江
Đào Giang:桃江县
Đào Giang:桃江縣
Đào Linh:táolǐng zhèn
Đào Linh:陶岭镇
Đào Nguyên:Táoyuán Xiàn
Đào Nguyên:桃源區
Đào Nguyên:桃源县
Đào Nguyên:桃源縣
Đào Nguyên:桃源街道
Đào Nguyên:桃源鎮
Đào Nguyên:桃源镇
Đào Ngô:Taowu
Đào Ngô:陶吴
Đào Phúc Lộc:逃福禄路
Đào Sơn:Táoshān Qū
Đào Sơn:桃山区
Đào Thành:Taocheng Qu
Đào Thành:桃城区
Đào Thành:桃城區
Đào Viên:Táoyuán Shì
Đào Viên:Táoyuán Shìh
Đào Viên:ㄊㄠˊ ㄩㄢˊ ㄕˋ
Đào Viên:桃园区
Đào Viên:桃园市
Đào Viên:桃園區
Đào Viên:桃園市
Đào Xuyên:táochuān zhèn
Đào Xuyên:桃川镇
Đào Yển:陶堰
Đào Điếm:陶店乡
Đá An Lạc:安乐礁
Đá An Lạc:安樂礁
Đá An Nhơn Nam:安仁南礁
Đá Ba Kè:蓬勃堡
Đá Bắc:北礁
Đá Chử Bích:Zhǔbì Jiāo
Đá Chử Bích:渚碧礁
Đá Chữ Thập:永暑礁
Đá Cô Lin:鬼喊礁
Đá Công Đo:Sīlìng Jiāo
Đá Công Đo:司令礁
Đá En Ca:簸箕礁
Đá Hoa Dương:Huáyáng Jiāo
Đá Hoa Dương:华阳礁
Đá Hoa Dương:華陽礁
Đá Hoa Lau:Dànwán Jiāo
Đá Hoa Lau:Yànzǐ Dǎo
Đá Hoa Lau:弹丸礁
Đá Hoa Lau:彈丸礁
Đá Hoa Lau:拉央拉央岛（燕子岛）
Đá Hoa Quang:华光礁
Đá Hoa Quang:華光礁
Đá Hop:祿沙礁
Đá Hop:禄沙礁
Đá Hoài Ân:铁线礁
Đá Hải Sâm:羚羊礁
Đá Kỳ Vân:南海礁
Đá Lát:Riji Jiao
Đá Lát:日积礁
Đá Lãng Hoa:Làng Huā Jiāo
Đá Lãng Hoa:浪花礁
Đá Lớn:大现礁
Đá Men Di:蒙自礁
Đá Mĩ Tế:Měijì Jiāo
Đá Mĩ Tế:美濟礁
Đá Nam Huân:南薰礁
Đá Nam:Nan-tzu Chiao
Đá Nam:奈罗礁
Đá Ngọc Trác:玉琢礁
Đá Nhỏ:小现礁
Đá Núi Cô:玉諾礁
Đá Núi Cô:玉诺礁
Đá Núi Cô:玉诺礁/玉諾礁
Đá Núi Le:南华礁
Đá Núi Thị:Bolan Jiao
Đá Núi Thị:舶兰礁
Đá Núi Trời:恒礁
Đá Suối Cát:光星礁
Đá Sác Lốt:皇路礁
Đá Thanh Kỳ:息波礁
Đá Tiên Nữ:Wumie Jiao
Đá Tiên Nữ:无乜礁
Đá Tiểu Nam Huân:小南熏礁
Đá Trung Kiến:中建岛
Đá Tây:西礁
Đá Tốc Tan:六門礁
Đá Vĩnh Thử:Yǒng shǔ jiāo
Đá Vĩnh Thử:永暑礁
Đá Vĩnh Thử:永暑礁西南人工岛
Đá Vĩnh Thử:永暑礁西南人工島
Đá Vĩnh Tường:碎浪暗沙
Đá Xích Qua:Chi Gua Jiao
Đá Xích Qua:赤瓜礁
Đá ngầm Bán Lộ:半路礁
Đá ngầm Dương Minh:Q378462
Đá ngầm Dương Minh:阳明礁
Đá ngầm Dương Minh:陽明礁
Đá ngầm Nam Thông:南通礁
Đá ngầm Ngưu Xa Sanh:牛车轮礁
Đá ngầm Tam Giác:三角礁
Đá ngầm Trường Tuyến:長線礁
Đá ngầm Trường Tuyến:长线礁
Đá Én Đất:安达礁
Đá Đông Môn:Dōngmén Jiāo
Đá Đông Môn:东门礁
Đá Đông Môn:東門礁
Đá Đông:Lingding Jiao
Đá Đông:东礁
Đãn Điếm:但店镇
Đãng Tể:氹仔
Đãng Xương:dàngchāng xiàn
Đãng Xương:宕昌县
Đãng Xương:宕昌縣
Đèo Brenner:布伦纳山口
Đèo Gia:条嘉社
Đèo Gia:條嘉社
Đê Trang:低庄镇
Đình Bảng:亭榜坊
Đình Cả:亭奇市镇
Đình Cẩm Phô:錦鋪鄉賢祠
Đình Hồ:Tinghu Qu
Đình Hồ:Tínghú Qū
Đình Hồ:亭湖区
Đình Hồ:亭湖區
Đình Khẩu Trấn:tíngkŏu zhèn xiāng
Đình Khẩu Trấn:亭口鎮
Đình Khẩu Trấn:亭口镇
Đình Lượng:亭亮镇
Đình Lập District:定立县
Đình Lập District:定立縣
Đình Lập:定立
Đô An:Dū'ān Yáozú Zìzhìxiàn
Đô An:都安县
Đô An:都安瑤族自治縣
Đô An:都安瑶族自治县
Đô An:都安縣
Đô Giang Yển:Dūjiāngyàn Shi
Đô Giang Yển:都江堰市
Đô Lan:Dūlán Xiàn
Đô Lan:都兰县
Đô Lan:都蘭縣
Đô Lương District:都梁县
Đô Lương District:都梁縣
Đô Lương:都梁县
Đô Lương:都梁縣
Đô Quân:Dūyún Shì
Đô Quân:都勻市
Đô Quân:都匀市
Đô Xương:dūchāng xiàn
Đô Xương:都昌
Đô Xương:都昌县
Đô Xương:都昌縣
Đôn Bản Điện:惇本殿
Đôn Hoàng:Dūnhuáng Shì
Đôn Hoàng:敦煌市
Đôn Hóa:敦化市
Đông A:Dong'e Xian
Đông A:东阿县
Đông A:東阿縣
Đông An:Dong'an
Đông An:Dong'an Qu
Đông An:dōngān xiàn
Đông An:东安区
Đông An:东安县
Đông An:東安區
Đông An:東安縣
Đông Anh District:东英县
Đông Anh District:東英縣
Đông Azerbaijan (tỉnh):东阿塞拜疆省
Đông Azerbaijan (tỉnh):東亞塞拜疆省
Đông Bá:东坝街道
Đông Bá:东坝镇
Đông Bá:東壩街道
Đông Bình:东屏街道
Đông Bình:东平县
Đông Bình:東屏街道
Đông Bình:東平縣
Đông Bảo:东宝区
Đông Bảo:東寶區
Đông Cape:东开普省
Đông Cape:東開普
Đông Cape:東開普省
Đông Châu:Dongzhou Qu
Đông Châu:东洲区
Đông Châu:東洲區
Đông Chí:Dōngzhì Xiàn
Đông Chí:东至县
Đông Chí:東至
Đông Chí:東至縣
Đông Cảng:东港区
Đông Cảng:東港區
Đông Cảng:東港鎮
Đông Dinh:Dōngyíng Shì
Đông Dinh:东营市
Đông Dinh:東營市
Đông Dũng:东涌
Đông Dũng:東涌
Đông Dương Giang:东阳江镇
Đông Dương Giang:東陽江鎮
Đông Dương:Dōngyáng Shì
Đông Dương:东阳市
Đông Dương:東陽
Đông Dương:東陽市
Đông Dẫn:東引鄉
Đông Falkland:东福克兰岛
Đông Giang District:东江县
Đông Giang District:東江縣
Đông Giang:东江县
Đông Giang:東江縣
Đông Giao:Dunggaau-seki
Đông Giao:东郊社区
Đông Giao:東郊社區
Đông Hoang Dục:东荒峪镇
Đông Hoản:Dōngguǎn Shì
Đông Hoản:Dōngguǎn Shí
Đông Hoản:东莞市
Đông Hoản:東莞
Đông Hoản:東莞市
Đông Hà Ward:东河
Đông Hà Ward:东河坊
Đông Hà Ward:東河
Đông Hà Ward:東河坊
Đông Hà:Dōng​hé​ Xiāng
Đông Hà:东河
Đông Hà:东河区
Đông Hà:东河市
Đông Hà:東河
Đông Hà:東河區
Đông Hà:東河市
Đông Hà:東河鄉
Đông Hòa:东和县
Đông Hòa:東和縣
Đông Hưng District:东兴县
Đông Hưng District:東興縣
Đông Hưng trấn:Dunghing-zan
Đông Hưng trấn:东兴镇
Đông Hưng:Dunghing-si
Đông Hưng:Dōngxīng Qū
Đông Hưng:dōngxīng shì
Đông Hưng:东兴区
Đông Hưng:东兴县
Đông Hưng:东兴市
Đông Hưng:东兴市镇
Đông Hưng:東興區
Đông Hưng:東興市
Đông Hưng:東興縣
Đông Hương:Dōngxiāngzú Zìzhìxiàn
Đông Hương:dōngxiāng qū
Đông Hương:东乡区
Đông Hương:东乡县
Đông Hương:東鄉
Đông Hương:東鄉區
Đông Hương:東鄉縣
Đông Hải District:东海县
Đông Hải District:東海縣
Đông Hải:Donghai Xian
Đông Hải:东海县
Đông Hải:東海縣
Đông Hồ:Dōnghú Qū
Đông Hồ:东湖区
Đông Hồ:东湖街道
Đông Hồ:東湖區
Đông Hồ:東湖街道
Đông Kazakhstan:东哈萨克斯坦州
Đông Khê:东溪市镇
Đông Kinh Thành:东京城镇
Đông La:东罗镇
Đông Lan:dōnglán xiàn
Đông Lan:东兰县
Đông Lan:東蘭縣
Đông Liêu:Dongliao Xian
Đông Liêu:东辽县
Đông Liêu:東遼縣
Đông Lệ:东丽区
Đông Lệ:東麗區
Đông Minh:东明县
Đông Minh:東明縣
Đông Môn:dōngmén jiēdào
Đông Môn:yíngjiāng jiēdào
Đông Môn:东门街道
Đông Môn:东门镇
Đông Môn:营江街道
Đông Nam Bộ:东南部
Đông Nam Bộ:東南部
Đông Nguyên:Dōngyuán Xiàn
Đông Nguyên:东源县
Đông Nguyên:東源
Đông Nguyên:東源縣
Đông Ninh:dōngníng shì
Đông Ninh:dōngníng zhèn
Đông Ninh:东宁市
Đông Ninh:東寧市
Đông Noãn Điện:Dōngnuǎndiàn
Đông Noãn Điện:东暖殿
Đông Noãn Điện:東暖殿
Đông Pha:Dongpo Qu
Đông Pha:dōngpō dǎizú xiāng
Đông Pha:东坡傣族乡
Đông Pha:东坡区
Đông Pha:東坡區
Đông Phong Ward:东丰坊
Đông Phong:Dongfeng Qu
Đông Phong:东丰县
Đông Phong:东风区
Đông Phong:東豐
Đông Phong:東豐縣
Đông Phương Hồng:Dōngfānghóng Zhèn
Đông Phương Hồng:东方红镇
Đông Phương Hồng:東方紅鎮
Đông Phương:Dōngfāng Shì
Đông Phương:东方市
Đông Phương:東方市
Đông Quan:东关街道
Đông Quan:東關街道
Đông Quang:东光县
Đông Quang:東光縣
Đông Quả Châu:東果洲
Đông Sơn:Dōng​shān​ Xiāng
Đông Sơn:dōngshān xiàn
Đông Sơn:东山县
Đông Sơn:东山镇
Đông Sơn:冬山鄉
Đông Sơn:東山
Đông Sơn:東山區
Đông Sơn:東山縣
Đông Thuận:东顺
Đông Thành:Dōngchéng Qū
Đông Thành:东城区
Đông Thành:東城區
Đông Thạch:東石鄉
Đông Thắng:东胜区
Đông Thắng:東勝區
Đông Thế:東勢區
Đông Thế:東勢鄉
Đông Thịnh:东盛
Đông Thịnh:東盛
Đông Timor:东帝汶
Đông Timor:东帝汶 / 東帝汶
Đông Timor:東帝汶
Đông Triều:东潮市社
Đông Triều:東潮市社
Đông Trạch Commune:同泽社
Đông Trạch Commune:同澤社
Đông Tuyền:东泉乡
Đông Tân Trang:东辛庄镇
Đông Tân Trang:東辛莊鎮
Đông Tây Hồ:Dōngxīhú Qū
Đông Tây Hồ:东西湖区
Đông Tây Hồ:東西湖區
Đông Ujimqin:Dōng Wūzhūmùqìn Qí
Đông Ujimqin:东乌珠穆沁旗
Đông Ujimqin:東烏珠穆沁旗
Đông Vượng:Dongwang Xiang
Đông Vượng:东旺乡
Đông Vượng:東旺鄉
Đông Xuyên:Dongchuan Qu
Đông Xuyên:Dōngchuān Qū
Đông Xuyên:东川区
Đông Xuyên:東川區
Đông Xương:Dongchang Qu
Đông Xương:东昌区
Đông Xương:東昌區
Đông Xướng Phủ:东昌府区
Đông Xướng Phủ:東昌府區
Đông Y Dược China:行葯医中國中
Đông Điền:东田
Đông Đài:Dōngtái Shì
Đông Đài:东台市
Đông Đài:東台市
Đông Đài:東臺
Đông Đài:東臺市
Đông Đảo:東島
Đông Đầu:Dungtau
Đông Đầu:东头
Đông Đầu:東頭
Đăk Glei District:达格雷县
Đăk Glei District:達格雷縣
Đăk Glei:达格雷县
Đăk Glei:達格雷縣
Đăk Hà District:达河县
Đăk Hà District:達河縣
Đăk Rve:得热外市镇
Đăk Tô District:达多县
Đăk Tô District:達多縣
Đăng Phong:Dēngfēng Shì
Đăng Phong:登封
Đăng Phong:登封市
Đăng Tháp:Dēngtǎ Shì
Đăng Tháp:灯塔市
Đăng Tháp:燈塔市
Đơn Dương District:單陽縣
Đơn Giáp:单甲乡
Đơn Giáp:單甲鄉
Đương Dương:Dāngyáng Shì
Đương Dương:当阳市
Đương Dương:當陽
Đương Dương:當陽市
Đường xuyên Á số 14:亚洲公路14号线
Đường xuyên Á số 14:亞洲公路14號線
Đường 19 Tháng 8:8月19日路
Đường 3 Tháng 2:2月3日路
Đường An Nhứt - Long Tân:安一隆新路
Đường Bùi Viện:裴援街
Đường Bùi Xuân Phái:裴春派路
Đường Bắc Kim Cảng:Gamgong Bak Lu
Đường Bắc Kim Cảng:金港北路
Đường Bắc Kinh:北京路
Đường Bắc Sơn:北山路
Đường Bắc Đảo Hoàn Đảo:北岛环岛路
Đường Bắc Đảo Hoàn Đảo:北島環島路
Đường Calmette:卡尔梅特街
Đường Cao tốc Khai Hà:开河高速
Đường Cao tốc Khai Hà:開河高速
Đường Cao tốc Khâm Đông:钦东高速
Đường Chi Lăng:枝陵路
Đường Chiến Thắng:胜利路
Đường Chiết Giang:Zitgong Lu
Đường Chiết Giang:浙江路
Đường Chấn Hưng:Zanhing Lu
Đường Chấn Hưng:振兴路
Đường Chấn Hưng:振興路
Đường Dân Sinh:民生路
Đường Dân Tộc:民族路
Đường Dương Văn An:杨文安路
Đường Gia Đôn:唐家墩街道办事处
Đường Gia:唐家
Đường Giang Quân Sơn:Zoenggwansaan Lu
Đường Giang Quân Sơn:将军山路
Đường Giang Quân Sơn:將軍山路
Đường Giải Phóng Đông:解放东路
Đường Giải Phóng:Gaaifong Lu
Đường Giải Phóng:解放路
Đường Hoàn Đảo Công:环岛公路
Đường Hoàn Đảo Công:環島公路
Đường Hoàn Đảo:赵述岛环岛路
Đường Hoàn Đảo:趙述島環島路
Đường Hoàng Hoa Cương:黃花崗路
Đường Hoàng Hoa Cương:黄花岗路
Đường Hoàng Hoa Thám:黄花探街
Đường Hoàng Văn Thái:黄文太路
Đường Hoành Hữu:Zungwaa Lu
Đường Hoành Hữu:中华路
Đường Hoá Trung:化中路
Đường Hà Đê:河堤路
Đường Hà:Tanghe Xian
Đường Hà:唐河县
Đường Hà:唐河縣
Đường Hùng Vương:雄王路
Đường Hưng Ninh:兴宁路
Đường Hưng Đông:兴东路
Đường Hạ:Tángxià Zhèn
Đường Hạ:塘厦镇
Đường Hạ:塘廈鎮
Đường Hải Đăng:海灯路
Đường Hồ Đắc Di:胡德遗路
Đường Kinh Cầm:Gingkam Lu
Đường Kinh Cầm:京琴路
Đường Kinh Hương:Ginghung Lu
Đường Kinh Hương:京鸿路
Đường Kinh Hồng:Gingwan Lu
Đường Kinh Hồng:京韵路
Đường Kinh Tập:Gingzap Lu
Đường Kinh Tập:京习路
Đường Kinh Vệ:Gingwai Lu
Đường Kinh Vệ:京卫路
Đường Kiều:Tángqiáo Zhèn
Đường Kiều:塘桥镇
Đường Kiều:塘橋鎮
Đường Kì Trường:机场路
Đường Kì Trường:機場路
Đường Ký Con:记功街
Đường Leesburg:Lì sī bǎo lù
Đường Leesburg:利斯堡路
Đường Lê Duẩn:黎笋路
Đường Lê Hồng Phong:黎红枫街
Đường Lê Lai:黎来街
Đường Lê Lợi:黎利路
Đường Lê Trọng Tấn:黎仲进路
Đường Lý Thái Tông:李太宗路
Đường Lưu Chí Hiếu:刘志孝路
Đường Nam Kim Cảng:Gamgong Naam Lu
Đường Nam Kim Cảng:金港南路
Đường Nghinh Tân:Jingban Gaai
Đường Nghinh Tân:迎宾街
Đường Nghinh Tân:迎賓街
Đường Nguyễn Bá Lạc:阮八乐街
Đường Nguyễn Chánh Sắt:阮正瑟路
Đường Nguyễn Chí Thanh:阮志青路
Đường Nguyễn Huệ:阮惠路
Đường Nguyễn Hới:阮海路
Đường Nguyễn Thái Học:阮太学路
Đường Nguyễn Thị Minh Khai:阮氏明开路
Đường Nguyễn Tri Phương:阮知方路
Đường Nguyễn Tri Phương:阮知芳路
Đường Nguyễn Trãi:阮廌路
Đường Nguyễn Tất Thành:阮必成路
Đường Nguyễn Văn Cừ:阮文渠路
Đường Nguyễn Văn Trỗi:阮文追路
Đường Nguyễn Đức Thuận:阮得顺路
Đường Ngô Văn Huyền:吴文玄路
Đường Nhân Dân:人民路
Đường Nhân Hoà:Njanwo Lu
Đường Nhân Hoà:仁和街
Đường Nông Viện:Nungjyun Lu
Đường Nông Viện:农院路
Đường Phan Kế Bính:潘继炳路
Đường Phan Văn Hớn:潘文汉路
Đường Phó Đức Chính:副德政街
Đường Phúc Hào:富豪路
Đường Phước Thắng:枝陵路
Đường Phước Thắng:福胜路
Đường Phạm Ngũ Lão:范五老街
Đường Phạm Ngọc Thạch:范玉石路
Đường Phạm Phú Thứ:范富庶路
Đường Phục Ba:Fukbo Lu
Đường Phục Ba:伏波路
Đường Quảng Đông:广东路
Đường San Hô:珊瑚路
Đường Suối Rao - Xuân Sơn:帅饶春山路
Đường Sơn:Tángshān Shi
Đường Sơn:唐山市
Đường Tam Á Hà Tây:三亚河西路
Đường Tam Đô:Slaamdu Lu
Đường Tam Đô:三都路
Đường Thiên Nhai:Tinngaai Gaai
Đường Thiên Nhai:天涯街
Đường Thiên Đào:天桃路
Đường Thâm Hàng:深航路
Đường Thâm Hàng:琛航路
Đường Triều Dương:朝阳路
Đường Trung Hoa:Zungwaa Lu
Đường Trung Hoa:中华路
Đường Trung Hoa:中華路
Đường Trung Kiến:中建路
Đường Trung Sơn:Zungsaan Lu
Đường Trung Sơn:中山路
Đường Trùng Khánh:重庆路
Đường Trường Hồ:Coengfu Lu
Đường Trường Hồ:长湖路
Đường Trường Sơn Đông:长山东路
Đường Trạm Tiền:站前路
Đường Trần Hưng Đạo B:陳興道路
Đường Trần Hưng Đạo:陈兴道路
Đường Trần Hưng Đạo:陳興道路
Đường Trần Khánh Dư:陈庆余路
Đường Trần Phú:4C公路
Đường Trần Phú:陈富街
Đường Trần Phú:陈富路
Đường Trần Phú:陈福路
Đường Tân Dân:Slanman Lu
Đường Tân Dân:Zikmat Lu
Đường Tân Dân:新民路
Đường Tân Dân:植物路
Đường Tân Hoa:Sanwaa Lu
Đường Tân Hoa:Slanwaa Lu
Đường Tân Hoa:新华路
Đường Tân Hoa:新華路
Đường Tân Hà:滨河路
Đường Tân Hải:滨海路
Đường Tân Hải:濱海路
Đường Tân Đông:Slandung Lu
Đường Tân Đông:新东路
Đường Tân Đông:新東路
Đường Tây Xuyên:Sleicin Lu
Đường Tây Xuyên:四川路
Đường Tôn Đức Thắng:尊德胜路
Đường Tăng Bạt Hổ:曾拔虎路
Đường Tương Quân:将军路
Đường Tương Quân:將軍路
Đường Tấn Khanh Đảo Hoàn Đảo:晉卿島環島路
Đường Ven Biển:滨海路
Đường Vân Nam:Wannaam Lu
Đường Vân Nam:云南路
Đường Vân Trung:云中路街道
Đường Vân Trung:雲中路街道
Đường Vĩnh Hưng:永兴路
Đường Vĩnh Hưng:永興路
Đường Vĩnh Phúc:Wingfuk Lu
Đường Vĩnh Phúc:永福路
Đường Vạn Hạc:Maanhok Lu
Đường Vạn Hạc:万鹤路
Đường Vạn Hạc:萬鶴路
Đường Vạn Sơn:Maansaan Lu
Đường Vạn Sơn:万山路
Đường Vạn Sơn:萬山路
Đường Vạn Trường:万长路
Đường Vạn Trường:萬長路
Đường Xuyên Á AH150:亚洲公路150号线
Đường Xuyên Á AH1:亚洲公路1号线
Đường Xuyên Á AH1:亞洲公路1號線
Đường Yersin:耶尔森街
Đường bờ biển Kujukuri:九十九里海滩路
Đường cao tốc A1:A1高速公路
Đường cao tốc Nam Hữu:南友高速
Đường cao tốc Thành phố Hồ Chí Minh – Long Thành – Dầu Giây mỏ rộng:胡志明市-隆城-油移高速公路
Đường cao tốc Thành phố Hồ Chí Minh – Long Thành – Dầu Giây:胡志明市-隆城-油移高速公路
Đường cao tốc Từ Châu - Phụ Dương:徐阜高速
Đường cao tốc du lịch số 1 Taihang:太行一号旅游公路
Đường cao tốc du lịch số 1 Taihang:太行一號旅遊公路
Đường cao tốc vành đai 1 vùng thủ đô Seoul:首都圈一环高速公路
Đường cao tốc vành đai 1 vùng thủ đô Seoul:首都圈一環高速公路
Đường cơ sở Vịnh Bắc Bộ:越南北部湾领海基线
Đường cơ sở Vịnh Bắc Bộ:越南北部灣領海基線
Đường nối Choshi:銚子連絡道路
Đường phân giới Vịnh Bắc Bộ:北部湾分界线
Đường phân giới Vịnh Bắc Bộ:北部灣分界線
Đường sắt Bắc Nam:南北鐵路
Đường sắt Hà Nội - Lào Cai:河老鐵路
Đường sắt Hà Nội - Lào Cai:河老铁路
Đường sắt Hà Nội - Quan Triều:河太鐵路
Đường sắt Hà Nội - Đồng Đăng:河太鐵路
Đường sắt Kép - Lưu Xá:河太鐵路
Đường sắt Thanh-Tạng:qīngzàng tiělù
Đường sắt Vientiane – Boten:磨万铁路
Đường sắt Viêng Chăn – Boten:磨万铁路
Đường sắt Yokoshiba Station Shirahama:横芝车站白滨线
Đường sắt Yên Viên - Phả Lại:安员-普赖铁路
Đường sắt Yên Viên - Phả Lại:安員-普賴鐵路
Đường sắt cao tốc khu vực đô thị tuyến A:首都圈广域急行铁道A路线
Đường sắt cao tốc khu vực đô thị tuyến A:首都圈廣域急行鐵道A路線
Đường sắt cao tốc Đài Loan:台灣高速鐵路
Đường sắt cao tốc Đài Loan:台灣高速鐵路(北向)
Đường sắt cao tốc Đài Loan:台灣高速鐵路(南向)
Đường sắt cao tốc Đài Loan:臺灣高速鐵路
Đường sắt nhẹ An Khanh:安坑輕軌
Đường sắt nhẹ An Khanh:安坑輕軌(東向)
Đường sắt nhẹ An Khanh:安坑輕軌(西向)
Đường sắt đô thị 2 Hà Nội (Phân đoạn Nam Thăng Long - Trần Hưng Đạo):河內都市鐵路2號線
Đường sắt đô thị 2 Hà Nội (Phân đoạn Nam Thăng Long - Trần Hưng Đạo):河内都市铁路2号线
Đường sắt đô thị 2A Hà Nội (Phân đoạn Cát Linh - Hà Đông):河內都市鐵路2A號線
Đường sắt đô thị 2A Hà Nội (Phân đoạn Cát Linh - Hà Đông):河内都市铁路2A号线
Đường sắt đô thị 2A Hà Nội (Phân đoạn Cát Linh - Hà Đông:河內都市鐵路2A號線
Đường sắt đô thị 2A Hà Nội (Phân đoạn Cát Linh - Hà Đông:河内都市铁路2A号线
Đường sắt đô thị 3 Hà Nội (phân đoạn Nhổn - Ga Hà Nội):河內都市鐵路3號線
Đường sắt đô thị 3 Hà Nội (phân đoạn Nhổn - Ga Hà Nội):河内都市铁路3号线
Đường sắt đô thị số 1 Thành phố Hồ Chí Minh (Phân đoạn Bến Thành - Suối Tiên):胡志明市都市鐵路1號線
Đường sắt đô thị số 2 Thành phố Hồ Chí Minh (Phân đoạn Bến Thành -Tham Lương) - Đang xây dựng:胡志明市都市鐵路2號線
Đường tỉnh 419:419号省路
Đường xuyên Á số 131:亚洲公路131号线
Đường xuyên Á số 15:亚洲公路15号线
Đường xuyên Á số 17:亚洲公路17号线
Đường xuyên Á số 1:亚洲公路1号线
Đường Đinh Tiên Hoàng:丁先皇路
Đường Đô Lương:都梁路
Đường Đông Trường An:Dōng-Cháng'ān-jiē
Đường Đông Trường An:东长安街
Đường Đông Trường An:東長安街
Đường Đông Đảo Hoàn Đảo:东岛环岛路
Đường Đông Đảo Hoàn Đảo:東島環島路
Đường Đại Nghĩa:419号省路
Đường Để:tángdǐ xiāng
Đường Để:塘底乡
Đường Độc Lập:独立路
Đường:Tang Xian
Đường:唐县
Đường:唐縣
Đạ Huoai District:達懷縣
Đại An:Dà'ān Shì
Đại An:大安區
Đại An:大安市
Đại Anh:大英县
Đại Anh:大英縣
Đại Bì:大埤鄉
Đại Bình nguyên Bắc Mỹ:北美大平原
Đại Bình Đường:dàpíngtáng zhèn
Đại Bình Đường:大坪塘镇
Đại Bình:Daaiping-cin
Đại Bình:大坪村
Đại Bảo:Dàbǎo Xiāng
Đại Bảo:大堡乡
Đại Bộ Khiếu:大埔滘
Đại Bộ, Mai Châu:Dàbù Xiàn
Đại Bộ, Mai Châu:大埔县
Đại Bộ, Mai Châu:大埔縣
Đại Bộ:Daai6 Bou3
Đại Bộ:Tai Po
Đại Bộ:大埔
Đại Các:大阁镇
Đại Danh:中安镇
Đại Danh:官亭镇
Đại Danh:旧庙镇
Đại Diêu:Dàyáoxiàn
Đại Diêu:大姚县
Đại Diêu:大姚縣
Đại Dã:Dàyě Shì
Đại Dã:大冶市
Đại Dư:Dayu Xian
Đại Dư:dàyú xiàn
Đại Dư:大余县
Đại Dư:大庾
Đại Dư:大庾縣
Đại Dương Thụ:大杨树镇
Đại Dực:大翊
Đại Giang Biên:Daaigongbin-cin
Đại Giang Biên:大江边村
Đại Giang Biên:大江邊村
Đại Giác Buddhish Temple:大覺寺
Đại Giác Chủy:大角嘴
Đại Giác Tự:大覺寺
Đại Giáp:大甲區
Đại Hà Gia:大河家镇
Đại Hà Khẩu:大河口乡
Đại Hà:Daaiho-cin
Đại Hà:大河村
Đại Hà:大河镇
Đại Hóa:大化县
Đại Hóa:大化縣
Đại Hóa:大化镇
Đại Hưng An Lĩnh:dàxīngānlǐng dìqū
Đại Hưng An Lĩnh:大兴安岭地区
Đại Hưng An Lĩnh:大興安嶺地區
Đại Hưng Câu:大兴沟镇
Đại Hưng:大兴区
Đại Hưng:大兴镇
Đại Hưng:大興區
Đại Hải:岱海镇
Đại Hắc Sơn:大黑山镇
Đại Học Tập Đường Nhân dân:人民大學習堂
Đại Hồ:dàhú zhèn
Đại Hồ:大湖鄉
Đại Hồ:大湖镇
Đại Hồng Kỳ:大红旗镇
Đại Hồng Môn:大紅門
Đại Hổ Sơn:大虎山
Đại Khanh:Daai6 Haang
Đại Khanh:Daaihaang-cin
Đại Khanh:Tai Hang
Đại Khanh:大坑
Đại Khanh:大坑村
Đại Khánh:Dàqìng Shì
Đại Khánh:大庆市
Đại Khánh:大慶市
Đại Khê:大溪區
Đại Kiều:Daaikiu-cin
Đại Kiều:dàqiáo yáozú xiāng
Đại Kiều:大桥乡
Đại Kiều:大桥村
Đại Kiều:大桥瑶族乡
Đại Kiều:大橋
Đại Kiều:大橋村
Đại Kỳ Lạp Cáp:大其拉哈
Đại La Mật:大罗密镇
Đại Liêu:大寮區
Đại Long Khẩu:大龙口
Đại Lâm:大林
Đại Lâm:大林鎮
Đại Lôn:大崙
Đại Lý:Dàlǐ Shì
Đại Lý:大理市
Đại Lý:大理白族自治州
Đại Lý:大理镇
Đại Lý:大里區
Đại Lệ:Dali Xian
Đại Lệ:大荔县
Đại Lệ:大荔縣
Đại Lộ Biên:dàlùbiān zhèn
Đại Lộ Biên:大路边镇
Đại Lộ Phố:dàlùpù zhèn
Đại Lộ Phố:大路铺镇
Đại Lộ Sàigòn:Bǎilì Dàdào
Đại Lộ Sàigòn:百利大道
Đại Lộc District:大祿縣
Đại Lộc District:大禄县
Đại Lộc:大祿縣
Đại Lộc:大禄县
Đại Lục:大录乡
Đại Lực:Daailuk-zan
Đại Lực:大菉鎮
Đại Lực:大菉镇
Đại Manchester:大曼徹斯特
Đại Manchester:大曼徹斯特郡
Đại Miễn:Daaimin-cin
Đại Miễn:大勉村
Đại Mã Câu:代马沟
Đại Nguyên:dàyuán zhèn
Đại Nguyên:大源鎮
Đại Nguyên:大源镇
Đại Ngãi:大義市鎮
Đại Ngụy Gia:大魏家街道
Đại Nhã:大雅區
Đại Nhĩ Sơn:鳳凰山
Đại Nhạc:岱岳区
Đại Nhạc:岱嶽區
Đại Ninh:Daning Xian
Đại Ninh:大宁县
Đại Ninh:大宁镇
Đại Ninh:大寧縣
Đại Nội:大內區
Đại Oa:Dawa Qu
Đại Oa:大洼区
Đại Oa:大窪區
Đại Phiên Ba:Daaifaanpo-zan
Đại Phiên Ba:大番坡鎮
Đại Phiên Ba:大番坡镇
Đại Phong:Dàfēng Qū
Đại Phong:Dàfēng Shì
Đại Phong:大丰区
Đại Phong:大豐
Đại Phong:大豐區
Đại Phương:大方县
Đại Phương:大方縣
Đại Phố:大埔鄉
Đại Quan Lĩnh:大观岭
Đại Quan:Daguan Xian
Đại Quan:Dàguān Qū
Đại Quan:Dàguān xiàn
Đại Quan:大关县
Đại Quan:大觀區
Đại Quan:大观区
Đại Quan:大關縣
Đại Sài Đán:大柴旦行政委员会
Đại Sài Đán:大柴旦行政委員會
Đại Sơn Phô:dàshānpū zhèn
Đại Sơn Phô:大山鋪鎮
Đại Sơn Phô:大山铺镇
Đại Sơn:Dàishān Xiàn
Đại Sơn:岱山
Đại Sơn:岱山县
Đại Sơn:岱山縣
Đại Sử Miếu (Phụng Sơn Miếu):大史廟 （鳳山廟）
Đại Than:大滩镇
Đại Thành Môn:大成門
Đại Thành Môn:大成门
Đại Thành Supermarket:大成超級市場
Đại Thành:大城县
Đại Thành:大城縣
Đại Thành:大城鄉
Đại Thôn, Chương Hóa:大村鄉
Đại Thôn:Daaicin-cin
Đại Thôn:大村
Đại Thông:Datong Huizu Tuzu Zizhixian
Đại Thông:大通区
Đại Thông:大通區
Đại Thông:大通回族土族自治县
Đại Thông:大通回族土族自治縣
Đại Thương:大仓镇
Đại Thạch Kiều:Dàshíqiáo Shì
Đại Thạch Kiều:大石桥市
Đại Thạch Kiều:大石橋市
Đại Thạch Đầu:大石头镇
Đại Thẩm:dàshēn cūn
Đại Thẩm:大深村
Đại Thụ:大樹區
Đại Tiểu Ma Đao:大小磨刀
Đại Trung Môn:大忠門
Đại Trung Môn:大忠门
Đại Trúc:Dàzhú Xiàn
Đại Trúc:大竹县
Đại Trúc:大竹縣
Đại Trạm:大站镇
Đại Trịnh:大郑镇
Đại Tuyền:大泉
Đại Tân:Daaislan-hyun
Đại Tân:大新县
Đại Tân:大新縣
Đại Tân:大新鎮
Đại Tân:大新镇
Đại Tân:桃城镇
Đại Túc:大足区
Đại Túc:大足區
Đại Tường:dàxiáng qū
Đại Tường:大祥区
Đại Tường:大祥區
Đại Từ District:大慈县
Đại Từ District:大慈縣
Đại Từ Đồn:大徐屯
Đại Từ:大慈县
Đại Từ:大慈縣
Đại Vi:大圍
Đại Viê:大園區
Đại Vân:大云镇
Đại Vân:大雲鎮
Đại Vĩnh Địa:大兴地镇
Đại Vĩnh Địa:大興地鎮
Đại Vũ Khẩu:Dàwǔkǒu Qū
Đại Vũ Khẩu:大武口区
Đại Vũ Khẩu:大武口區
Đại Vũ:Dà​wǔ​ Xiāng
Đại Vũ:大武鄉
Đại Vũ:大武镇
Đại Vũ:大禹
Đại Vượng:Daaiwong-cin
Đại Vượng:大旺村
Đại Xà Thái:大佘太镇
Đại Xá:大舍
Đại Xã:大社區
Đại Xưởng:Dàchǎng Xiàn
Đại Xưởng:大厂县
Đại Xưởng:大廠縣
Đại chủng viện thánh Giuse:圣约瑟夫神学院
Đại chủng viện thánh Giuse:聖約瑟夫神學院
Đại cung Ananta Samakhom:阿南达沙玛空皇家御会馆
Đại học Charles Darwin:查尔斯达尔文大学
Đại học Chulalongkorn:朱拉隆功大学
Đại học Chulalongkorn:朱拉隆功大學
Đại học Copenhagen:哥本哈根大学
Đại học Công nghiệp Tổng hợp Kim Chaek:金策工业综合大学
Đại học Giao thông Vận tải Quốc gia Hàn Quốc:国立交通大学
Đại học Harvard:哈佛大学
Đại học Hạ Môn:Xiàmén dàxué
Đại học Hạ Môn:厦门大学
Đại học Hạ Môn:廈門大學
Đại học Hải Nam:海南大学
Đại học Khoa học và Công nghệ Hồ Nam:湖南科技大学
Đại học Khoa học và Công nghệ Hồ Nam:湖南科技大學
Đại học Khoa học Đời sống Warszawa:华沙生命科学大学
Đại học Khoa học Đời sống Warszawa:華沙生命科學大學
Đại học Kinh tế Warsaw:华沙经济大学
Đại học Kinh tế Warsaw:華沙經濟大學
Đại học Kị Nam:暨南大学(石牌校区)
Đại học Latvia:拉脱维亚大学
Đại học Monash (cơ sở Caulfield):莫纳士大学（考菲尔德分校）
Đại học New South Wales:新南威尔斯大学
Đại học Nông nghiệp Quốc gia Nga:俄罗斯国立农业大学
Đại học Queensland:昆士兰大学
Đại học Quảng Tây:Gongslai Daaihok
Đại học Quảng Tây:广西大学
Đại học Quảng Tây:廣西大學
Đại học Quốc gia Moskva:莫斯科国立大学
Đại học Quốc gia Singapore:新加坡国立大学
Đại học Quốc gia Thành Công:國立成功大學
Đại học Quốc gia Úc:澳大利亚国立大学
Đại học Saint Francis:圣弗朗西斯大学
Đại học Stanford:史丹福大學
Đại học Stanford:斯坦福大学
Đại học Sydney:悉尼大学
Đại học Sư phạm Hoa Nam:华南师范大学(石牌校区)
Đại học Sư phạm Kim Cheol-ju:金哲柱教育大学
Đại học Sư phạm Kim Cheol-ju:金哲柱教育大學
Đại học Trung Sơn (cơ sở phía Nam):中山大学(广州校区南校园)
Đại học Trung Sơn (cơ sở phía Nam):中山大學(廣州校區南校園)
Đại học Tổng hợp Kim Nhật Thành:金日成綜合大學
Đại học Tổng hợp Kim Nhật Thành:金日成综合大学
Đại học Waseda:早稻田大學
Đại học Waseda:早稻田大學早稻田校區
Đại học quốc lập Khoa học và Công nghệ Đài Loan:国立台湾科技大学
Đại học quốc lập Khoa học và Công nghệ Đài Loan:國立臺灣科技大學
Đại học vật lý kỹ thuật Moskva:莫斯科物理技术学院
Đại lễ đường Nhân dân:人民大会堂
Đại lộ Bình An:Ping'on Daaidau
Đại lộ Bình An:平安大道
Đại lộ Bắc Hải:北海大道
Đại lộ Bắc Luân:Baklan Daaidau
Đại lộ Bắc Luân:北仑大道
Đại lộ Champs-Élysées:香榭丽舍大街
Đại lộ Champs-Élysées:香榭麗舍大道
Đại lộ Dân Tộc:Manzuk Daaidau
Đại lộ Dân Tộc:Minzu Dadao
Đại lộ Dân Tộc:民族大道
Đại lộ Giang Sơn:Gongsaan Daaidau
Đại lộ Giang Sơn:江山大道
Đại lộ Hòa Bình:和平大路
Đại lộ Hồ Chí Minh:胡志明大路
Đại lộ Kim Hoa Trà:Gamfaacaa Daaidau
Đại lộ Kim Hoa Trà:金花茶大道
Đại lộ Kinh Đảo:Gingdau Daaidau
Đại lộ Kinh Đảo:京岛大道
Đại lộ Kinh Đảo:京島大道
Đại lộ Monivong (93):莫尼旺大道（93）
Đại lộ Nam Châu:南珠大道
Đại lộ Ngọc Quế:Njukgwai Daaidau
Đại lộ Ngọc Quế:玉桂大道
Đại lộ Quốc Môn:Gwokmun Daaidau
Đại lộ Quốc Môn:国门大道
Đại lộ Quốc Môn:國門大道
Đại lộ Tây Loan:Slaiwaan Daaidau
Đại lộ Tây Loan:西湾大道
Đại lộ Tây Loan:西灣大道
Đại lộ Đông Minh:Dungmang Daaidau
Đại lộ Đông Minh:dōngméng dàdào
Đại lộ Đông Minh:东盟大道
Đại lộ Đại Học Tập Đường:大学习堂街
Đại lộ Đại Học Tập Đường:大學習堂街
Đại sứ quán Afghanistan:阿富汗大使馆
Đại sứ quán Ai Cập:埃及大使馆
Đại sứ quán Albania:阿尔巴尼亚大使馆
Đại sứ quán Angola:安哥拉大使馆
Đại sứ quán Argentina:阿根廷大使馆
Đại sứ quán Azerbaijan:阿塞拜疆大使馆
Đại sứ quán Ba Lan:波兰大使馆
Đại sứ quán Bahrain:巴林大使馆
Đại sứ quán Bangladesh:孟加拉国大使馆
Đại sứ quán Belarus:白俄罗斯大使馆
Đại sứ quán Bolivia:玻利维亚大使馆
Đại sứ quán Bosnia và Herzegovina:波斯尼亚和黑塞哥维那大使馆
Đại sứ quán Brazil:巴西大使馆
Đại sứ quán Brunei:文莱大使馆
Đại sứ quán Bulgaria:保加利亚大使馆
Đại sứ quán Burkina Faso:布基纳法索大使馆
Đại sứ quán Burundi:布隆迪大使馆
Đại sứ quán Bắc Macedonia:北马其顿大使馆
Đại sứ quán Bỉ:比利时大使馆
Đại sứ quán Bồ Đào Nha:葡萄牙大使馆
Đại sứ quán Bờ Biển Ngà:科特迪瓦大使馆
Đại sứ quán Cameroon:喀麦隆大使馆
Đại sứ quán Campuchia:柬埔寨大使馆
Đại sứ quán Canada:加拿大大使館
Đại sứ quán Canada:加拿大大使馆
Đại sứ quán Chad:乍得大使馆
Đại sứ quán Chile:智利大使馆
Đại sứ quán Colombia:哥伦比亚大使馆
Đại sứ quán Costa Rica:哥斯达黎加大使馆
Đại sứ quán Croatia:克罗地亚大使馆
Đại sứ quán Cuba:古巴大使馆
Đại sứ quán Các Tiểu Vương quốc Ả Rập Thống nhất:阿联酋大使馆
Đại sứ quán Cộng hòa Congo:刚果共和国大使馆
Đại sứ quán Cộng hòa Dân chủ Congo:刚果民主共和国大使馆
Đại sứ quán Cộng hòa Séc:捷克共和国大使馆
Đại sứ quán Estonia:爱沙尼亚大使馆
Đại sứ quán Ethiopia:埃塞俄比亚大使馆
Đại sứ quán Hoa Kỳ:美国大使馆
Đại sứ quán Hungary:匈牙利大使馆
Đại sứ quán Hy Lạp:希腊大使馆
Đại sứ quán Hà Lan:荷兰大使馆
Đại sứ quán Hàn Quốc:韩国大使馆
Đại sứ quán Hợp chủng quốc Hoa Kỳ:美利坚合众国大使馆
Đại sứ quán Indonesia:印度尼西亚大使馆
Đại sứ quán Iran:伊朗大使馆
Đại sứ quán Iraq:伊拉克大使馆
Đại sứ quán Ireland:爱尔兰大使馆
Đại sứ quán Israel:以色列大使馆
Đại sứ quán Jordan:约旦大使馆
Đại sứ quán Kazakhstan:哈萨克斯坦大使馆
Đại sứ quán Kenya:肯尼亚大使馆
Đại sứ quán Kosovo:科索沃大使馆
Đại sứ quán Kuwait:科威特大使馆
Đại sứ quán Kyrgyzstan:吉尔吉斯斯坦大使馆
Đại sứ quán Latvia:拉脱维亚大使馆
Đại sứ quán Liban:黎巴嫩大使馆
Đại sứ quán Libya:利比亚大使馆
Đại sứ quán Litva:立陶宛大使馆
Đại sứ quán Luxembourg:卢森堡大使馆
Đại sứ quán Ma-rốc:摩洛哥大使馆
Đại sứ quán Malaysia:马来西亚大使馆
Đại sứ quán Maldives:马尔代夫大使馆
Đại sứ quán Mali:马里大使馆
Đại sứ quán Malta:马耳他大使馆
Đại sứ quán Mauritania:毛里塔尼亚大使馆
Đại sứ quán Mexico:墨西哥大使馆
Đại sứ quán Moldova:摩尔多瓦大使馆
Đại sứ quán Montenegro:黑山大使馆
Đại sứ quán Mông Cổ:蒙古大使馆
Đại sứ quán Na Uy:挪威大使馆
Đại sứ quán Nam Phi:南非大使馆
Đại sứ quán Nam Sudan:南苏丹大使馆
Đại sứ quán New Zealand:新西兰大使馆
Đại sứ quán Nga:俄罗斯大使馆
Đại sứ quán Nhật Bản:日本大使馆
Đại sứ quán Nicaragua:尼加拉瓜大使馆
Đại sứ quán Niger:尼日尔大使馆
Đại sứ quán Nigeria:尼日利亚大使馆
Đại sứ quán Oman:阿曼大使馆
Đại sứ quán Pakistan:巴基斯坦大使馆
Đại sứ quán Palestine:巴勒斯坦大使馆
Đại sứ quán Panama:巴拿马大使馆
Đại sứ quán Paraguay:巴拉圭大使馆
Đại sứ quán Peru:秘鲁大使馆
Đại sứ quán Philippines:菲律宾大使馆
Đại sứ quán Pháp:法国大使馆
Đại sứ quán Phần Lan:芬兰大使馆
Đại sứ quán Qatar:卡塔尔大使馆
Đại sứ quán Romania:罗马尼亚大使馆
Đại sứ quán Rwanda:卢旺达大使馆
Đại sứ quán Senegal:塞内加尔大使馆
Đại sứ quán Serbia:塞尔维亚大使馆
Đại sứ quán Sierra Leone:塞拉利昂大使馆
Đại sứ quán Singapore:新加坡大使館
Đại sứ quán Singapore:新加坡大使馆
Đại sứ quán Slovakia:斯洛伐克大使馆
Đại sứ quán Slovenia:斯洛文尼亚大使馆
Đại sứ quán Somalia:索马里大使馆
Đại sứ quán Sri Lanka:斯里兰卡大使馆
Đại sứ quán Sudan:苏丹大使馆
Đại sứ quán Tajikistan:塔吉克斯坦大使馆
Đại sứ quán Thái Lan:泰国大使馆
Đại sứ quán Thổ Nhĩ Kỳ:土耳其大使馆
Đại sứ quán Thụy Sĩ:瑞士大使馆
Đại sứ quán Thụy Điển:瑞典大使馆
Đại sứ quán Togo:多哥大使馆
Đại sứ quán Trung Quốc:中国大使馆
Đại sứ quán Tunisia:突尼斯大使馆
Đại sứ quán Turkmenistan:土库曼斯坦大使馆
Đại sứ quán Tây Ban Nha:西班牙大使馆
Đại sứ quán Uganda:乌干达大使馆
Đại sứ quán Ukraina:乌克兰大使馆
Đại sứ quán Việt Nam tại Hàn Quốc:越南驻韩大使馆
Đại sứ quán Việt Nam:越南大使馆
Đại sứ quán Việt Nam:越南駐馬大使館
Đại sứ quán Việt Nam:越南驻马大使馆
Đại sứ quán Vương quốc Anh:英国大使馆
Đại sứ quán Yemen:也门大使馆
Đại sứ quán Áo:奥地利大使馆
Đại sứ quán Úc:澳大利亚大使馆
Đại sứ quán Ý:意大利大使馆
Đại sứ quán Đan Mạch:丹麦大使馆
Đại sứ quán Đức:德国大使馆
Đại sứ quán Ả Rập Xê Út:沙特阿拉伯大使馆
Đại sứ quán Ấn Độ:印度大使馆
Đại Áo:大澳
Đại Điền:Daaitin
Đại Điền:Daaitin-cin
Đại Điền:Dàtián Xiàn
Đại Điền:大田
Đại Điền:大田县
Đại Điền:大田村
Đại Điền:大田縣
Đại Đông:大东
Đại Đường:大塘镇
Đại Đầu:埭头镇
Đại Đầu:埭頭鎮
Đại Đồn:大屯街道
Đại Đồng:Dàtóng shì
Đại Đồng:大同区
Đại Đồng:大同區
Đại Đồng:大同市
Đại Đồng:大同鄉
Đại Đỗ:大肚區
Đại Độ Khẩu:大渡口区
Đại Độ Khẩu:大渡口區
Đại Ấp:Dàyì Xiàn
Đại Ấp:大邑县
Đại Ấp:大邑縣
Đại:Dai Xian
Đại:代县
Đại:代縣
Đạm Thủy:Dànshuǐ Jiēdào
Đạm Thủy:Dànshuǐ Qū
Đạm Thủy:淡水
Đạm Thủy:淡水區
Đạm Thủy:淡水街道
Đạo Chân:道真县
Đạo Chân:道真縣
Đạo Giang:道江
Đạo Khư:道墟街道
Đạo Lý:Dàolǐ Qū
Đạo Lý:道裏區
Đạo Lý:道里区
Đạo Lý:道里區
Đạo Ngoại:Dàowài Qū
Đạo Ngoại:道外区
Đạo Ngoại:道外區
Đạo Phu:Dàofú Xiàn
Đạo Phu:道孚县
Đạo Phu:道孚縣
Đạo Phu:鲜水镇
Đạo Thanh:道清
Đạo Thành:Dàochéng Xiàn
Đạo Thành:稻城县
Đạo Thành:稻城縣
Đạo:Dao Xian
Đạo:道县
Đạo:道縣
Đạo:道鎮
Đạo:道镇
Đạt Châu:Dázhōu Shì
Đạt Châu:达州市
Đạt Châu:達州市
Đạt Duy:达维镇
Đạt Liên Hà:达连河镇
Đạt Nhân:Dá​rén​ Xiāng
Đạt Nhân:達仁鄉
Đạt Trác Tự:达扎寺镇
Đạt:Da Xian
Đạt:达川区
Đạt:達川區
Đảo An Bang:安波沙洲
Đảo Anh:大不列顛島
Đảo Anh:大不列颠岛
Đảo Anh:大不列颠岛 / 大不列顛島
Đảo Arran:亞蘭島
Đảo Arran:阿倫島
Đảo Ascension:亞森松島
Đảo Ascension:阿森松岛
Đảo Ba Ba:鴨公島
Đảo Ba Ba:鸭公岛
Đảo Ba Bình:Tàipíng Dǎo
Đảo Ba Bình:太平岛
Đảo Ba Bình:太平島
Đảo Baker:比卡島
Đảo Baker:贝克岛国家野生动物保护区
Đảo Banks:班克斯岛
Đảo Bolshevik:布尔什维克岛
Đảo Bolshevik:布爾什維克島
Đảo Bouvet:布韦岛
Đảo Bình Nguyên:費信島
Đảo Bình Nguyên:费信岛
Đảo Bạch Long Vĩ:白龍尾島
Đảo Bạch Long Vĩ:白龙尾岛
Đảo Bạch Quy:盘石屿
Đảo Bạch Quy:盤石嶼
Đảo Bắc Đảo:北岛
Đảo Bắc Đảo:北島
Đảo Bắc:北島
Đảo Bến Lạc:西月岛
Đảo Bến Lạc:西月島
Đảo Cao Lan:Gāolán dǎo
Đảo Cao Lan:高栏岛
Đảo Cape Breton:布雷顿角岛
Đảo Chử Bích:渚碧岛
Đảo Chử Bích:渚碧島
Đảo Chử Bích:渚碧礁
Đảo Cook:库克群岛
Đảo Cook:库克群岛 / 庫克群島
Đảo Cook:庫克群島
Đảo Cá Nhám:Huǒ'ài Jiāo
Đảo Cá Nhám:火艾礁
Đảo Cách Mạng Tháng Mười:十月革命岛
Đảo Cách Mạng Tháng Mười:十月革命島
Đảo Duy Mộng:晉卿島
Đảo Duy Mộng:晋卿岛
Đảo Ellesmere:埃尔斯米尔岛
Đảo Giáng Sinh:圣诞岛
Đảo Giáng Sinh:圣诞岛 / 聖誕島
Đảo Giáng Sinh:聖誕島
Đảo Gough:戈夫岛
Đảo Gough:歌賦島
Đảo Gấu:熊岛
Đảo Heard và Quần đảo McDonald:赫德岛和麦克唐纳群岛
Đảo Hoa Dương:Huáyáng Dǎo
Đảo Hoa Dương:华阳岛
Đảo Hoa Dương:華陽島
Đảo Howland:豪蘭島
Đảo Hoàng Sa:珊瑚岛
Đảo Hoàng Sa:珊瑚島
Đảo Hoàng tử Edward:愛德華王子島
Đảo Hoàng tử Edward:愛德華王子島省
Đảo Hoàng tử Edward:爱德华王子岛
Đảo Hoàng tử Edward:爱德华王子岛省
Đảo Hải Nam:海南岛
Đảo Hải Nam:海南島
Đảo Hải Điện:海甸岛
Đảo Hồng Kông:香港岛
Đảo Hồng Kông:香港島
Đảo Hữu Nhật:甘泉岛
Đảo Hữu Nhật:甘泉島
Đảo Inaccessible:伊納克瑟布爾島
Đảo Inaccessible:伊纳克塞瑟布尔岛
Đảo Jarvis:賈維斯島
Đảo Khuông Tử Bắc:筐仔北島
Đảo King William:威廉王島
Đảo Komsomolets:共青团员岛
Đảo Komsomolets:共青團員島
Đảo Kotelny:科捷利內岛
Đảo Kotelny:科捷利內島
Đảo Kotelny:科捷利内岛
Đảo Kyeran:鸡蛋岛
Đảo Loại Ta Tây:南鑰沙洲
Đảo Loại Ta:南钥岛
Đảo Macquarie:麦夸里岛
Đảo Man:曼島
Đảo Man:馬恩島
Đảo Man:马恩岛
Đảo Man:马恩岛 / 曼島
Đảo Melville:梅尔维尔岛
Đảo Montréal:蒙特利尔岛
Đảo Mĩ Tế Bắc:美济岛
Đảo Nam Can:Nan-kan Tao
Đảo Nam Can:Nángan Dǎo
Đảo Nam Can:Nángān Dǎo
Đảo Nam Can:南竿岛
Đảo Nam Can:南竿島
Đảo Nam Yết:鴻庥島
Đảo Nam Yết:鸿庥岛
Đảo Nam Đảo:南岛
Đảo Nam Đảo:南島
Đảo Nam:南島
Đảo Ngân Tự Tử:Yāgōng-dǎo
Đảo Ngân Tự Tử:银屿仔
Đảo Ngân Tự:銀嶼
Đảo Ngân Tự:银屿
Đảo Ngọc:玉島
Đảo Norfolk:诺福克岛
Đảo Phan Vinh:毕生礁
Đảo Phú Lâm:Yǒngxīng Dǎo
Đảo Phú Lâm:永兴岛
Đảo Phú Lâm:永兴岛礁盘
Đảo Phú Lâm:永興島
Đảo Phú Lâm:永興島礁盤
Đảo Phú Quốc:富国岛
Đảo Phú Quốc:富國島
Đảo Prince of Wales:威尔士亲王岛
Đảo Quang Hòa:琛航礁
Đảo Quảng Kim:广金岛
Đảo Quảng Kim:廣金島
Đảo Ramree:兰里岛
Đảo Rungra:綾羅島
Đảo Rungra:绫罗岛
Đảo Schmidt:施密特岛
Đảo Severny:謝韋爾內島
Đảo Sinh Tồn Đông:染青沙洲
Đảo Song Tử Tây:南子岛
Đảo Song Tử Tây:南子島
Đảo Song Tử Đông:Beizi Dao
Đảo Song Tử Đông:北子岛
Đảo Stewart:斯圖爾特島
Đảo Sâm Hàng:琛航岛
Đảo Sâm Hàng:琛航島
Đảo Sơn Ca:仙娥礁
Đảo Thuyền Chài E:柏礁E点岛
Đảo Thuyền Chài:柏礁D点岛
Đảo Thái Bình:Tàipíng Dǎo
Đảo Thái Bình:太平岛
Đảo Thái Bình:太平島
Đảo Thạch Tự:石嶼
Đảo Thạch:岛石镇
Đảo Thị Tứ:Zhōngyè Dǎo
Đảo Thị Tứ:中业岛
Đảo Thổ Chu:土珠岛
Đảo Tiền Phong:少先队员岛
Đảo Toàn Phú Tử:全富仔
Đảo Tri Tôn:中建岛
Đảo Tri Tôn:中建島
Đảo Triệu Thuật:赵述岛
Đảo Triệu Thuật:趙述島
Đảo Trung Kiến:Zhōng jiàn dǎo
Đảo Trung Kiến:中建岛
Đảo Trung Kiến:中建島
Đảo Trung Đảo:中岛
Đảo Trung Đảo:中島
Đảo Trường Sa Đông:Chung Chiao
Đảo Trường Sa Đông:中礁
Đảo Trường Sa:南威岛
Đảo Vi Châu:Waizau Dau
Đảo Vi Châu:Wéizhōu Dǎo
Đảo Vi Châu:涠洲岛
Đảo Vi Châu:潿洲島
Đảo Victoria:维多利亚岛
Đảo Vize:维泽岛
Đảo Vĩnh Hưng—Đảo Triệu Thuật:永兴岛-赵述岛
Đảo Vĩnh Hưng—Đảo Triệu Thuật:永興島-趙述島
Đảo Vĩnh Hưng—Đảo Tấn Khanh:永兴岛-晋卿岛
Đảo Vĩnh Hưng—Đảo Tấn Khanh:永興島-晉卿島
Đảo Vĩnh Thực:永实岛
Đảo Vĩnh Thực:永殖島
Đảo Vĩnh Viễn:馬歡島
Đảo Vĩnh Viễn:马欢岛
Đảo Wrangel:弗兰格尔岛
Đảo Xích Qua:赤瓜岛
Đảo Yanggak:羊角岛
Đảo Yanggak:羊角島
Đảo san hô San Hô:珊瑚岛礁盘
Đảo san hô San Hô:珊瑚島礁盤
Đảo san hô Tuyên Đức:宣德环礁
Đảo san hô Tuyên Đức:宣德環礁
Đảo san hô vòng Bikini:比基尼环礁
Đảo Đá:Shí Dǎo
Đảo Đá:石岛
Đảo Đá:石島
Đảo Đông Môn:东门岛
Đảo Đông Môn:東門島
Đảo Đông Đĩnh:dōngdìng dǎo
Đảo Đông Đĩnh:东碇岛
Đảo Đông Đĩnh:東碇島
Đảo Đông Đảo:东岛
Đảo Đông Đảo:東島
Đảo Độc Đôn:独墩岛
Đảo Độc Đôn:獨墩島
Đảo Ốc Hoa:全富岛
Đảo Ốc Hoa:全富島
Đất Đỏ:坦赭市镇
Đấu Lục:斗六市
Đấu Nam:斗南鎮
Đầm Dơi District:潭猚县
Đầm Dơi District:潭猚縣
Đầm Hà District:潭河县
Đầm Hà District:潭河縣
Đầm Hà:潭河县
Đầm Hà:潭河縣
Đầm phá Đảo Áp Công:鴨公島潟湖
Đầu Phần:頭份市
Đầu Thành:Tóu​chéng​ Zhèn
Đầu Thành:頭城鎮
Đầu Đạo:头道镇
Đầu Đồn Hà:Tóutúnhé Qū
Đầu Đồn Hà:头屯河区
Đầu Đồn Hà:頭屯河區
Đầu Ốc:頭屋鄉
Đẩu Môn:Daumun-kui
Đẩu Môn:Dòumén qū
Đẩu Môn:Dǒumén Qū
Đẩu Môn:斗門區
Đẩu Môn:斗门区
Đập Cẩm Bình-I:锦屏一级水电站
Đập Khê Lạc Độ:Xīluòdù Dàbà
Đập Khê Lạc Độ:溪洛渡大坝
Đập Khê Lạc Độ:溪洛渡大壩
Đập Tam Hiệp:Sānxiá Dàbà
Đập Tam Hiệp:三峡大坝
Đập Tam Hiệp:三峽大壩
Đập Xay Nha Bu Ly:沙耶武里水电站
Đắc Nhĩ Bố Nhĩ:得耳布尔镇
Đắc Thắng:得胜街道
Đắc Vinh:Dêrong Xian
Đắc Vinh:太阳谷镇
Đắc Vinh:得榮縣
Đắc Vinh:得荣县
Đắk Glong District:多格朗縣
Đắk Lắk Province:多乐省
Đắk Lắk Province:多樂省
Đắk Mil District:多明縣
Đắk Nông Province:得农省
Đắk Nông Province:得農省
Đắk Nông:得农省
Đắk Nông:得農省
Đắk R'Lấp District:得熱勒縣
Đắk Song District:多雙縣
Đằng Châu:Téngzhōu Shì
Đằng Châu:滕州市
Đằng Châu:藤州镇
Đằng Gia:滕家鎮
Đằng Gia:滕家镇
Đằng Xung:téngchōng shì
Đằng Xung:腾冲市
Đằng Xung:騰衝市
Đằng:Derngjyun
Đằng:téng xiàn
Đằng:藤县
Đằng:藤縣
Đẳng Tử:等子
Đặc Bố Lạc:特布洛乡
Đặc khu Bắc Vân Phong:北雲峰經濟特區
Đặc khu Columbia:哥伦比亚特区
Đặc khu Columbia:哥伦比亚特区/哥倫比亞特區
Đặc khu Columbia:哥倫比亞特區
Đặc khu Cô Tô:姑苏特区
Đặc khu Cô Tô:姑蘇特區
Đặc khu Cồn Cỏ:𡑱𦹵特区
Đặc khu Cồn Cỏ:𡑱𦹵特區
Đặc khu Yogyakarta:日惹特区
Đặng Châu:Dèngzhōu Shì
Đặng Châu:邓州市
Đặng Châu:鄧州市
Đến:到达
Đề Thám:提探街
Đền Hương Nghĩa:香义灵祠
Đền Hương Nghĩa:香義靈祠
Đền Kumano:熊野神社
Đền Mẫu:老街母祠
Đền Ngọc Sơn:玉山祠
Đền Quán Thánh:真武觀
Đền Quán Thánh:真武观
Đền Shwezigon:瑞西光塔
Đền Thượng:聖陳祠
Đền thờ Liệt sĩ Phường Phước Hiệp:福协坊烈士纪念馆
Đền thờ Thánh Phê-rô:圣伯多禄大殿
Đền thờ Thánh Phê-rô:聖伯多祿大殿
Đền thờ Đức Thánh Trần Hưng Đạo:陈兴道灵祠
Đền trẻ Schoenstatt:舍恩施塔特年輕神社
Đền trẻ Schoenstatt:舍恩施塔特年轻神社
Đỉnh Hồ:Dǐnghú Qū
Đỉnh Hồ:鼎湖
Đỉnh Hồ:鼎湖区
Đỉnh Hồ:鼎湖區
Đỉnh Thành:dǐngchéng qū
Đỉnh Thành:鼎城区
Đỉnh Thành:鼎城區
Địa Mạc:地莫鎮
Địa Mạc:地莫镇
Định An:Dìng'ān Xiàn
Định An:定安
Định An:定安县
Định An:定安縣
Định Biên:Dingbian Xian
Định Biên:定边县
Định Biên:定邊縣
Định Châu:Dìngzhōu Shì
Định Châu:定州市
Định Hóa District:定化县
Định Hóa District:定化縣
Định Hóa:定化县
Định Hóa:定化縣
Định Hưng:定兴县
Định Hưng:定興縣
Định Hải:Dìnghǎi Qū
Định Hải:定海区
Định Hải:定海區
Định Nam:dìngnán xiàn
Định Nam:定南
Định Nam:定南县
Định Nam:定南縣
Định Quán District:定貫縣
Định Quán District:定贯县
Định Quán:定貫縣
Định Quán:定贯县
Định Tây:Dìngxī Shì
Định Tây:定西市
Định Tương:Dingxiang Xian
Định Tương:Dìngxiāng Xiàn
Định Tương:定襄县
Định Tương:定襄縣
Định Viễn:Dingyuan Xian
Định Viễn:定远县
Định Viễn:定遠縣
Định Đào:Dìngtáo Qū
Định Đào:定陶区
Định Đào:定陶區
Đối Bình:对坪镇
Đống Đa District:栋多郡
Đống Đa District:棟多郡
Đồ Lý Hà:图里河镇
Đồ Môn:Túmén Shì
Đồ Môn:图们市
Đồ Môn:圖們市
Đồ Sơn District:塗山郡
Đồ Sơn District:涂山郡
Đồi Braemar:寶馬山
Đồi Moran:牡丹峰
Đồi Ngô:堆吳
Đồi Ngô:堆吴
Đồi Pháo đài:Pàotái shān
Đồi Pháo đài:炮台山
Đồn Khê:Túnxī qū
Đồn Khê:屯溪区
Đồn Khê:屯溪區
Đồn Lưu:Tunliu Xian
Đồn Lưu:屯留区
Đồn Lưu:屯留區
Đồn Môn Tân Khư:屯門新墟
Đồn Xương:Túnchāng Xiàn
Đồn Xương:屯昌
Đồn Xương:屯昌县
Đồn Xương:屯昌縣
Đồn cảnh sát Toyo:东阳警察哨所
Đồn Đạc:屯度
Đồng An:Tóng'ān Qū
Đồng An:同安
Đồng An:同安区
Đồng An:同安區
Đồng Bách:桐柏县
Đồng Bách:桐柏縣
Đồng Bích:铜壁关乡
Đồng Bục Commune:同仆社
Đồng Bục Commune:同僕社
Đồng Cốc:同谷
Đồng Cổ:tónggǔ xiàn
Đồng Cổ:銅鼓縣
Đồng Cổ:铜鼓县
Đồng Giang:同江市
Đồng Hương:Tóngxiāng Shì
Đồng Hương:桐乡市
Đồng Hương:桐鄉
Đồng Hương:桐鄉市
Đồng Hới Ward:洞海
Đồng Hới Ward:洞海坊
Đồng Hới:洞海市
Đồng Hỷ District:洞喜县
Đồng Hỷ District:洞喜縣
Đồng Khởi:同起路
Đồng La:銅鑼鄉
Đồng Lê Commune:同黎社
Đồng Lý:Tónglǐ Zhèn
Đồng Lý:同里鎮
Đồng Lý:同里镇
Đồng Lăng:Tónglíng Shì
Đồng Lăng:tónglíng shì
Đồng Lăng:銅陵
Đồng Lăng:銅陵市
Đồng Lăng:铜陵市
Đồng Lư:Tónglú Xiàn
Đồng Lư:桐庐县
Đồng Lư:桐廬
Đồng Lư:桐廬縣
Đồng Lương:銅梁區
Đồng Lương:铜梁区
Đồng Miên:桐棉镇
Đồng Mỏ:同煤
Đồng Mộc Tháp:tóngmùtà yáozú xiāng
Đồng Mộc Tháp:桐木漯瑶族乡
Đồng Nai Province (former):同奈省
Đồng Nai Province:同奈省
Đồng Nam:Tóngnán Qū
Đồng Nam:潼南区
Đồng Nam:潼南區
Đồng Nhân:Tongren Diqu
Đồng Nhân:Tóngrén Shi
Đồng Nhân:Tóngrén Shì
Đồng Nhân:同仁市
Đồng Nhân:銅仁市
Đồng Nhân:铜仁地区
Đồng Nhân:铜仁市
Đồng Phú District:同富县
Đồng Phú District:同富縣
Đồng Phú:同富县
Đồng Phú:同富縣
Đồng Quan:Tóngguān Xiàn
Đồng Quan:潼关县
Đồng Quan:潼關
Đồng Quan:潼關縣
Đồng Quan:銅官區
Đồng Quan:铜官区
Đồng Sơn Ward:洞山坊
Đồng Sơn:Tóngshān Qū
Đồng Sơn:銅山區
Đồng Sơn:铜山区
Đồng Thuận Trai:同顺斋
Đồng Thuận Ward:洞順坊
Đồng Thuận Ward:洞顺坊
Đồng Thành:桐城市
Đồng Tháp Province (former):同塔省
Đồng Tháp Province:同塔省
Đồng Tháp:同塔省
Đồng Tiến:同进
Đồng Tiến:同進
Đồng Trại:东寨镇
Đồng Tâm Commune:同心社
Đồng Tâm:Tóngxīn xiàn
Đồng Tâm:同心县
Đồng Tâm:同心坊
Đồng Tâm:同心縣
Đồng Tử Lâm:桐子林镇
Đồng Tử Viên:桐子园
Đồng Văn District:同文县
Đồng Văn District:同文縣
Đồng Văn:同文县
Đồng Văn:同文市镇
Đồng Văn:同文縣
Đồng Vương:同王
Đồng Xoài:同帅市
Đồng Xoài:同帥市
Đồng Xuyên:Tóngchuān Shì
Đồng Xuyên:tóngchuān zhèn
Đồng Xuyên:潼川镇
Đồng Xuyên:銅川市
Đồng Xuyên:铜川市
Đồng Xuân District:同春县
Đồng Xuân District:同春縣
Đồng bằng Bắc Âu:北德平原
Đồng bằng Tây Sibir:西西伯利亚平原
Đồng bằng sông Cửu Long:湄公河三角洲
Đồng bằng sông Hồng:紅河三角洲
Đồng bằng sông Hồng:红河三角洲
Đồng bằng Đông Âu:东欧平原
Đồng Đăng:tóngdēng
Đồng Đăng:同登
Đồng Đạo Đường:同道堂
Đồng Đức:Tóngdé Xiàn
Đồng Đức:同德县
Đồng Đức:同德縣
Đổ Thành:堵城镇
Đổng Banh:Dǒngbāng Zhèn
Đổng Banh:董浜鎮
Đổng Banh:董浜镇
Đổng Can:董干镇
Đổng Gia Câu:董家沟街道
Đổng Gia Câu:董家溝街道
Đổng Mã:董马乡
Đổng Đường:dǒngtáng zhèn
Đổng Đường:董塘镇
Đỗ Bì:杜皮乡
Đỗ Quang Đẩu:杜光极街
Đỗ Triệu:杜赵
Đỗ Trạch:杜泽镇
Đỗ Trạch:杜澤鎮
Đỗ Tập:杜集区
Đỗ Tập:杜集區
Độ:渡市镇
Độc Long:都龙镇
Độc Sơn:Dushan Xian
Độc Sơn:独山县
Độc Sơn:獨山縣
Động Hương Tích:香悉洞
Động Khẩu:dòngkǒu xiàn
Động Khẩu:洞口
Động Khẩu:洞口县
Động Khẩu:洞口縣
Động Thiên Cung:天宫洞
Động Trung:Dungzung-cin
Động Trung:Dungzung-zan
Động Trung:峒中村
Động Trung:峒中鎮
Động Trung:峒中镇
Động Tử Nhai:洞子崖
Động Đầu:Dòngtóu Xiàn
Động Đầu:洞头区
Động Đầu:洞頭
Động Đầu:洞頭區
Đột Tuyền:Tuquan Xian
Đột Tuyền:突泉县
Đột Tuyền:突泉縣
Đục Khê Bridge:独溪桥
Đức An:déān xiàn
Đức An:德安
Đức An:德安县
Đức An:德安縣
Đức Bà Hoà Bình:和平女王的像
Đức Bảo:débǎo xiàn
Đức Bảo:德保县
Đức Bảo:德保縣
Đức Châu:Dézhōu Shì
Đức Châu:德州市
Đức Cách:Dêgê Xian
Đức Cách:德格县
Đức Cách:德格縣
Đức Cách:更庆镇
Đức Cơ District:德基县
Đức Cơ District:德基縣
Đức Cơ:德基县
Đức Cơ:德基縣
Đức Dương:Déyáng Shi
Đức Dương:德阳市
Đức Dương:德陽市
Đức Giang:德江县
Đức Giang:德江縣
Đức Hoành:德宏州
Đức Huệ District:德惠縣
Đức Huệ:Déhuì Shì
Đức Huệ:德惠市
Đức Huệ:德惠縣
Đức Hòa District:德和縣
Đức Hòa:德和市镇
Đức Hòa:德和縣
Đức Hưng:Déxīng shì
Đức Hưng:德兴市
Đức Hưng:德興
Đức Hưng:德興市
Đức Khánh:Déqìng Xiàn
Đức Khánh:德庆县
Đức Khánh:德慶
Đức Khánh:德慶縣
Đức Linh Cáp:Délìnghā Shì
Đức Linh Cáp:德令哈市
Đức Linh District:德靈縣
Đức Phổ:德普
Đức Phổ:德普市社
Đức Thanh:Déqīng Xiàn
Đức Thanh:德清
Đức Thanh:德清县
Đức Thanh:德清縣
Đức Thành:Déchéng Qū
Đức Thành:德城区
Đức Thọ District:德壽縣
Đức Thọ District:德寿县
Đức Thọ:德壽縣
Đức Thọ:德寿县
Đức Trọng District:德重縣
Đức Vũ:德武
Đức Xương:Déchāng Xiàn
Đức Xương:德州街道
Đức Xương:德昌县
Đức Xương:德昌縣
Đức:Déguó
Đức:德国
Đức:德国/德國
Đức:德國
