Dà Kēng:Daai6 Haang
Dà Kēng:Tai Hang
Dà Kēng:大坑
Dà Qìng:大箐
Dàdèng Island:Dàdèng dǎo
Dàdèng Island:大嶝岛
Dàdèng Island:大嶝島
Dài-báe̤k:Táiběi Shì
Dài-báe̤k:Táiběi Shìh
Dài-báe̤k:ㄊㄞˊ ㄅㄟˇ ㄕˋ
Dài-báe̤k:台北市
Dài-báe̤k:臺北市
Dài-dĕ̤ng:Táidong Siàn
Dài-dĕ̤ng:Táidōng Xiàn
Dài-dĕ̤ng:台东县
Dài-dĕ̤ng:臺東縣
Dài-dṳ̆ng:Táijhong Shìh
Dài-dṳ̆ng:Táizhōng Shì
Dài-dṳ̆ng:ㄊㄞˊ ㄓㄨㄥ ㄕˋ
Dài-dṳ̆ng:台中市
Dài-dṳ̆ng:臺中市
Dài-gĕ̤ng:táijiāng qū
Dài-gĕ̤ng:台江
Dài-gĕ̤ng:台江区
Dài-gĕ̤ng:臺江區
Dài-nàng:Táinán Shì
Dài-nàng:Táinán Shìh
Dài-nàng:ㄊㄞˊ ㄋㄢˊ ㄕˋ
Dài-nàng:台南市
Dài-nàng:臺南
Dài-nàng:臺南市
Dài-uăng-sēng:Táiwan Shěng
Dài-uăng-sēng:Táiwān Shěng
Dài-uăng-sēng:ㄊㄞˊ ㄨㄢ ㄕㄥˇ
Dài-uăng-sēng:台湾省
Dài-uăng-sēng:臺灣省
Dài-uăng:Táiwan
Dài-uăng:Táiwān
Dài-uăng:ㄊㄞˊ ㄨㄢ
Dài-uăng:台湾
Dài-uăng:臺灣
Dàlián Road:Dàlián lù
Dàlián Road:大连路
Dàlì huòjià:大利货架
Dàmáskù:大馬士革
Dàmáskù:大马士革
Dàmáskù:大马士革 / 大馬士革
Dàtián Xiàn:大田
Dàtián Xiàn:大田县
Dàtián Xiàn:大田縣
Dàtián:Dàtián Xiàn
Dàtián:大田
Dàtián:大田县
Dàtián:大田縣
Dàtōng Qū:大通区
Dàtōng Qū:大通區
Dàyì:Dàyì Xiàn
Dàyì:大邑县
Dàyì:大邑縣
Dádra a Nagar Havélí:达德拉-纳加尔哈维利
Dáhšúr:代赫舒爾
Dáik-guók:Déguó
Dáik-guók:德国
Dáik-guók:德国/德國
Dáik-guók:德國
Dáik-huá:déhuà xiàn
Dáik-huá:德化
Dáik-huá:德化县
Dáik-huá:德化縣
Dájkondi:代孔迪省
Dájkundí:代孔迪省
Dájkundí:戴管地省
Dáli kormányzóság:达利阿省
Dálnice A1:A1高速公路
Dálnovýchodní ekonomický rajón:远东经济地区
Dálnovýchodní ekonomický rajón:遠東經濟地區
Dálněvýchodní federální okruh:远东联邦管区
Dálněvýchodní federální okruh:遠東聯邦管區
Dán Királyság:丹麥王國
Dán Királyság:丹麦王国
Dánia Nagykövetsége:丹麦大使馆
Dánia főkonzulátusa:丹麦总领事馆
Dánia tiszteletbeli konzulátusa:丹麦名誉领事馆
Dánia:Dānmài
Dánia:丹麥
Dánia:丹麦
Dánia:丹麦 / 丹麥
Dánmárkku ambassáda:丹麦大使馆
Dánmárkku gudnekonsuláhta:丹麦名誉领事馆
Dánmárkku váldokonsuláhta:丹麦总领事馆
Dánmárku:Dānmài
Dánmárku:丹麥
Dánmárku:丹麦
Dánmárku:丹麦 / 丹麥
Dánsko:Dānmài
Dánsko:丹麥
Dánsko:丹麦
Dánsko:丹麦 / 丹麥
Dárasalám:达累斯萨拉姆
Dárasalám:達累斯薩拉姆
Dárdžiling:大吉岭
Dárnytsia:达尔尼齐亚
Dávid tornya:大卫塔
Dáághahii Dineʼé Bikéyah:Fǎguó
Dáághahii Dineʼé Bikéyah:法国
Dáághahii Dineʼé Bikéyah:法国/法國
Dáághahii Dineʼé Bikéyah:法國
Dáághahii Dineʼé Bikéyah:法國/法国
Dáághahii Dinéʼiʼ Bikéyah:法国本土
Dáághahii Dinéʼiʼ Bikéyah:法國本土
Dáághahii Dinéʼiʼ Bikéyah:法國本土/法国本土
Dâi Bók-liĕk-diĕng Dō̤:大不列顛島
Dâi Bók-liĕk-diĕng Dō̤:大不列颠岛
Dâi Bók-liĕk-diĕng Dō̤:大不列颠岛 / 大不列顛島
Dâi-dièng:Dàtián Xiàn
Dâi-dièng:大田
Dâi-dièng:大田县
Dâi-dièng:大田縣
Dâi-iòng-ciŭ:大洋洲
Dân Cần:mínqín xiàn
Dân Cần:民勤县
Dân Cần:民勤縣
Dân Hóa Commune:民化社
Dân Hùng:民雄鄉
Dân Nhạc:mínlè xiàn
Dân Nhạc:民乐县
Dân Nhạc:民樂縣
Dân Quyền:Minquan Xian
Dân Quyền:民权县
Dân Quyền:民權縣
Dân Sinh:Mansaang-cin
Dân Sinh:民生村
Dâng-ciŭ:Zhèngzhōu Shì
Dâng-ciŭ:zhèngzhōu shì
Dâng-ciŭ:郑州市
Dâng-ciŭ:鄭州
Dâng-ciŭ:鄭州市
Dãy Appalachian:阿巴拉契亚山脉
Dãy núi Balkan:巴尔干山脉
Dãy núi Karpat:喀尔巴阡山脉
Dãy núi Quặng:厄尔士山脉
Dãy núi Rhodope:罗多彼山脉
Dãy núi Rocky:洛磯山脈
Dãy núi Tibesti:提贝斯提高原
Dãy núi Ural:乌拉尔山脉
Dãy núi Đại Tuyết Sơn:大雪山山脉
Däitschland Sports Club Köln Onofhängegkeet:德國體育俱樂部科隆獨立
Däitschland:Déguó
Däitschland:德国
Däitschland:德国/德國
Däitschland:德國
Däiz:巴特特尔茨
Dämark Cafe:丹馬克咖啡館
Dämmam:达曼
Dänemark:Dānmài
Dänemark:丹麥
Dänemark:丹麦
Dänemark:丹麦 / 丹麥
Dänemàrik:Dānmài
Dänemàrik:丹麥
Dänemàrik:丹麦
Dänemàrik:丹麦 / 丹麥
Dänisliän:尼兹利省
Därnä:德尔纳
Däuha:多哈
Däänmark:Dānmài
Däänmark:丹麥
Däänmark:丹麦
Däänmark:丹麦 / 丹麥
Dånmark:丹麥
Dånmark:丹麦
Dèlma:德爾馬斯
Dèmi-Kartî:德米卡尔捷
Dèng Shēng:邓生
Dèpok:德博
Dè̤ng-lìng:Tónglíng Shì
Dè̤ng-lìng:tónglíng shì
Dè̤ng-lìng:銅陵
Dè̤ng-lìng:銅陵市
Dè̤ng-lìng:铜陵市
Décathlon:迪卡侬
Décathlon:迪卡儂
Décollage de parapente FlyNiton:FlyNiton 滑翔伞起飞
Dédovitxi:杰多维奇
Dédovsk:傑多夫斯克
Défenseur de l'Ukraine:乌克兰后卫
Déhrádún:台拉登
Déhuà Xiàn:德化
Déhuà Xiàn:德化县
Déhuà Xiàn:德化縣
Déhuà:déhuà xiàn
Déhuà:德化
Déhuà:德化县
Déhuà:德化縣
Déinish Dineʼé Bikéyah:丹麥
Déinish Dineʼé Bikéyah:丹麦
Dél kormányzóság:南黎巴嫩省
Dél- és Kelet-Szerbia:东塞尔维亚
Dél-Afrika nagykövetsége:南非大使馆
Dél-Afrika tiszteletbeli konzulátusa:南非名誉领事馆
Dél-Afrika:Nán Fēi
Dél-Afrika:南非
Dél-Afrika:南非共和國
Dél-Amerika:南美洲
Dél-Atlanti-óceán:南大西洋
Dél-Ausztrália:南澳大利亚州
Dél-Cshungcshong:忠清南道
Dél-Csolla:全羅南道
Dél-Dakota:南达科他州
Dél-Dakota:南達科他州
Dél-Dánia régió:南丹麦大区
Dél-Góbi tartomány:南戈壁
Dél-Góbi tartomány:南戈壁省
Dél-Hamgjong:咸鏡南道
Dél-Hamgjong:咸镜南道
Dél-Hangáj tartomány:前杭愛
Dél-Hangáj tartomány:前杭愛省
Dél-Hangáj tartomány:前杭爱省
Dél-Holland:南荷兰
Dél-Holland:南荷兰省
Dél-Holland:南荷蘭
Dél-Holland:南荷蘭省
Dél-Horászán tartomány:南呼罗珊省
Dél-Horászán tartomány:南呼羅珊省
Dél-Hvanghe:黃海南道
Dél-Hvanghe:黄海南道
Dél-Kalimantan:南加里曼丹省
Dél-Karolina:南卡罗来纳州
Dél-Karolina:南卡羅萊納州
Dél-Karélia:南卡累利阿區
Dél-Kivu:南基伍省
Dél-Kjongszang:庆尚南道
Dél-Kjongszang:慶尚南道
Dél-Korea főkonzulátusa:韩国总领事馆
Dél-Korea nagykövetsége:韩国大使馆
Dél-Korea tiszteletbeli konzulátusa:韩国名誉领事馆
Dél-Korea:Hánguó
Dél-Korea:南韓
Dél-Korea:大韓民國
Dél-Korea:韓國
Dél-Korea:韩国
Dél-Korea:韩国 / 南韓
Dél-Közép-Bulgária:中南部规划区 (保加利亚)
Dél-Oszétia:南奥塞梯
Dél-Oszétia:南奧塞梯
Dél-Phjongan:平安南道
Dél-Pohjanmaa:南博滕區
Dél-Sulawesi:南苏拉威西省
Dél-Szudán nagykövetsége:南苏丹大使馆
Dél-Szudán:南苏丹
Dél-Szudán:南苏丹 / 南蘇丹
Dél-Szudán:南蘇丹
Dél-Szumátra:南苏门答腊省
Dél-Ubangi:南乌班吉省
Dél-bácskai körzet:南巴奇卡州
Dél-dániai Egyetem:南丹麥大學
Dél-kínai-tenger:Naamhoi
Dél-kínai-tenger:Nán Hǎi
Dél-kínai-tenger:naam4 hoi2
Dél-kínai-tenger:ㄋㄢˊ ㄏㄞˇ
Dél-kínai-tenger:南海
Déli Palota:南宫
Déli Palota:南宮
Déli Sark:南极点
Déli Sark:南极点/南極點
Déli Sark:南極
Déli Sark:南極點
Déli kerület:南区
Déli kerület:南區
Déli kormányzóság:南方省
Déli körzet:南部区
Déli körzet:南部區
Déli nemzetek, nemzetiségek és népek:南方民族、部落和人民州
Déli sziget:尤日內島
Déli szövetségi körzet:南部联邦管区
Déli szövetségi körzet:南部聯邦管區
Déli-Bug:南布格河
Déli-Georgia és Déli-Sandwich-szigetek:南乔治亚和南桑威奇群岛
Déli-Georgia és Déli-Sandwich-szigetek:南喬治亞和南桑威奇群島
Déli-Georgia és Déli-Sandwich-szigetek:南喬治亞島與南桑威奇群島
Déli-Urál:南烏拉爾山脈
Déli-sziget:南島
Délices de Belleville:快樂糕餅店
Délices de Chine:味之家
Délkelet-Anatólia régió:东南安纳托利亚地区
Délkelet-Bulgária:东南部规划区
Délkelet-Románia:东南部发展地区
Délkelet-Sulawesi:东南苏拉威西省
Délkelet-ázsiai Nemzetek Szövetsége:东南亚国家联盟
Délkelet-ázsiai Nemzetek Szövetsége:東南亞國家協會
Délnyugat-Anglia:西南英格兰
Délnyugat-Bulgária:西南部规划区 (保加利亚)
Déláwee Hahoodzo:德拉瓦州
Déláwee Hahoodzo:特拉华州
Déláwee Hahoodzo:特拉華州
Délégation de l'Union européenne:欧洲联盟驻华代表团
Délégation de l'Union européenne:欧盟驻马来西亚代表团
Délégation de l'Union européenne:歐盟駐馬來西亞代表團
Dén Haag:海牙
Déng-gŏng:Zhènjiāng Shì
Déng-gŏng:鎮江
Déng-gŏng:鎮江市
Déng-gŏng:镇江市
Dénmark:丹麥
Dénmark:丹麦
Dénwér:丹佛
Département central:中央部
Département de Louga:盧加省
Département de Paraguari:巴拉瓜裡省
Département de Police de Trabzon:特拉布宗警察局
Département de l'Ouémé:韋梅省
Département de l'agriculture des États-Unis, bâtiment sud:美国农业部
Département de la Cordillère - Département de Paraguarí (District de Paraguarí):科迪勒拉省 - 巴拉瓜裡省（巴拉瓜里區）
Département de la Cordillère - Département de Paraguarí:科迪勒拉省 - 巴拉圭省
Département de la Cordillère:科迪勒拉省
Département du Centre - Département de la Cordillère:中央部 - 科迪勒拉部
Département du Centre - Département du Paraguarí:中央部 - 巴拉瓜裡部
Département du Trésor des États-Unis:美国财政部
Départs et Arrivées:出发和到达
Départs et Arrivées:出發和到達
Dépendance de Ross:罗斯属地
Dépendances de la Couronne:王冠属地
Dépendances de la Couronne:王冠属地 / 王冠屬地
Dépendances de la Couronne:王冠屬地
Dépok:德博
Dépose bagages:行李托运处
Dépression Caspienne:裏海盆地
Dépression de Touran:图兰低地
Dépôt de locomotives à vapeur d'Umekōji:梅小路蒸汽機關車庫
Dépôt n° 2 des locomotive à vapeur:SL第二检修库
Dépôt n° 2 des locomotive à vapeur:SL第二檢修車庫
Dérbi:德比
Dérbi:打比
Désert Kubuqi:库布齐沙漠
Désert Kubuqi:庫布齊沙漠
Désert d'Atacama:阿他加馬沙漠
Désert de Gobi:大戈壁
Désert de Suji:苏计沙地
Désert de Suji:蘇計沙地
Désert du Kalahari:喀拉哈里沙漠
Désert du Karakoum:卡拉库姆沙漠
Désert du Kyzylkoum:克孜勒库姆沙漠
Désert du Namib:納米比沙漠
Désert du Taklamakan:塔克拉玛干沙漠
Désert du Taklamakan:塔克拉瑪干沙漠
Détachement de Police du Point Final de l'île de Luanda:罗安达岛端点警察支队
Détachement de Police du Point Final de l'île de Luanda:羅安達島端點警察支隊
Détroit Fildes:Sanmen Xia
Détroit Fildes:三門峽
Détroit Fildes:三门峡
Détroit d'Apolima:阿波利马海峡
Détroit d'Hudson:哈得逊海峡
Détroit d'Ormuz:霍尔木兹海峡
Détroit de Balabac:巴拉巴克海峡
Détroit de Bali:峇里海峽
Détroit de Belle Isle:贝尔岛海峡
Détroit de Bransfield:布蘭斯菲爾德海峽
Détroit de Bungo:丰后水道
Détroit de Corfou:克拉基海峽
Détroit de Corée:朝鮮海峽
Détroit de Corée:朝鲜海峡
Détroit de Davis:戴維斯海峽
Détroit de Davis:戴维斯海峡
Détroit de Dmitri-Laptev:德米特里·拉普捷夫海峽
Détroit de Foveaux:福沃海峡
Détroit de Gibraltar:直布罗陀海峡
Détroit de Gibraltar:直布羅陀海峽
Détroit de Iougor:尤戈爾斯基海峽
Détroit de La Pérouse:宗谷海峡
Détroit de Le Maire:勒梅爾海峽
Détroit de Lombok:龙目海峡
Détroit de Luçon:吕宋海峡
Détroit de Luçon:呂宋海峽
Détroit de Macassar:望加锡海峡
Détroit de Magellan:麥哲倫海峽
Détroit de Magellan:麦哲伦海峡
Détroit de Magellan:麦哲伦海峡 / 麥哲倫海峽
Détroit de Malacca:马六甲海峡
Détroit de Matotchkine:馬托奇金海峽
Détroit de Messine:墨西拿海峡
Détroit de Mindoro:民都洛海峽
Détroit de Nevelskoï:涅韦尔斯科伊海峡
Détroit de Palk:保克海峡
Détroit de Qiongzhou:琼州海峡
Détroit de Qiongzhou:瓊州海峽
Détroit de Sannikov:桑尼科夫海峽
Détroit de Singapour:新加坡海峡
Détroit de Surigao:苏里高海峡
Détroit de Tartarie:鞑靼海峽
Détroit de Tartarie:韃靼海峽
Détroit de Taïwan:台湾海峡
Détroit de Taïwan:台湾海峡/臺灣海峽
Détroit de Taïwan:台灣海峽
Détroit de Taïwan:臺灣海峽
Détroit de Torrès:托雷斯海峡
Détroit de Tsugaru:津輕海峽
Détroit de Tsugaru:津轻海峡
Détroit de Tsushima:對馬海峽
Détroit de la Sonde:巽他海峡
Détroit du Kamtchatka:堪察加海峽
Détroit:底特律
Détóng Line:détóng xiàn
Détóng Line:德桐线
Dévény vára:杰温城堡
Déwonshir:德文郡
Déwonshir:德雲郡
Dê'gyiling:déjílín zhèn
Dê'gyiling:德吉林镇
Dê-dṳ̆ng-hāi:地中海
Dê:Shānyáng
Dê:山羊
Dê:德村
Dêba:迪巴村
Dêbai:德巴村
Dêgar:德嘎村
Dêgba:德巴村
Dêgo:德果村
Dêgta:德塔村
Dêgê County:Dêgê Xian
Dêgê County:德格县
Dêgê County:德格縣
Dêgê:Dêgê Xian
Dêgê:德格县
Dêgê:德格縣
Dêlêgba:德列比村
Dêmai:德麦村
Dêmda:德达村
Dêmmo township:dēngmù xiāng
Dêmmo township:登木乡
Dêmmo:dēngmù xiāng
Dêmmo:登木乡
Dêmmo:登木村
Dêmo:定波乡
Dênda:德达村
Dêngba:当巴
Dêngba:登巴村
Dênggar:旦嘎乡
Dênggong:定贡岗村
Dêngka:丁卡村
Dêngka:登卡村
Dêngkarnubqog:单嘎努觉村
Dêngqên County:Dīngqīng Xiàn
Dêngqên County:丁青县
Dêngqên County:丁青縣
Dêngqên:Dīngqīng Xiàn
Dêngqên:dīngqīng zhèn
Dêngqên:丁青县
Dêngqên:丁青村
Dêngqên:丁青縣
Dêngqên:丁青镇
Dêngtog:洞托村
Dêngxoi:邓许村
Dênxoi:邓学村
Dêqên County:Déqīn Xiàn
Dêqên County:德欽縣
Dêqên County:德钦县
Dêqên:Déqīn Xiàn
Dêqên:Díqìng Zàngzú Zìzhìzhōu
Dêqên:déqìng zhèn
Dêqên:德庆镇
Dêqên:德欽縣
Dêqên:德钦县
Dêqên:迪庆藏族自治州
Dêqên:迪慶藏族自治州
Dêqêngang:德庆档村
Dêra Bartolomeyo:亚美尼亚的圣巴尔多禄茂修道院
Dêra Wesleyan a Sê Çem:三河卫斯理教堂
Dêra Wesleyan a Sê Çem:三河衛斯理教堂
Dêrazor:代尔祖尔
Dêrazor:代爾祖爾
Dêrdoin:dédēng xiāng
Dêrdoin:德登乡
Dêrgong:Dé'ěr gòng cūn
Dêrgong:德尔贡村
Dêrgong:德爾貢村
Dêrika Çiyayê Mazî:代里克
Dêrlung:登龙乡
Dêrong County:Déróng Xiàn
Dêrong County:得榮縣
Dêrong County:得荣县
Dêrsim:通杰利省
Dêrxas:哈斯柯伊
Dêrzhom:德仲寺
Dêtang:德通村
Dêwrığe:迪夫里伊
Dêwê:德威镇
Dêxing:déxīng xiāng
Dêxing:地新村
Dêxing:德兴乡
Dêxing:德兴村
Dêxungma:德荣马乡
Dêyü Co:Déyǔ Hú
Dêyü Co:得雨湖
Dê’gyai:德改社区
Dê’gyi Chongsar:德吉新村
Dê’gyi:幸福村
Dê’gyi:德吉村
Dê’gyiling:德吉林村
Dê’nyag:德娘村
Dëńskô:丹麥
Dëńskô:丹麦
Dímer:德梅爾
Díu:第乌
Díu:第乌联邦属地
Dívánijja:迪瓦尼耶
Díváníja:迪瓦尼耶
Dîcle:底格里斯河
Dîlok:加济安泰普
Dîlok:加濟安泰普
Dîlîcan:迪利然
Dîmer:德梅爾
Dîvrîgî:迪夫里伊
Dîwaniye:迪瓦尼耶
Dòbritx:多布里奇
Dòumén Village:Dòumén cūn
Dòumén Village:斗门村
Dòumén:Dòumén cūn
Dòumén:斗门村
Dòumǎnjiāng:Túménjiāng
Dòumǎnjiāng:图们江
Dòumǎnjiāng:图门江
Dòumǎnjiāng:圖們江
Dó:šo:wë́:h:水牛城
Dóbrush:多布魯什
Dódóma:多多马
Dódóma:杜篤瑪
Dólar general:美元一般
Dólgoie:多夫亥
Dólinsk:多林斯克
Dólnoszląsczé wòjewództwò:下西里西亚省
Dólnoszląsczé wòjewództwò:下西里西亞省
Dóm svätého Štefana:聖史蒂芬大教堂
Dóminíka:多米尼克
Dóminíska lýðveldið:多明尼加
Dóminíska lýðveldið:多米尼加
Dómkirkja heilags Basils:聖瓦西亞大教堂
Dómkirkjan í Hróarskeldu:罗斯基勒主教座堂
Dómkirkjan í Ulm:乌尔姆主教座堂
Dómkirkjan:宫廷教堂
Dómíníkì Olómìnira:多明尼加
Dómíníkì Olómìnira:多米尼加
Dóná:多瑙河
Dópik^e:托皮卡
Dózse palota:威尼斯總督府
Dóúala:杜阿拉
Dó̤-lô-te̍k-ò Hû-se:Duōluótèào Fúxī
Dó̤-lô-te̍k-ò Hû-se:多罗特奥·扶西
Dó̤-lô-te̍k-ò Hû-se:多羅特奧·扶西
Dôaziin Jûslang:都瓦子珠斯楞
Dôbdôn Hôt:道布登浩特
Dôbôrtong Cun:道贝尔筒村
Dôbôrtong Ercun:道贝尔筒二村
Dôbôrtong Sancun:道贝尔筒三村
Dôbôrtong Yicun:道贝尔筒一村
Dôbôt Hôt:道布图浩特
Dôhôi Hôt:陶海浩特
Dôlqin:道勒钦
Dôlôd Gaqaa:道老都嘎查
Dôlôd:道老都
Dôlônger:道仑格日
Dôlôngt:刀楞吐
Dôlôôdai Cun:道劳代村
Dôlôôdai Erdui:道劳代二队
Dôlôôdai Sandui:道劳代三队
Dôlôôdai Sidui:道劳代四队
Dôlôôdai Yidui:道劳代一队
Dôlôôn Baixing Cun:道伦百姓村
Dôlôôn Baixing:道伦板
Dôlôôn Baixing:道伦百姓
Dôlôôn Hûdag Cun:道楞呼都嘎村
Dôlôôn Môd Cun:道仑毛都村
Dôlôôn Môd Gaqaa:道仑毛都嘎查
Dôlôôn Môd Hôt:道楞毛都浩特
Dôlôôn Môd:道老毛都
Dôlôôn Nûûr:duōlúnnuòěr zhèn
Dôlôôn Nûûr:多伦诺尔镇
Dôlôônhûdag:当郎忽洞
Dôlôônhûdag:道伦胡都嘎
Dôlôônmôd Cun:道劳毛道村
Dôlôônmôd:道劳毛道
Dôm Dabaa:椴木格达坝
Dôme de Genbaku:原爆遗址
Dôme de Milan:米蘭大教堂
Dôme français:法國大教堂
Dônaintung Cun:代林筒村
Dônd Bôlang:敦德布郎
Dông Hà:东河
Dông Hà:東河
Dôornik:图尔奈
Dôornik:圖爾奈
Dôsôt Hôt:道斯图浩特
Dôxiin Ôbôô Hôt:道希音敖包浩特
Dôôd Engger:道图恩格尔
Dôôd Habqil:下哈巴其拉
Dôôd Hôlbôô:道图浩勒宝
Dôôr Dorben Baixin Hôt:道如都日本拜兴浩特
Dôôr Haxaat Hôt:道日哈夏图浩特
Dôôr Hôt:道日浩特
Dôôr Xibtee:道日锡玻图
Dôôr Xin Hûdag Gaqaa:道日新呼都格嘎查
Döda havet:死海
Döda städerna:叙利亚北部古村落群
Döletbagh Subdistrict:都来提巴格街道
Döletbagh:多来提巴格乡
Dömïnîka:多米尼克
Döngbagh:dūnbāgé xiāng
Döngbagh:墩巴格乡
Döngmehelle Subdistrict:墩买里街道
Döngqotan:墩阔坦镇
Dörbiljin Town:額敏鎮
Dörbiljin Town:额敏镇
Dörbiljin:Émǐn Xiàn
Dörbiljin:額敏縣
Dörbiljin:额敏县
Dörbıljın qalaşyğy:額敏鎮
Dörbıljın qalaşyğy:额敏镇
Dörgön Lake:德勒湖
Dörgön:杜尔根苏木
Dörtyol:德爾特約爾
Dörvöljin:德尔沃勒金苏木
Dövləkən:達夫列卡諾沃
Dövlət Akademik Böyük Teatr:莫斯科大剧院
Døde byer:叙利亚北部古村落群
Dødehavet:死海
Dùghlais:道格拉斯
Dùn Airchill:厄尔斯顿
Dùn Phris as y Ghallioo:鄧弗里斯-加洛韋
Dùn Phrìs is Gall-Ghaidhealaibh:鄧弗里斯-加洛韋
Dùn Èideann:Àidīngbǎo
Dùn Èideann:愛丁堡
Dùn Èideann:爱丁堡
Dùng-ăng:Tóng'ān Qū
Dùng-ăng:同安
Dùng-ăng:同安区
Dùng-ăng:同安區
Dùthaich nam Basgach:巴斯克地區
Dùthaich nan Suasaidh:史瓦帝尼
Dùthaich nan Suasaidh:史瓦蒂尼
Dùthaich nan Suasaidh:斯威士兰
Dùthaich nan Suasaidh:斯威士兰 / 史瓦蒂尼 / 斯威士蘭
Dùthaich nan Suasaidh:斯威士蘭
Dùthaich nan Tàidh:泰国
Dùthaich nan Tàidh:泰國
Dúbaí:迪拜
Dúbrovka:杜布罗夫卡
Dúlais:道格拉斯
Dúmá:杜馬
Dún Airchill:厄尔斯顿
Dún Dealgan:邓多克
Dún Dealgan:邓多克 / 鄧多克
Dún Dealgan:鄧多克
Dún Éideann:Àidīngbǎo
Dún Éideann:愛丁堡
Dún Éideann:爱丁堡
Dúshanbe:杜尚别
Dútslân:Déguó
Dútslân:德国
Dútslân:德国/德國
Dútslân:德國
Dûgaan Ôbôô Hôt:都干敖包浩特
Dûgai Ûs Hôt:都古音乌苏浩特
Dûgûi Gaqaa:杜贵嘎查
Dûgûi:杜贵
Dûgûit Hôt:都盖图浩特
Dûmd Bûgûn:敦达宝肯
Dûmd Ûs Gaqaa:敦达乌苏嘎查
Dûmd Ûs:敦达乌苏
Dûmdatin Gôl Hôt:敦达音高勒浩特
Dûnd Hôt:敦达浩特
Dûnd Mangh Hôt:敦达芒哈浩特
Dûnd Nûûr Gaqaa-Debel Miao:敦达诺尔嘎查-德博勒庙
Dûnd Nûûr Gaqaa-Ondor Bôr Gaqaa:敦达诺尔嘎查-温都包尔嘎查
Dûnd Nûûr Gaqaa:敦达诺尔嘎查
Dûnd Nûûr Hôt:敦达淖尔浩特
Dûnd Nûûr:敦达淖尔
Dûnd Qaidam Hôt:敦达柴达木浩特
Dûnd Togrog:敦达图古日格
Dûnd Xar Ûs Nûûr:敦达沙日乌苏诺尔
Dûnd Xar Ûs:敦达沙日乌苏
Dûnd Xûûgin:敦达绍根
Dûnda Adargan Hôt:敦达阿达日干浩特
Dûnda Hadan Hûdûg Hôt:敦达哈登呼都嘎浩特
Dûnda Hôrqin Ôbôô Hôt:敦达浩尔钦敖包浩特
Dûnda Hôt:敦达浩特
Dûnda Qaidam Hôt:敦达柴达木浩特
Dûnda Xalai Hôt:敦达夏来浩特
Dûnda Ûs Hôt:敦达乌苏浩特
Dûreng Ôbôôs:都古荣敖包
Dûrgeha Bankis:班克斯岛
Dûrgeha Mêllvîl:梅尔维尔岛
Dûrgeha Vîktorya:维多利亚岛
Dûrgeha şazade patrîk:帕特里克王子岛
Dûrnait Gaqaa Xin Hôt:道仁乃图嘎查新浩特
Dûrnait Gaqaa:道仁乃图嘎查
Dûrnait Hôt:道仁乃图浩特
Dûwasin Hôt:都瓦子音浩特
Dûûlagt Hôt:都拉嘎图浩特
Dûût Nûûr Gaqaa:道图淖尔嘎查
Dûût Tôlgôi Hôt:道图陶勒盖浩特
Dü:堆村
Düblin:都柏林
Düji:同吉村
Düjung:dùqióng xiāng
Düjung:杜琼乡
Düna:Duīnà xiāng
Düna:堆納鄉
Düna:堆纳乡
Düna:道加瓦河
Dünkirchen:敦克爾克
Dünkirchen:敦刻尔克
Dünqu Goinba:顿久寺
Düns:丁斯
Dünserberg:丁瑟尔贝格
Dünya Fikri Mülkiyet Örgütü:世界知识产权组织
Düre qalaşyğy:dùrè zhèn
Düre qalaşyğy:杜热镇
Düre:dùrè zhèn
Düre:杜热镇
Düre:迪恩
Düren:迪恩
Düri:堆日村
Dürr Paintshop Systems Engineering (Shanghai) Co., Ltd.:杜尔涂装系统工程（上海）有限公司
Dürtüli:久爾秋利
Düshenbe:杜尚别
Düsseldorf Airport:杜塞尔多夫国际机场
Düsseldorf Central Station:杜塞爾多夫中央車站
Düsseldorf Gare Centrale:杜塞爾多夫中央車站
Düsseldorf Uluslararası Havalimanı:杜塞尔多夫国际机场
Düsseldorf internasjonale lufthavn:杜塞尔多夫国际机场
Düsseldorf:杜塞尔多夫
Düsseldorf:杜塞道夫
Düsseldorfeko nazioarteko aireportua:杜塞尔多夫国际机场
Düsseldorfin kansainvälinen lentoasema:杜塞尔多夫国际机场
Düsseldorfs internationella flygplats:杜塞尔多夫国际机场
Dütschland:Déguó
Dütschland:德国
Dütschland:德国/德國
Dütschland:德國
Düwa:堆瓦村
Düx:道依茨
Düzce Merkez:迪茲傑
Düzce:迪茲傑
Düzcə:迪茲傑
Düziçi:迪齊吉
Düörpm:多特蒙德
Düütschland:Déguó
Düütschland:德国
Düütschland:德国/德國
Düütschland:德國
Düütsklound:Déguó
Düütsklound:德国
Düütsklound:德国/德國
Düütsklound:德國
Düşənbə:杜尚别
Dýrey:侏羅島
dä Benin:Bèiníng
dä Benin:貝南
dä Benin:貝寧
dä Benin:贝宁
dä Benin:贝宁 / 貝南
dé po la:Pǔ bù lā shānkǒu
dé po la:普布拉
détroit de Kara:卡拉海峽
dühok Havaalanı:杜胡克国际机场
