Fà-ôn-yen:huáān xiàn
Fà-ôn-yen:华安县
Fà-ôn-yen:華安
Fà-ôn-yen:華安縣
Fài-si̍p-yen:Huáijí Xiàn
Fài-si̍p-yen:怀集县
Fài-si̍p-yen:懷集
Fài-si̍p-yen:懷集縣
Fàsach Libianach:利比亚沙漠
Fàsach Namib:納米比沙漠
Fàstiv:法斯蒂夫
Fábrica De Tabaco Dragão Brilhante:駿龍捲煙廠
Fábrica De Tabaco Dragão Brilhante:骏龙卷烟厂
Fábrica Va Nam:华南工业大厦
Fábrica Va Nam:華南工業大廈
Fábrica de Bebidas Winexpress Macau:凱捷澳門飲料廠
Fábrica de Betão Temporária:临时混凝土厂
Fábrica de Betão Temporária:臨時混凝土廠
Fábrica de Reciclagem de Plástico:再生塑料厂
Fábrica de Reciclagem de Plástico:再生塑料廠
Fárjáb:法利亚布省
Fárjáb:法利亚布省/法利亞布省
Fárjáb:法利亞布省
Fárjáb:法里亚布省
Fárs:法尔斯省
Fárs:法爾斯省
Fársz tartomány:法尔斯省
Fársz tartomány:法爾斯省
Fášir:法希尔
Fâ-lièn-sṳ:Huālián Shì
Fâ-lièn-sṳ:Huɑ̄liɑ́n Shì
Fâ-lièn-sṳ:花莲市
Fâ-lièn-sṳ:花蓮市
Fâ-lièn-yen:Hualián Siàn
Fâ-lièn-yen:Huālián Xiàn
Fâ-lièn-yen:Huɑ̄liɑ́n Xiɑ̀n
Fâ-lièn-yen:花莲县
Fâ-lièn-yen:花蓮縣
Fâ-thàn-hiông:花壇鄉
Fâ-tû-khî:Huādū Qū
Fâ-tû-khî:花都
Fâ-tû-khî:花都区
Fâ-tû-khî:花都區
Fân-lu-hiông:番路鄉
Fân-ngì-khî:Pānyú Qū
Fân-ngì-khî:番禺
Fân-ngì-khî:番禺区
Fân-ngì-khî:番禺區
Fâryâb:法利亚布省
Fâryâb:法利亚布省/法利亞布省
Fâryâb:法利亞布省
Fâryâb:法里亚布省
Fâşia Gaza:Jiāshā Dìdài
Fâşia Gaza:加沙地带
Fâșia Gaza:加沙地带
Fâșia Gaza:加沙地帶
Fâșia Gaza:加薩走廊
Fähranleger Richtung Casa Blanca und Regla:渡輪碼頭到對岸，人滿就開船1CUP
Fährhafen (Fähren nach Matsu, Taiwan):渡船站(到台湾马祖)
Fälande:費蘭登
Fällanden:費蘭登
Färsaaret:Fǎluóqúndǎo
Färsaaret:法罗群岛
Färsaaret:法罗群岛 / 法羅群島
Färsaaret:法羅群島
Färöarna:Fǎluóqúndǎo
Färöarna:法罗群岛
Färöarna:法罗群岛 / 法羅群島
Färöarna:法羅群島
Färöer-Ìnsle:Fǎluóqúndǎo
Färöer-Ìnsle:法罗群岛
Färöer-Ìnsle:法罗群岛 / 法羅群島
Färöer-Ìnsle:法羅群島
Färöer:Fǎluóqúndǎo
Färöer:法罗群岛
Färöer:法罗群岛 / 法羅群島
Färöer:法羅群島
Färöje:Fǎluóqúndǎo
Färöje:法罗群岛
Färöje:法罗群岛 / 法羅群島
Färöje:法羅群島
Fääri saared:Fǎluóqúndǎo
Fääri saared:法罗群岛
Fääri saared:法罗群岛 / 法羅群島
Fääri saared:法羅群島
Fær Øer:法罗群岛
Færeyjar:Fǎluóqúndǎo
Færeyjar:法罗群岛
Færeyjar:法罗群岛 / 法羅群島
Færeyjar:法羅群島
Færøerne:Fǎluóqúndǎo
Færøerne:法罗群岛
Færøerne:法罗群岛 / 法羅群島
Færøerne:法羅群島
Færøyane:Fǎluóqúndǎo
Færøyane:法罗群岛
Færøyane:法罗群岛 / 法羅群島
Færøyane:法羅群島
Færøyene:Fǎluóqúndǎo
Færøyene:法罗群岛
Færøyene:法罗群岛 / 法羅群島
Færøyene:法羅群島
Fæsten Wayne:韋恩堡
Fæsten Wayne:韦恩堡
Fætilar:費特勒島
Fæġerrabeċe:赫莫萨比奇
Fènghuáng North Road:Fènghuáng běi lù
Fènghuáng North Road:凤凰北路
Fènghuáng Road:Fènghuáng Lù
Fènghuáng Road:fènghuáng lù
Fènghuáng Road:凤凰路
Fènghuáng South Road:Fènghuáng nán lù
Fènghuáng South Road:凤凰南路
Fèngtái Xiàn:Fengtai Xian
Fèngtái Xiàn:凤台县
Fèngtái Xiàn:鳳臺
Fèngtái Xiàn:鳳臺縣
Fèngyáng Road:Fèngyáng lù
Fèngyáng Road:凤阳路
Fès:非斯
Féderasi Mikronésia:密克罗尼西亚
Féderasi Mikronésia:密克罗尼西亚 / 密克羅尼西亞
Féderasi Mikronésia:密克羅尼西亞
Fédération de Bosnie-et-Herzégovine:波士尼亞與赫塞哥維納聯邦
Fédération de Bosnie-et-Herzégovine:波斯尼亚和黑塞哥维那联邦
Fédération de Russie (la):Éluósī
Fédération de Russie (la):俄罗斯
Fédération de Russie (la):俄罗斯 / 俄羅斯
Fédération de Russie (la):俄羅斯
Fên-nàm-yen:Héngyáng Xiàn
Fên-nàm-yen:衡南
Fên-nàm-yen:衡南县
Fên-nàm-yen:衡南縣
Fên-sân-yen:héngshān xiàn
Fên-sân-yen:衡山县
Fên-sân-yen:衡山縣
Fên-tûng-yen:héngdōng xiàn
Fên-tûng-yen:衡东县
Fên-tûng-yen:衡東
Fên-tûng-yen:衡東縣
Fên-yòng-sṳ:Héngyáng Shì
Fên-yòng-sṳ:Héngyáng Shìh
Fên-yòng-sṳ:衡阳市
Fên-yòng-sṳ:衡陽
Fên-yòng-sṳ:衡陽市
Fên-yòng-yen:Héngyáng xiàn
Fên-yòng-yen:衡阳县
Fên-yòng-yen:衡陽縣
Fêreu-eilannen:法罗群岛
Fëdorovskij:费奥多罗夫斯基
Fëlânde:Fēnlán
Fëlânde:芬兰
Fëlânde:芬兰 / 芬蘭
Fëlânde:芬蘭
Fìdi:斐济
Fìdi:斐济 / 斐濟
Fìdi:斐濟
Fìobha:快富
Fìobha:法夫
Fìrscht-vùn-Wales-Ìnsel:威尔士亲王岛
Fídjieyjar:斐济
Fídjieyjar:斐济 / 斐濟
Fídjieyjar:斐濟
Fíji:斐济
Fíji:斐济 / 斐濟
Fíji:斐濟
Fíjì:斐济
Fíjì:斐济 / 斐濟
Fíjì:斐濟
Fílabeinsstrondin:Kētèdíwǎ
Fílabeinsstrondin:科特迪瓦
Fílabeinsstrondin:科特迪瓦 / 象牙海岸
Fílabeinsstrondin:象牙海岸
Fílabeinsströndin:Kētèdíwǎ
Fílabeinsströndin:科特迪瓦
Fílabeinsströndin:科特迪瓦 / 象牙海岸
Fílabeinsströndin:象牙海岸
Fínsko:Fēnlán
Fínsko:芬兰
Fínsko:芬兰 / 芬蘭
Fínsko:芬蘭
Fínsky záliv:芬兰湾
Fírovo:菲罗沃
Fííjii:斐济
Fííjii:斐济 / 斐濟
Fííjii:斐濟
Fî-chû:非洲
Fî-li̍t-pîn:Fēilǜbīn
Fî-li̍t-pîn:菲律宾
Fî-li̍t-pîn:菲律宾 / 菲律賓
Fî-li̍t-pîn:菲律賓
Fî-li̍t-pîn:菲律賓/菲律宾
Fîjî:斐济
Fîjî:斐济 / 斐濟
Fîjî:斐濟
Fîlînți:菲林齊
Fînland:Fēnlán
Fînland:芬兰
Fînland:芬兰 / 芬蘭
Fînland:芬蘭
Fînlande:Fēnlán
Fînlande:芬兰
Fînlande:芬兰 / 芬蘭
Fînlande:芬蘭
Fò-mî-chṳ́n:和美鎮
Fò-phìn-khî:Hépíng Qū
Fò-phìn-khî:和平区
Fò-phìn-khî:和平區
Fò-phìn-yen:Hépíng Xiàn
Fò-phìn-yen:和平
Fò-phìn-yen:和平县
Fò-phìn-yen:和平縣
Fòng-sàng-khî:Fongsing-ki
Fòng-sàng-khî:fángchéng qū
Fòng-sàng-khî:防城
Fòng-sàng-khî:防城区
Fòng-sàng-khî:防城區
Fòng-sàng-kóng-sṳ:Fongsinggong-si
Fòng-sàng-kóng-sṳ:Fángchénggǎng Shì
Fòng-sàng-kóng-sṳ:防城港市
Fòrt Wayne:韋恩堡
Fòrt Wayne:韦恩堡
Fòs (de Mar):濱海福斯
Fó Mountain:Fó dǐng
Fó Mountain:佛顶
Fókino:福基諾
Fókino:福基诺
Fólkaræðiliga Lýðveldið Kongo:刚果民主共和国
Fólkaræðiliga Lýðveldið Kongo:剛果民主共和國
Fông-yen-hiông:芳苑鄉
Fôrt-de-France:法兰西堡
Fôrt-de-France:法蘭西堡
Födelsekyrkan:圣诞教堂
Födelsekyrkan:聖誕教堂
Föderaalne Lennuamet (USA):联邦航空管理局（美国
Föderaalne pealinnaala:聯邦首都特區
Föderation Bosnien und Herzegowina:波士尼亞與赫塞哥維納聯邦
Föderation Bosnien und Herzegowina:波斯尼亚和黑塞哥维那联邦
Föderationskreis Ferner Osten:远东联邦管区
Föderationskreis Ferner Osten:遠東聯邦管區
Föderationskreis Nordkaukasus:北高加索联邦管区
Föderationskreis Nordkaukasus:北高加索聯邦管區
Föderationskreis Nordwest:西北联邦管区
Föderationskreis Nordwest:西北聯邦管區
Föderationskreis Sibirien:西伯利亚联邦管区
Föderationskreis Sibirien:西伯利亞聯邦管區
Föderationskreis Südrussland:南部联邦管区
Föderationskreis Südrussland:南部聯邦管區
Föderationskreis Ural:乌拉尔联邦管区
Föderationskreis Ural:烏拉爾聯邦管區
Föderationskreis Wolga:伏尔加联邦管区
Föderationskreis Wolga:伏爾加聯邦管區
Föderationskreis Zentralrussland:中央联邦管区
Föderationskreis Zentralrussland:中央聯邦管區
Föderierte Staaten von Mikronesien:密克罗尼西亚
Föderierte Staaten von Mikronesien:密克罗尼西亚 / 密克羅尼西亞
Föderierte Staaten von Mikronesien:密克羅尼西亞
Földközi-tenger:地中海
Földközi-tengeri régió:地中海地区
Förbjudna staden:Gùgōng
Förbjudna staden:故宫
Förenade Arabemiraten:Ālābó Liánhé Qiúchángguó
Förenade Arabemiraten:阿拉伯联合酋长国
Förenade Arabemiraten:阿拉伯联合酋长国 / 阿拉伯聯合大公國
Förenade Arabemiraten:阿拉伯聯合大公國
Förenade Arabemiraten:阿拉伯聯合酋長國
Förenade Arabemiratens Ambassad:阿拉伯聯合酋長國大使館
Förenade Arabemiratens ambassad:阿拉伯聯合酋長國大使館
Förenade Arabemiratens ambassad:阿联酋大使馆
Förenade Arabemiratens generalkonsulat:阿拉伯联合酋长国总领事馆
Förenade arabemiraternas ambassad:阿拉伯聯合酋長國大使館
Förenta nationernas flyktingkommissariat:联合国难民事务高级专员办事处 / 聯合國難民事務高級專員辦事處
Förenta staterna:Měiguó
Förenta staterna:美国
Förenta staterna:美國
Första hjälpen:急救
Försäljningskontor:销售办公室
Föröjar:法罗群岛
Föröjar:法羅群島
Føderasjonen Bosnia-Hercegovina:波士尼亞與赫塞哥維納聯邦
Føderasjonen Bosnia-Hercegovina:波斯尼亚和黑塞哥维那联邦
Fødselskirken:圣诞教堂
Fødselskirken:聖誕教堂
Føroyar:Fǎluóqúndǎo
Føroyar:法罗群岛
Føroyar:法罗群岛 / 法羅群島
Føroyar:法羅群島
Førstehjelp:急救
Førstehjælp:急救
Fù-chû-sṳ:湖州
Fù-chû-sṳ:湖州市
Fù-khiéu-hiông:湖口鄉
Fù-lî-khî:Húlǐ Qū
Fù-lî-khî:湖裏區
Fù-lî-khî:湖里
Fù-lî-khî:湖里区
Fù-nui-khî:湖內區
Fù-sî Chông:鬍鬚張
Fù-sî-hiông:湖西乡
Fù-sî-hiông:湖西鄉
Fùng-hói:紅海
Fùng-hói:红海
Fùng-hói:红海/紅海
Fùng-tû-lâ-sṳ̂:宏都拉斯
Fùng-tû-lâ-sṳ̂:洪都拉斯
Fú-mî-chṳ́n:虎尾鎮
Fúdsaíra:富吉拉
Fúdsaíra:富查伊拉酋長國
Fúdé village:fúdé zhuāngcūn
Fúdé village:福德庄村
Fújiàn:Fújiàn Shěng
Fújiàn:福建省
Fúnafútí:富納富提
Fúnafútí:富纳富提
Fúqīng Shì:福清市
Fúqīng:Fúqīng Shì
Fúqīng:福清
Fúqīng:福清市
Fúshān Road:Fúshān lù
Fúshān Road:福山路
Fû-yûng-khî:Fúróng Qū
Fû-yûng-khî:芙蓉区
Fû-yûng-khî:芙蓉區
Fûn-làn:Fēnlán
Fûn-làn:芬兰
Fûn-làn:芬兰 / 芬蘭
Fûn-làn:芬蘭
Fûn-yèn-hiông:芬園鄉
Fûng-chhe̍t-khî:丰泽区
Fûng-chhe̍t-khî:豐澤
Fûng-chhe̍t-khî:豐澤區
Fûng-khôi-yen:Fēngkāi Xiàn
Fûng-khôi-yen:封开县
Fûng-khôi-yen:封開
Fûng-khôi-yen:封開縣
Fûng-ngièn-khî:豐原區
Fûng-pîn-hiông:豐濱鄉
Fûng-sun-yen:Fēngshùn Xiàn
Fûng-sun-yen:丰顺县
Fûng-sun-yen:豐順
Fûng-sun-yen:豐順縣
Füceyre Emirliği:富吉拉
Füceyre Emirliği:富查伊拉酋長國
Füceyrə əmirliyi:富吉拉
Füceyrə əmirliyi:富查伊拉酋長國
Fülöp-szigetek tiszteletbeli konzulátusa:菲律宾名誉领事馆
Fülöp-szigetek:Fēilǜbīn
Fülöp-szigetek:菲律宾
Fülöp-szigetek:菲律宾 / 菲律賓
Fülöp-szigetek:菲律賓
Fülöp-szigetek:菲律賓/菲律宾
Fülöp-szigeteki főkonzulátus:菲律宾总领事馆
Fülöp-szigeteki nagykövetség:菲律宾大使馆
Fünen:菲英岛
Fünf-Phönix-Haus:fúyùlóu
Fünf-Phönix-Haus:福裕楼
Fünfkirchen:佩奇
Fünfkirchen:貝赤
Fürst-Pückler-Park Bad Muskau:穆斯考爾公園
Fürst-von-Wales-Insel:威尔士亲王岛
Fürstenfeldbruck:菲尔斯滕费尔德布鲁克
Fürstenpalast in Monaco:摩納哥親王宮
Fürth:菲尔特
Fürth:菲爾特
fà-â-sâm-lu 199-hong:華亞三路199巷
fënneften koki:第五個koki
fünfter koki:第五個koki
