Yàm-chhàng:鹽埕區
Yàm-lîn-yen:Yánlíng Xiàn
Yàm-lîn-yen:炎陵
Yàm-lîn-yen:炎陵县
Yàm-lîn-yen:炎陵縣
Yàm-súi-khî:鹽水區
Yàm-thièn-khî:Yántián Qū
Yàm-thièn-khî:盐田区
Yàm-thièn-khî:鹽田區
Yàm-thàng:鹽埕區
Yàn Yún Lóu:燕云楼
Yámburg:扬堡
Yángjiā Shāo'ěrkuài (Tacos de Yóutiáo):杨家烧饵块
Yángjiā Shāo'ěrkuài (Youtiao tacos):杨家烧饵块
Yánjí Road:yánjí lù
Yánjí Road:延吉路
Yánpíng Qū:延平
Yánpíng Qū:延平区
Yánpíng Qū:延平區
Yánpíng:yánpíng qū
Yánpíng:延平
Yánpíng:延平区
Yánpíng:延平區
Yártsevo:亞爾采沃
Yásnaia Poliana:亚斯纳亚波利亚纳
Yâ-lu-sat-lâng:耶路撒冷
Yâm-phû-hiông:鹽埔鄉
Yämän:Yěmén
Yämän:也門
Yämän:也门
Yämän:也门 / 葉門
Yämän:葉門
Yè Shànghai:夜上海
Yèjí Qū:叶集区
Yèjí Qū:葉集區
Yèmen:Yěmén
Yèmen:也門
Yèmen:也门
Yèmen:也门 / 葉門
Yèmen:葉門
Yèn-chhâu-khî:燕巢區
Yèn-lìm-chṳ́n:員林市
Yèn-phìn-hiông:Yán​píng​ Xiāng
Yèn-phìn-hiông:延平鄉
Yèn-phìn-khî:yánpíng qū
Yèn-phìn-khî:延平
Yèn-phìn-khî:延平区
Yèn-phìn-khî:延平區
Yèn-sân-hiông:員山鄉
Yèrèvan:埃里溫
Yèrèvan:葉里溫
Yé-ngae:Yán'ān Shì
Yé-ngae:延安市
Yélizovo:叶利佐沃
Yémen:Yěmén
Yémen:也門
Yémen:也门
Yémen:也门 / 葉門
Yémen:葉門
Yéngiawat:英阿瓦提乡
Yéngimehelle:英买力镇
Yéngisheher Subdistrict:xìngfúlù jiēdào
Yéngisheher Subdistrict:新城街道
Yéngisheher:新城街道
Yéngitam:英塔木镇
Yéngiyer:英也尔乡
Yéngiyer:英也爾鄉
Yéngiösteng:yīngwúsītáng xiāng
Yéngiösteng:英吾斯坦乡
Yéngiösteng:英吾斯塘乡
Yénimahalle:英买力镇
Yérusalem:耶路撒冷
Yérévan:埃里溫
Yérévan:葉里溫
Yêdagxi:依塔西村
Yêdo:也多村
Yêdoi:也堆村
Yêgu:也古村
Yên Bái Province:安沛省
Yên Bái:安沛市
Yên Bái:安沛省
Yên Bình District:安平县
Yên Bình District:安平縣
Yên Bình:安平县
Yên Bình:安平市镇
Yên Bình:安平縣
Yên Bình:安沛市镇
Yên Châu District:安州县
Yên Châu District:安州縣
Yên Châu:安州县
Yên Châu:安州縣
Yên Khoái Commune:安快社
Yên Khoái:安快
Yên Khánh District:安庆县
Yên Khánh District:安慶縣
Yên Khánh:安庆县
Yên Khánh:安慶縣
Yên Kỳ:焉耆县
Yên Kỳ:焉耆縣
Yên Lăng:Yanling Xian
Yên Lăng:鄢陵县
Yên Lăng:鄢陵縣
Yên Lạc District:安乐县
Yên Lạc District:安樂縣
Yên Lạc:安乐县
Yên Lạc:安樂縣
Yên Lập District:安立县
Yên Lập District:安立縣
Yên Lập:安立县
Yên Lập:安立縣
Yên Minh District:安銘縣
Yên Minh District:安铭县
Yên Minh:安銘縣
Yên Minh:安铭县
Yên Minh:安铭市镇
Yên Mô District:安謨縣
Yên Mô District:安谟县
Yên Mô:安謨縣
Yên Mô:安谟县
Yên Môn:Yanmen Xiang
Yên Môn:燕门乡
Yên Mỹ District:安美县
Yên Mỹ District:安美縣
Yên Mỹ:安美
Yên Mỹ:安美县
Yên Mỹ:安美市镇
Yên Mỹ:安美縣
Yên Phong District:安丰县
Yên Phong District:安豐縣
Yên Phong:安丰县
Yên Phong:安豐縣
Yên Sào:燕巢區
Yên Sơn District:安山县
Yên Sơn District:安山縣
Yên Sơn:安山县
Yên Sơn:安山縣
Yên Than:安滩
Yên Than:安灘
Yên Thành District:安城县
Yên Thành District:安城縣
Yên Thành:安城县
Yên Thành:安城縣
Yên Thế District:安世县
Yên Thế District:安世縣
Yên Thế:安世县
Yên Thế:安世市镇
Yên Thế:安世縣
Yên Thủy District:安水县
Yên Thủy District:安水縣
Yên Thủy:安水县
Yên Thủy:安水縣
Yên Viên Town Primary School:安员市镇小学
Yên Viên-Phả Lại Railway:安员-普赖铁路
Yên Viên-Phả Lại Railway:安員-普賴鐵路
Yên Đài:Yāntái Shì
Yên Đài:烟台市
Yên Đài:煙臺市
Yên Định District:安定县
Yên Định District:安定縣
Yên Định:安定县
Yên Định:安定縣
Yên Đồng Sơn:烟筒山镇
Yêndum Town:yānduō zhèn
Yêndum Town:烟多镇
Yêndum:yānduō zhèn
Yêndum:烟多镇
Yêrba:叶巴村
Yêrdoi:野堆村
Yêrka:叶嘎村
Yêrêvan:埃里溫
Yêu Lộ Chỉ:腰路堤
Yêxê:益西村
Yêxêgnadzor:葉海格納佐爾
Yêyai:也依村
Yëmêni:Yěmén
Yëmêni:也門
Yëmêni:也门
Yëmêni:也门 / 葉門
Yëmêni:葉門
Yëngi Bazar Cun:英巴扎村
Yëngi'awat:yīngāwǎtí xiāng
Yëngi'awat:英阿瓦提乡
Yëngibagh:yīngbāgé xiāng
Yëngibagh:英巴格乡
Yëngi’ëriq:yīngàirìkè xiāng
Yëngi’ëriq:英艾日克乡
Yëyiq:叶亦克村
Yì-yàu-sṳ:Yúyáo Shì
Yì-yàu-sṳ:余姚市
Yì-yàu-sṳ:餘姚
Yì-yàu-sṳ:餘姚市
Yìjiāng Qū:弋江区
Yìjiāng Qū:弋江區
Yìn-fa-yen:Rénhuà Xiàn
Yìn-fa-yen:仁化县
Yìn-fa-yen:仁化縣
Yìn-oi-hiông:仁愛鄉
Yìn-oi-khî:仁愛區
Yìn-tet-khî:仁德區
Yìn-vú-khî:仁武區
Yìwū:Yìwū Shì
Yìwū:义乌市
Yìwū:義烏
Yìwū:義烏市
Yí-fâ-khî:Yǔhuā Qū
Yí-fâ-khî:雨花区
Yí-fâ-khî:雨花區
Yí-fù-khî:Yuhu Qu
Yí-fù-khî:雨湖区
Yí-fù-khî:雨湖區
Yî-là-khiet:Yīlākè
Yî-là-khiet:伊拉克
Yî-lóng:Yīlǎng
Yî-lóng:伊朗
Yî-pí-li-â Pan-tó:伊比利亚半岛
Yî-pí-li-â Pan-tó:伊比利半島
Yî-set-lie̍t:Yǐsèliè
Yî-set-lie̍t:以色列
Yîn-koet:英国
Yîn-koet:英国 / 英國
Yîn-koet:英國
Yîn-kô-khî:Yīng​gē​ Qū
Yîn-kô-khî:鶯歌區
Yîn-tet-sṳ:Yīngdé Shì
Yîn-tet-sṳ:英德
Yîn-tet-sṳ:英德市
Yîn-thàm-sṳ:Yīngtán Shì
Yîn-thàm-sṳ:鷹潭
Yîn-thàm-sṳ:鷹潭市
Yîn-thàm-sṳ:鹰潭市
Yòng-chhûn-sṳ:Jengcan-si
Yòng-chhûn-sṳ:Yángchūn Shì
Yòng-chhûn-sṳ:阳春市
Yòng-chhûn-sṳ:陽春市
Yòng-kông-sṳ:Jenggong-si
Yòng-kông-sṳ:Yángjiāng Shì
Yòng-kông-sṳ:阳江市
Yòng-kông-sṳ:陽江市
Yòng-sân-yen:Yángshān Xiàn
Yòng-sân-yen:阳山县
Yòng-sân-yen:陽山
Yòng-sân-yen:陽山縣
Yòng-sî-yen:Jengslai-jyun
Yòng-sî-yen:Yángxī Xiàn
Yòng-sî-yen:阳西县
Yòng-sî-yen:陽西縣
Yòng-tûng-khî:Yángdōng Qū
Yòng-tûng-khî:阳东区
Yòng-tûng-khî:陽東
Yòng-tûng-khî:陽東區
Yóuxī Xiàn:尤溪
Yóuxī Xiàn:尤溪县
Yóuxī Xiàn:尤溪縣
Yóuxī:Yóuxī Xiàn
Yóuxī:尤溪
Yóuxī:尤溪县
Yóuxī:尤溪縣
Yóókwein:Wūkèlán
Yóókwein:乌克兰
Yóókwein:乌克兰/烏克蘭
Yóókwein:烏克蘭
Yôl Ar Gaqaa:要尔亚嘎查
Yôliindianzi:尧勒甸子
Yôliindianzicun:尧勒甸子村
Yôlt Hedong:要日吐河东
Yôlt Hexi:要日吐河西
Yôndôn Huree Cun:养大圐圙村
Yông-muì-khî:楊梅區
Yôst:尧斯图
Yôônnuh Gaqaa:窑努呼嘎查
Yöchak:油恰乡
Yöndok:欧云
Yönköpingiän:延雪平省
Yörüzen:尤留贊
Yù'ān Qū:裕安区
Yù'ān Qū:裕安區
Yù-hâi-yen:Yóuxī Xiàn
Yù-hâi-yen:尤溪
Yù-hâi-yen:尤溪县
Yù-hâi-yen:尤溪縣
Yùhuá Road:Yùhuá lù
Yùhuá Road:育华路
Yùn-lìm-yen:Yúnlín Siàn
Yùn-lìm-yen:Yúnlín Xiàn
Yùn-lìm-yen:云林县
Yùn-lìm-yen:雲林縣
Yùn-lìm:雲林
Yùn-siâu-yen:yúnxiāo xiàn
Yùn-siâu-yen:云霄县
Yùn-siâu-yen:雲霄
Yùn-siâu-yen:雲霄縣
Yùng-yen:Jungjyun
Yùng-yen:róng xiàn
Yùng-yen:容县
Yùng-yen:容縣
Yú-liagh:Yúlín Shì
Yú-liagh:榆林市
Yúgǎng Road:Yúgǎng lù
Yúgǎng Road:渔港路
Yújnov:尤赫諾夫
Yún-chhûn-yen:yǒngchūn xiàn
Yún-chhûn-yen:永春
Yún-chhûn-yen:永春县
Yún-chhûn-yen:永春縣
Yún-fò-khî:永和區
Yún-không-khî:永康區
Yún-kâ-yen:Yǒngjiā Xiàn
Yún-kâ-yen:永嘉
Yún-kâ-yen:永嘉县
Yún-kâ-yen:永嘉縣
Yún-thai-yen:yǒngtài xiàn
Yún-thai-yen:永泰
Yún-thai-yen:永泰县
Yún-thai-yen:永泰縣
Yún-thin-khî:Yǒngdìng qū
Yún-thin-khî:永定
Yún-thin-khî:永定区
Yún-thin-khî:永定區
Yún-tshìn-hiông:永靖鄉
Yún-ôn-khî:永安區
Yún-ôn-sṳ:Yǒng'ān Shì
Yún-ôn-sṳ:永安
Yún-ôn-sṳ:永安市
Yúnnán:Yunnan Sheng
Yúnnán:云南省
Yúnnán:雲南省
Yúnqiáo:云桥街道
Yúnqiáo:雲橋街道
Yúrivka:尤爾伊夫卡
Yû-yen:Yōu Xiàn
Yû-yen:攸县
Yû-yen:攸縣
Yü Tung:雨洞村
Yüba:玉坝村
Yübu:允比村
Yücogang:宇措岗村
Yüdamdo:约达多
Yügonggu:玉贡股村
Yüha:玉和村
Yüksekova:于克塞科瓦
Yükseköğretim Enstitüsü Khavaran:Khavaran 高等教育學院
Yüksəliş adası:亞森松島
Yüksəliş adası:阿森松岛
Yüle:yù liè cūn
Yülsum:玉松村
Yünnan:Yúnnán
Yünnan:云南省
Yünnan:雲南省
Yüqoi:玉曲村
Yürchi:玉尔其乡
Yüsar:玉沙村
Yüsar:玉沙社区
Yüsum:玉松村
Yüvəskülə:于韦斯屈莱
Yüxi township:yùxī xiāng
Yüxi township:玉西乡
Yüxi:yùxī xiāng
Yüxi:玉西乡
Yüzha:油扎牧场村
yön dok:欧云
yül mé:yùmài xiāng
yül mé:玉麥鄉
yül mé:玉麦乡
