Sàhara Occidental:西撒哈拉
Sài Gòn:胡志明市
Sài Gòn:西貢
Sài Hà:柴河镇
Sài Hồ:柴湖镇
Sàmóà Amẹ́ríkà:美屬薩摩亞
Sàng-phu Mèu-chhu̍k Chhṳ-chhṳ-yen:chéngbù miáozú zìzhì xiàn
Sàng-phu Mèu-chhu̍k Chhṳ-chhṳ-yen:城步
Sàng-phu Mèu-chhu̍k Chhṳ-chhṳ-yen:城步县
Sàng-phu Mèu-chhu̍k Chhṳ-chhṳ-yen:城步縣
Sàng-phu Mèu-chhu̍k Chhṳ-chhṳ-yen:城步苗族自治县
Sàng-phu Mèu-chhu̍k Chhṳ-chhṳ-yen:城步苗族自治縣
Sàng-siông-khî:chéngxiāng qū
Sàng-siông-khî:城厢区
Sàng-siông-khî:城廂
Sàng-siông-khî:城廂區
Sào Hồ:Cháohú Shì
Sào Hồ:巢湖市
Sàsser:萨萨里
Sàsser:薩薩里
Sàvíntsi:薩溫齊
Sácer:萨萨里
Sácer:薩薩里
Sách Hanh:Ceheng Xian
Sách Hanh:冊亨縣
Sách Hanh:册亨县
Sádí-Arabía:Shātè Ālābó
Sádí-Arabía:沙地阿拉伯
Sádí-Arabía:沙烏地阿拉伯
Sádí-Arabía:沙特阿拉伯
Sádí-Arabía:沙特阿拉伯 / 沙烏地阿拉伯
Ságrab:萨格勒布
Ságrab:薩格勒布
Sáhara Occidental:西撒哈拉
Sáhara Ociental:西撒哈拉
Sáhil:萨赫勒
Sái Hà Kiều:洒河桥镇
Sál Království svědků Jehovových:耶和华见证人王国礼堂
Sál Království svědků Jehovových:耶和華見證人王國禮堂
Sála kráľovstva Jehovových svedkov:耶和华见证人王国礼堂
Sála kráľovstva Jehovových svedkov:耶和華見證人王國禮堂
Sálomonoyggjarnar:所罗门群岛
Sálomonoyggjarnar:所罗门群岛 / 索羅門群島
Sálomonoyggjarnar:所羅門群島
Sálomonoyggjarnar:索羅門群島
Sámbia:尚比亞
Sámbia:贊比亞
Sámbia:赞比亚
Sámbíà:尚比亞
Sámbíà:贊比亞
Sámbíà:赞比亚
Sámoa:萨摩亚
Sámoa:萨摩亚 / 薩摩亞
Sámoa:薩摩亞
Sán Vĩ:Shànwěi Shì
Sán Vĩ:汕尾
Sán Vĩ:汕尾市
Sán Đầu:Shàntóu Shì
Sán Đầu:汕头市
Sán Đầu:汕頭
Sán Đầu:汕頭市
Sáng-muōi:Shànwěi Shì
Sáng-muōi:汕尾
Sáng-muōi:汕尾市
Sáng-tàu:Shàntóu Shì
Sáng-tàu:汕头市
Sáng-tàu:汕頭
Sáng-tàu:汕頭市
Sántu Marinɛ:Shèngmǎlìnuò
Sántu Marinɛ:圣马力诺
Sántu Marinɛ:聖馬力諾
Sántu eleni:圣赫勒拿
Sántu krístofe mpé Nevɛ̀s:圣基茨和尼维斯
Sántu krístofe mpé Nevɛ̀s:聖克里斯多福及尼維斯
Sántu krístofe mpé Nevɛ̀s:聖基茨和尼維斯
Sántu lisi:圣卢西亚
Sántu lisi:圣卢西亚 / 聖露西亞
Sántu lisi:聖盧西亞
Sántu lisi:聖露西亞
Sántu pététo mpé Mikelɔ:圣皮埃尔和密克隆群岛
Sántu vesá mpé Gelenadinɛ:圣文森特和格林纳丁斯
Sántu vesá mpé Gelenadinɛ:圣文森特和格林纳丁斯 / 聖文森及格瑞那丁
Sántu vesá mpé Gelenadinɛ:聖文森及格瑞那丁
Sántu vesá mpé Gelenadinɛ:聖文森特和格林納丁斯
Sáp Điện:插甸镇
Sárga-folyó:Huáng Hé
Sárga-folyó:ㄏㄨㄤˊㄏㄜˊ
Sárga-folyó:玛曲
Sárga-folyó:瑪曲
Sárga-folyó:黃河
Sárga-folyó:黄河
Sárga-tenger:黃海
Sárga-tenger:黄海
Sársko:萨尔
Sát Nhĩ Hãn:察尔汗
Sátnefriddjavuođa šillju:言论自由广场
Sáva:萨瓦河
Sáva:薩瓦河
Sáúdí Arábíà:沙地阿拉伯
Sáúdí Arábíà:沙烏地阿拉伯
Sáúdí Arábíà:沙特阿拉伯
Sâ-lu̍k-khî:沙鹿區
Sâ-vû-thi Â-lâ-pak:Shātè Ālābó
Sâ-vû-thi Â-lâ-pak:沙地阿拉伯
Sâ-vû-thi Â-lâ-pak:沙烏地阿拉伯
Sâ-vû-thi Â-lâ-pak:沙特阿拉伯
Sâ-vû-thi Â-lâ-pak:沙特阿拉伯 / 沙烏地阿拉伯
Sâ-yen:Shā Xiàn
Sâ-yen:沙县区
Sâ-yen:沙縣
Sâ-yen:沙縣區
Sâde:乍得
Sâde:乍得 / 查德
Sâde:查德
Sâm Châu:Chēnzhōu Shì
Sâm Châu:郴州
Sâm Châu:郴州市
Sâm-chhùng-khî:Sānchóng Qū
Sâm-chhùng-khî:三重區
Sâm-chṳ-khî:Sānzhī Qū
Sâm-chṳ-khî:三芝區
Sâm-hia̍p-khî:Sānxiá Qū
Sâm-hia̍p-khî:三峽區
Sâm-mìn-sṳ:Sānmíng Shì
Sâm-mìn-sṳ:三明
Sâm-mìn-sṳ:三明市
Sâm-ngi-hiông:三義鄉
Sâm-ngièn-khî:Sānyuán Qū
Sâm-ngièn-khî:三元
Sâm-ngièn-khî:三元区
Sâm-ngièn-khî:三元區
Sâm-sâ-sṳ:Sānshā Shì
Sâm-sâ-sṳ:三沙市
Sâm-sên-hiông:三星鄉
Sâm-sông Kháu-fuk:三商巧福
Sâm-súi-khî:Sānshuǐ Qū
Sâm-súi-khî:三水
Sâm-súi-khî:三水区
Sâm-súi-khî:三水區
Sâm-thi-mùn-hiông:三地門鄉
Sâm-vân-hiông:三灣鄉
Sân Golf Quốc tế Móng Cái:芒街国际高尔夫俱乐部
Sân Golf Quốc tế Móng Cái:芒街國際高爾夫俱樂部
Sân Trang:莘庄镇
Sân bay Atyrau:阿特勞機場
Sân bay Ban Huoeisay:會曬機場
Sân bay Bremen:不来梅机场
Sân bay Bạch Liên Liễu Châu:柳州白莲机场
Sân bay Canberra:坎培拉机场
Sân bay Changi Singapore:新加坡樟宜机场
Sân bay Changi Singapore:新加坡樟宜機場
Sân bay Chelyabinsk:車里雅賓斯克機場
Sân bay Chu Lai:茱莱机场
Sân bay Copenhagen:哥本哈根凯斯楚普机场
Sân bay Côn Đảo:昆岛机场
Sân bay Dawei:土瓦機場
Sân bay Dortmund:多特蒙德机场
Sân bay Essendon:埃森登机场
Sân bay George Best Belfast City:乔治·贝斯特贝尔法斯特城市机场
Sân bay George Best Belfast City:貝爾法斯特城市機場
Sân bay Gia Nghĩa:嘉義水上機場
Sân bay Gonggar Lhasa:拉萨贡嘎国际机场
Sân bay Gwangju:光州机场
Sân bay Hamburg:汉堡机场
Sân bay Hannover:汉诺威-朗根哈根机场
Sân bay Heathrow:伦敦希思罗机场
Sân bay Heathrow:倫敦希斯路機場
Sân bay Heho:黑河機場 (緬甸)
Sân bay Hiroshima:廣島機場
Sân bay Hoa Liên:花蓮機場
Sân bay Hưng Ninh:兴宁机场
Sân bay Hằng Xuân:Héngchūn Jīchǎng
Sân bay Hằng Xuân:恆春機場
Sân bay Hữu Giang Bách Sắc:bósè yòujiāng jīchăng
Sân bay Hữu Giang Bách Sắc:百色巴马机场
Sân bay Ignatyevo:伊格纳季耶沃机场
Sân bay Kengtung:景栋机场
Sân bay Kengtung:景栋机场/景棟機場
Sân bay Kengtung:景棟機場
Sân bay Kimberley:金伯利機場
Sân bay Kép:克夫机场
Sân bay Lan Tư:蘭嶼機場
Sân bay Lashio:腊戌机场
Sân bay Lashio:臘戌機場
Sân bay Leipzig/Halle:莱比锡/哈雷机场
Sân bay Luton:倫敦盧頓機場
Sân bay Lübeck:吕贝克机场
Sân bay Lạc Đông:乐东机场
Sân bay Lục Đảo:綠島機場
Sân bay Myeik:丹老機場
Sân bay Myitkyina:密支那机场
Sân bay Myitkyina:密支那機場
Sân bay Münster/Osnabrück:明斯特奥斯纳布吕克国际机场
Sân bay Mễ Lâm Nyingchi:林芝米林机场
Sân bay Mễ Lâm Nyingchi:林芝米林機場
Sân bay Naha:那霸機場
Sân bay Naypyidaw:内比都国际机场
Sân bay Naypyidaw:奈比多國際機場
Sân bay Nevşehir Kapadokya:內夫謝希爾-卡帕多細亞機場
Sân bay Nice - Côte d'Azur:尼斯蓝色海岸机场
Sân bay Nuremberg:纽伦堡机场
Sân bay Phù Cát:符吉機場
Sân bay Phật Sơn Sa Đề:Fóshān shādī jīchǎng
Sân bay Phật Sơn Sa Đề:佛山沙堤机场
Sân bay Putao:葡萄机场
Sân bay Quatro de Fevereiro:二月四日国际机场
Sân bay Quatro de Fevereiro:二月四日国际机场 / 二月四日國際機場
Sân bay Quatro de Fevereiro:二月四日國際機場
Sân bay Quốc tế Brisbane:布里斯班机场
Sân bay Quốc tế Cao Hùng:高雄國際機場
Sân bay Quốc tế Ngô Khư Nam Ninh:Naamning Nghyu Gwokzai Gicoeng
Sân bay Quốc tế Ngô Khư Nam Ninh:南宁吴圩国际机场
Sân bay Quốc tế Nội Bài:內排國際機場
Sân bay Quốc tế Nội Bài:内排国际机场
Sân bay Quốc tế Phnom Penh:金边国际机场
Sân bay Quốc tế Phnom Penh:金邊國際機場
Sân bay Quốc tế Tbilisi:第比利斯国际机场
Sân bay Rostock-Laage:罗斯托克－拉格机场
Sân bay Rạch Giá:迪石机场
Sân bay Sittwe:实兑机场
Sân bay Stuttgart:斯图加特机场
Sân bay Sán Đầu:汕头外砂机场
Sân bay Sønderborg:森讷堡机场
Sân bay Tachilek:大其力机场
Sân bay Tachilek:大其力機場
Sân bay Tam Sa Mĩ Tế:三沙美济机场
Sân bay Tam Sa Mĩ Tế:三沙美濟機場
Sân bay Tam Sa Vĩnh Hưng:三沙永兴机场
Sân bay Tam Sa Vĩnh Hưng:三沙永興機場
Sân bay Thisted:齐斯泰兹机场
Sân bay Thọ Xuân:寿春机场
Sân bay Triều Dương Xuyên Diên Cát:延吉朝阳川国际机场
Sân bay Trường Sa:長沙機場(南威島機場)
Sân bay Trường Sa:长沙机场(南威岛机场)
Sân bay Trưởng Châu Ngô Châu:wúzhōu chángzhōudǎo jīchǎng
Sân bay Trưởng Châu Ngô Châu:梧州长洲岛机场
Sân bay Tunoshna:图诺什纳机场
Sân bay Tuy Hòa:東索機場
Sân bay Tùng Sơn:臺北松山機場
Sân bay Tả Doanh:左營機場
Sân bay Vir Savarkar:韋埃爾·薩瓦卡國際機場
Sân bay Vũng Tàu:头顿机场
Sân bay Zürich:蘇黎世機場
Sân bay huyện Mai:梅州梅縣機場
Sân bay quân đội Huệ An:惠安軍用機場
Sân bay quốc tế Aleppo:阿勒颇国际机场
Sân bay quốc tế Asmara:阿斯馬拉國際機場
Sân bay quốc tế Assab:阿薩布國際機場
Sân bay quốc tế Batumi:巴統國際機場
Sân bay quốc tế Bạch Vân Quảng Châu:Guǎngzhōu Báiyún Guójì Jīchǎng
Sân bay quốc tế Bạch Vân Quảng Châu:广州白云国际机场
Sân bay quốc tế Bạch Vân Quảng Châu:廣州白雲國際機場
Sân bay quốc tế Bảo An Thâm Quyến:Shēnzhèn Bǎo'ān Guójì Jīchǎng
Sân bay quốc tế Bảo An Thâm Quyến:深圳宝安国际机场
Sân bay quốc tế Cam Ranh:金兰国际机场
Sân bay quốc tế Cam Ranh:金蘭國際機場
Sân bay quốc tế Cao Khi Hạ Môn:厦门高崎国际机场
Sân bay quốc tế Cao Khi Hạ Môn:廈門高崎國際機場
Sân bay quốc tế Chubu:中部國際機場
Sân bay quốc tế Cincinnati / Bắc Kentucky:辛辛那堤/北肯塔基國際機場
Sân bay quốc tế Cát Bi:吉碑國際機場
Sân bay quốc tế Daugavpils:陶格夫匹尔斯国际机场
Sân bay quốc tế Düsseldorf:杜塞尔多夫国际机场
Sân bay quốc tế Fort Wayne:韦恩堡国际机场
Sân bay quốc tế Frankfurt:法兰克福机场
Sân bay quốc tế Gimhae:金海国际机场
Sân bay quốc tế Gimhae:金海國際機場
Sân bay quốc tế Hồng Kiều Thượng Hải:Shànghǎi Hóngqiáo Guójì Jīchǎng
Sân bay quốc tế Hồng Kiều Thượng Hải:上海虹桥国际机场
Sân bay quốc tế Hồng Kông:Heung Gong Gwok Jai Gei Cheung
Sân bay quốc tế Hồng Kông:香港国际机场
Sân bay quốc tế Hồng Kông:香港國際機場
Sân bay quốc tế Kruger Mpumalanga:克魯格姆普馬蘭加國際機場
Sân bay quốc tế Kutaisi:庫塔伊西國際機場
Sân bay quốc tế Long Thành:隆城国际机场
Sân bay quốc tế Lưỡng Giang Quế Lâm:桂林两江国际机场
Sân bay quốc tế Lịch Xã Ninh Ba:Níngbō Lìshè Guójì Jīchǎng
Sân bay quốc tế Lịch Xã Ninh Ba:宁波栎社国际机场
Sân bay quốc tế Lịch Xã Ninh Ba:寧波櫟社國際機場
Sân bay quốc tế Ma Cao:澳門國際機場
Sân bay quốc tế Ma Cao:澳门国际机场
Sân bay quốc tế Manas:玛纳斯国际机场
Sân bay quốc tế Mandalay:曼德勒國際機場
Sân bay quốc tế Massawa:馬薩瓦國際機場
Sân bay quốc tế Mehrabad:梅赫拉巴德國際機場
Sân bay quốc tế Mukanka:穆坎卡国际机场
Sân bay quốc tế Mỹ Lan Hải Khẩu:海口美兰国际机场
Sân bay quốc tế N'Djamena:恩贾梅纳国际机场
Sân bay quốc tế Niue:纽埃国际机场
Sân bay quốc tế Nouadhibou:努瓦迪布国际机场
Sân bay quốc tế Pakse:巴色國際機場
Sân bay quốc tế Phú Bài:富牌国际机场
Sân bay quốc tế Phú Bài:富牌國際機場
Sân bay quốc tế Phú Quốc:富国国际机场
Sân bay quốc tế Phú Quốc:富國國際機場
Sân bay quốc tế Phố Đông-Thượng Hải:Shànghǎi Pǔdōng Guójì Jīchǎng
Sân bay quốc tế Phố Đông-Thượng Hải:上海浦东国际机场
Sân bay quốc tế Pristina Nhà ga Adem Jashari:普里什蒂纳国际机场阿德姆·贾沙里航站楼
Sân bay quốc tế Pristina:普里斯提納國際機場
Sân bay quốc tế Salgado Filho:小萨尔加多国际机场
Sân bay quốc tế Samarinda:沙馬林達國際機場
Sân bay quốc tế Samarkand:撒馬爾罕國際機場
Sân bay quốc tế Senai:士乃国际机场
Sân bay quốc tế Senai:士乃國際機場
Sân bay quốc tế Sheremetyevo:谢列梅捷沃国际机场
Sân bay quốc tế Simferopol:辛菲罗波尔国际机场
Sân bay quốc tế Song Lưu Thành Đô:Chéngdū Shuāngliú Guójì Jīchǎng
Sân bay quốc tế Song Lưu Thành Đô:成都双流国际机场
Sân bay quốc tế Song Lưu Thành Đô:成都雙流國際機場
Sân bay quốc tế Tam Táo Châu Hải:Zhūhǎi jīnwān jīchǎng
Sân bay quốc tế Tam Táo Châu Hải:珠海金湾机场
Sân bay quốc tế Thành Cát Tư Hãn:成吉思汗国际机场
Sân bay quốc tế Tripoli:的黎波里国际机场
Sân bay quốc tế Trường Lạc Phúc Châu:福州长乐国际机场
Sân bay quốc tế Trường Thủy Côn Minh:昆明长水国际机场
Sân bay quốc tế Tunis-Carthage:突尼斯-迦太基国际机场
Sân bay quốc tế Tân Sơn Nhất:新山一国际机场
Sân bay quốc tế Viên:維也納國際機場
Sân bay quốc tế Vu Gia Bá Côn Minh:昆明巫家坝国际机场旧址
Sân bay quốc tế Vân Đồn:云屯国际机场
Sân bay quốc tế Vân Đồn:雲屯國際機場
Sân bay quốc tế Yangon:仰光国际机场
Sân bay quốc tế Đà Nẵng:岘港国际机场
Sân bay quốc tế Đà Nẵng:峴港國際機場
Sân bay quốc tế Đào Viên Đài Loan:Táiwan Táoyuán Gúojì Jichǎng
Sân bay quốc tế Đào Viên Đài Loan:臺灣桃園國際機場
Sân bay trực thăng Cửu Châu:jiǔzhōu zhíshēng fēijīchǎng
Sân bay trực thăng Cửu Châu:九洲直升飞机场
Sân bay vũ trụ Baykonur:拜哥努勒航天發射場
Sân bay vũ trụ Baykonur:拜科努尔航天发射场
Sân bay Á Đinh Đạo Thành:稻城亚丁机场
Sân bay Điện Biên:奠边府机场
Sân bay Đài Nam:臺南機場
Sân bay Đài Trung:臺中清泉崗機場
Sân bay Đài Đông:臺東豐年機場
Sân bay Đá Chử Bích:渚碧礁机场
Sân bay Đá Chử Bích:渚碧礁機場
Sân bay Đá Hoa Lau:拉央拉央（弹丸礁）机场
Sân bay Đá Hoa Lau:拉央拉央（彈丸礁）機場
Sân bay Đá Vĩnh Thử:永暑礁机场
Sân bay Đá Vĩnh Thử:永暑礁機場
Sân bay Đảo Thái Bình:太平岛机场
Sân bay Đảo Thái Bình:太平島機場
Sân bay Đồng Hới:洞海机场
Sân vận động 1 Tháng 5:绫罗岛5月1日竞技场
Sân vận động 974:974體育場
Sân vận động Abdullah bin Nasser bin Khalifa:阿卜杜拉·本·纳赛尔·本·哈利法体育场
Sân vận động Ahmed bin Ali:艾哈迈德·本·阿里体育场
Sân vận động Al Bayt:巴伊特体育场
Sân vận động Al Janoub:南部体育场
Sân vận động Hưng Thành số 1:興盛一號油田
Sân vận động Jassim bin Hamad:贾西姆·本·哈马德体育场
Sân vận động Lusail:卢赛尔地标体育场
Sân vận động Metalist:哈尔科夫梅塔利斯特体育场
Sân vận động Olympic:金边奥林匹克体育场
Sân vận động Quốc tế Khalifa:哈利法国际体育场
Sân vận động Thani bin Jassim:萨尼·本·贾西姆体育场
Sân vận động Thành phố Giáo dục:教育城体育场
Sân vận động Wembley:温布利球场
Sân vận động Wembley:溫布萊球場
Sân vận động al-Thumama:图玛玛体育场
Sân Đại Triều Nghi:大朝儀院
Sân-mìn:三民區
Sân-mî-sṳ:Shànwěi Shì
Sân-mî-sṳ:汕尾
Sân-mî-sṳ:汕尾市
Sân-song-khî:山上區
Sân-thèu-sṳ:Shàntóu Shì
Sân-thèu-sṳ:汕头市
Sân-thèu-sṳ:汕頭
Sân-thèu-sṳ:汕頭市
Sân:莘县
Sân:莘縣
Sârbi:謝爾比
Sâô Tömê na Prinsîpe:Shèngduōměi hé Pǔlínxībǐ
Sâô Tömê na Prinsîpe:圣多美和普林西比
Sâô Tömê na Prinsîpe:圣多美和普林西比 / 聖多美普林西比
Sâô Tömê na Prinsîpe:聖多美普林西比
São Bartolomeu:圣巴泰勒米岛
São Bartolomeu:聖巴多祿繆島
São Bartolomeu:聖巴泰勒米
São Cristóvão e Neves:圣基茨和尼维斯
São Cristóvão e Neves:聖克里斯多福及尼維斯
São Cristóvão e Neves:聖基茨和尼維斯
São Cristóvão e Nevis:圣基茨和尼维斯
São Cristóvão e Nevis:聖克里斯多福及尼維斯
São Cristóvão e Nevis:聖基茨和尼維斯
São Diego:圣迭戈
São Diego:聖地牙哥
São Domingos:聖多明各
São Domingos:聖多明戈斯縣
São Filipe:聖菲利佩縣
São Francisco Square in the Town of São Cristóvão:圣克里斯托旺的圣弗朗西斯科广场
São Francisco Xavier:圣方济各堂区
São Francisco Xavier:聖方濟各堂區
São Francisco plein in de stad São Cristovão:圣克里斯托旺的圣弗朗西斯科广场
São Francisco:三藩市
São Francisco:旧金山
São Francisco:舊金山
São Gonçalo:聖貢薩洛
São Jorge Castle:聖喬治城堡
São Jorge:圣乔治
São José de Ribamar:圣若泽-迪里巴马尔
São José:圣约瑟夫
São João:圣约翰斯
São João:聖約翰
São João:聖約翰斯
São Lourenço dos Órgãos:聖洛倫索縣
São Lourenço:風順堂區
São Lourenço:风顺堂区
São Luís:圣路易斯
São Luís:聖路易區
São Lázaro:望德堂区
São Lázaro:望德堂區
São Martinho (França):圣马丁 (法国)
São Martinho (França):圣马丁 (法国) / 聖馬丁 (法國)
São Martinho (França):法屬聖馬丁
São Martinho (França):聖馬丁 (法國)
São Martinho:圣马丁
São Martinho:聖馬丁
São Martinho:荷屬聖馬丁
São Miguel:聖米戈爾縣
São Paolo:圣保罗
São Paolo:聖保羅
São Paolo:聖保羅/圣保罗
São Paulo Cathedral:圣保罗主教座堂
São Paulo:圣保罗
São Paulo:圣保罗州
São Paulo:聖保羅
São Paulo:聖保羅/圣保罗
São Paulo:聖保羅州
São Pedro e Miquelão:圣皮埃尔和密克隆群岛
São Petersburgo:圣彼得堡
São Petersburgo:聖彼得堡
São Salvador do Mundo:聖薩爾瓦多蒙多縣
São Salvador:聖薩爾瓦多
São Tiago Apóstolo:圣雅各布使徒
São Tomé a Príncipe:Shèngduōměi hé Pǔlínxībǐ
São Tomé a Príncipe:圣多美和普林西比
São Tomé a Príncipe:圣多美和普林西比 / 聖多美普林西比
São Tomé a Príncipe:聖多美普林西比
São Tomé aamma Príncipe:Shèngduōměi hé Pǔlínxībǐ
São Tomé aamma Príncipe:圣多美和普林西比
São Tomé aamma Príncipe:圣多美和普林西比 / 聖多美普林西比
São Tomé aamma Príncipe:聖多美普林西比
São Tomé agus Príncipe:Shèngduōměi hé Pǔlínxībǐ
São Tomé agus Príncipe:圣多美和普林西比
São Tomé agus Príncipe:圣多美和普林西比 / 聖多美普林西比
São Tomé agus Príncipe:聖多美普林西比
São Tomé and Príncipe:Shèngduōměi hé Pǔlínxībǐ
São Tomé and Príncipe:圣多美和普林西比
São Tomé and Príncipe:圣多美和普林西比 / 聖多美普林西比
São Tomé and Príncipe:聖多美普林西比
São Tomé as Príncipe:Shèngduōměi hé Pǔlínxībǐ
São Tomé as Príncipe:圣多美和普林西比
São Tomé as Príncipe:圣多美和普林西比 / 聖多美普林西比
São Tomé as Príncipe:聖多美普林西比
São Tomé da Principe:Shèngduōměi hé Pǔlínxībǐ
São Tomé da Principe:圣多美和普林西比
São Tomé da Principe:圣多美和普林西比 / 聖多美普林西比
São Tomé da Principe:聖多美普林西比
São Tomé dan Príncipe:Shèngduōměi hé Pǔlínxībǐ
São Tomé dan Príncipe:圣多美和普林西比
São Tomé dan Príncipe:圣多美和普林西比 / 聖多美普林西比
São Tomé dan Príncipe:聖多美普林西比
São Tomé e Principe:Shèngduōměi hé Pǔlínxībǐ
São Tomé e Principe:圣多美和普林西比
São Tomé e Principe:圣多美和普林西比 / 聖多美普林西比
São Tomé e Principe:聖多美普林西比
São Tomé e Príncipe:Shèngduōměi hé Pǔlínxībǐ
São Tomé e Príncipe:圣多美和普林西比
São Tomé e Príncipe:圣多美和普林西比 / 聖多美普林西比
São Tomé e Príncipe:聖多美普林西比
São Tomé en Príncipe:Shèngduōměi hé Pǔlínxībǐ
São Tomé en Príncipe:圣多美和普林西比
São Tomé en Príncipe:圣多美和普林西比 / 聖多美普林西比
São Tomé en Príncipe:聖多美普林西比
São Tomé ha Príncipe:Shèngduōměi hé Pǔlínxībǐ
São Tomé ha Príncipe:圣多美和普林西比
São Tomé ha Príncipe:圣多美和普林西比 / 聖多美普林西比
São Tomé ha Príncipe:聖多美普林西比
São Tomé i Príncipe:Shèngduōměi hé Pǔlínxībǐ
São Tomé i Príncipe:圣多美和普林西比
São Tomé i Príncipe:圣多美和普林西比 / 聖多美普林西比
São Tomé i Príncipe:聖多美普林西比
São Tomé ja Príncipe:Shèngduōměi hé Pǔlínxībǐ
São Tomé ja Príncipe:圣多美和普林西比
São Tomé ja Príncipe:圣多美和普林西比 / 聖多美普林西比
São Tomé ja Príncipe:聖多美普林西比
São Tomé já Principe:Shèngduōměi hé Pǔlínxībǐ
São Tomé já Principe:圣多美和普林西比
São Tomé já Principe:圣多美和普林西比 / 聖多美普林西比
São Tomé já Principe:聖多美普林西比
São Tomé kple Príncipe nutome:Shèngduōměi hé Pǔlínxībǐ
São Tomé kple Príncipe nutome:圣多美和普林西比
São Tomé kple Príncipe nutome:圣多美和普林西比 / 聖多美普林西比
São Tomé kple Príncipe nutome:聖多美普林西比
São Tomé och Príncipe:Shèngduōměi hé Pǔlínxībǐ
São Tomé och Príncipe:圣多美和普林西比
São Tomé och Príncipe:圣多美和普林西比 / 聖多美普林西比
São Tomé och Príncipe:聖多美普林西比
São Tomé og Príncipe:Shèngduōměi hé Pǔlínxībǐ
São Tomé og Príncipe:圣多美和普林西比
São Tomé og Príncipe:圣多美和普林西比 / 聖多美普林西比
São Tomé og Príncipe:聖多美普林西比
São Tomé un Príncipe:Shèngduōměi hé Pǔlínxībǐ
São Tomé un Príncipe:圣多美和普林西比
São Tomé un Príncipe:圣多美和普林西比 / 聖多美普林西比
São Tomé un Príncipe:聖多美普林西比
São Tomé und Príncipe:Shèngduōměi hé Pǔlínxībǐ
São Tomé und Príncipe:圣多美和普林西比
São Tomé und Príncipe:圣多美和普林西比 / 聖多美普林西比
São Tomé und Príncipe:聖多美普林西比
São Tomé ve Príncipe:Shèngduōměi hé Pǔlínxībǐ
São Tomé ve Príncipe:圣多美和普林西比
São Tomé ve Príncipe:圣多美和普林西比 / 聖多美普林西比
São Tomé ve Príncipe:聖多美普林西比
São Tomé và Príncipe:Shèngduōměi hé Pǔlínxībǐ
São Tomé và Príncipe:圣多美和普林西比
São Tomé và Príncipe:圣多美和普林西比 / 聖多美普林西比
São Tomé và Príncipe:聖多美普林西比
São Tomé és Príncipe:Shèngduōměi hé Pǔlínxībǐ
São Tomé és Príncipe:圣多美和普林西比
São Tomé és Príncipe:圣多美和普林西比 / 聖多美普林西比
São Tomé és Príncipe:聖多美普林西比
São Tomé-et-Príncipe:Shèngduōměi hé Pǔlínxībǐ
São Tomé-et-Príncipe:圣多美和普林西比
São Tomé-et-Príncipe:圣多美和普林西比 / 聖多美普林西比
São Tomé-et-Príncipe:聖多美普林西比
São Tomé:圣多美
São Tomé:圣多美 / 聖多美
São Tomé:聖多美
São Vicente e Granadinas:圣文森特和格林纳丁斯
São Vicente e Granadinas:圣文森特和格林纳丁斯 / 聖文森及格瑞那丁
São Vicente e Granadinas:聖文森及格瑞那丁
São Vicente e Granadinas:聖文森特和格林納丁斯
São Vicente kommun:聖維森特縣
São Vicente neem:圣维森特角
São Vicente-sziget:圣维森特岛
São Vicente:圣维森特岛
São Vicente:聖維森特縣
Sãu Visent:圣维森特岛
Sä-Louis:圣路易
Säceluäns:Sàishéěr Qúndǎo
Säceluäns:塞席爾
Säceluäns:塞舌尔
Säceluäns:塞舌尔 / 塞席爾
Säceluäns:塞舌爾
Sägewerk:锯木厂
Sägewerksanbau:鋸木廠種植
Sägewerksanbau:锯木厂种植
Sändafor:聖阿沃爾德
Särbije:Sàiěrwéiyà
Särbije:塞尔维亚
Särbije:塞爾維亞
Särbän:Sàiěrwéiyà
Särbän:塞尔维亚
Särbän:塞爾維亞
Säulen des Herakles:海格力斯之柱
Säxpäts:萨克森
Säxpäts:薩克森
Sågverksodling:鋸木廠種植
Sågverksodling:锯木厂种植
Sæti Artúrs:亞瑟王座
Sè-bōo Tiong-sim(Ke-lâng-lōo):世貿中心(基隆路)
Sè-bōo Tiong-sim(Ke-lâng-lōo):世贸中心(基隆路)
Sè-bō͘ Tiong-sim(Ke-lâng-lō͘):世貿中心(基隆路)
Sè-bō͘ Tiong-sim(Ke-lâng-lō͘):世贸中心(基隆路)
Sè-heng Iá-kiû-tiûⁿ:shìxìngbàngqiúchǎng
Sè-heng Iá-kiû-tiûⁿ:ㄕˋㄒㄧㄥˋㄅㄤˋㄑㄧㄡˊㄔㄤˇ
Sè-heng Iá-kiû-tiûⁿ:世兴棒球场
Sè-heng Iá-kiû-tiûⁿ:世興棒球場
Sè-hing Iá-kiû-tiûnn:shìxìngbàngqiúchǎng
Sè-hing Iá-kiû-tiûnn:ㄕˋㄒㄧㄥˋㄅㄤˋㄑㄧㄡˊㄔㄤˇ
Sè-hing Iá-kiû-tiûnn:世兴棒球场
Sè-hing Iá-kiû-tiûnn:世興棒球場
Sè-hiân-lō͘ 2-tōaⁿ:世賢路二段
Sè-hiân-lō͘ 3-tōaⁿ:世賢路三段
Sè-hiân-lō͘ 4-tōaⁿ:世賢路四段
Sè-hiân-lōo 2-tuānn:世賢路二段
Sè-hiân-lōo 3-tuānn:世賢路三段
Sè-hiân-lōo 4-tuānn:世賢路四段
Sè-kài-san-tsong:世界山庄
Sè-kài-san-tsong:世界山莊
Sè-sin Tāi-ha̍k:shìxīndàxué
Sè-sin Tāi-ha̍k:ㄕˋㄒㄧㄣㄉㄚˋㄒㄩㄝˊ
Sè-sin Tāi-ha̍k:世新大学
Sè-sin Tāi-ha̍k:世新大學
Sè-ūn:shì yùn
Sè-ūn:世运
Sè-ūn:世運
Sèbi:塞尔维亚
Sèbi:塞爾維亞
Sèina-Maritima:滨海塞纳省
Sèina-Maritima:濱海塞納省
Sèng-heng:shèng xìng
Sèng-heng:勝興
Sèng-heng:胜兴
Sèng-jîn-kiô:聖人橋
Sèng-kong Pēⁿ-īⁿ:圣功医院
Sèng-kong Pēⁿ-īⁿ:聖功醫院
Sèng-kéng-lō͘:聖景路
Sèng-tek-biō:wén wǔ shèng diàn
Sèng-tek-biō:文武圣殿
Sèng-tek-biō:文武聖殿
Sèng-thiⁿ-lō͘:勝天路
Sèng-tiong:xìngzhōng
Sèng-tiong:ㄒㄧㄥˋㄓㄨㄥ
Sèng-tiong:姓中
Sènègal:Sàinèijiāěr
Sènègal:塞內加爾
Sènègal:塞内加尔
Sènègal:塞内加尔 / 塞內加爾
Sèr:薩克島
Sèrbia central:中塞尔维亚
Sèrbia central:中塞爾維亞
Sèrbia:Sàiěrwéiyà
Sèrbia:塞尔维亚
Sèrbia:塞爾維亞
Sèrbie:塞尔维亚
Sèrbie:塞爾維亞
Sèu-koân-sṳ:Sháoguān Shì
Sèu-koân-sṳ:韶关市
Sèu-koân-sṳ:韶關
Sèu-koân-sṳ:韶關市
Sèversk:謝韋爾斯克
Sèversk:谢韦尔斯克
Sèvres-Babylone:塞夫尔-巴比伦
Sèvres:塞夫尔
Sé Cathedral (Cathedral of the Nativity of Our Lady):澳門主教座堂(聖母誕辰主教座堂)
Sé Patriarcal de Lisboa:里斯本主教座堂
Sé do Porto:波爾圖主教堂
Sé-bìng:Sìpíng Shì
Sé-bìng:四平市
Sé:大堂区
Sé:大堂區
Séatl:西雅图
Séatl:西雅圖
Sébastopol:塞瓦斯托波尔
Sébastopol:塞瓦斯托波爾
Séchèl:塞席爾
Séchèl:塞舌尔
Séchèl:塞舌尔 / 塞席爾
Séchèl:塞舌爾
Sédhiou Chiu:塞久區
Sédhiou Region:塞久區
Sédhiou:塞久區
Sédhioun alue:塞久區
Ségou Bölgesi:塞古区
Ségou Khu:塞古区
Ségou Region:塞古区
Ségou eskualdea:塞古区
Ségou piirkond:塞古区
Ségou:塞古区
Ségoun alue:塞古区
Ségovie:塞哥維亞
Séi Genesareth:加利利海
Séichele:塞席爾
Séichele:塞舌尔
Séichele:塞舌尔 / 塞席爾
Séichele:塞舌爾
Sékondi:塞康第-塔科拉迪
Sélandia Anyar:新西兰
Sélandia Anyar:新西蘭
Sélandia Anyar:紐西蘭
Sélandia Anyar:紐西蘭/新西兰
Sélestat:塞莱斯塔
Sélonie:塞羅尼亞
Sélsko:塞羅尼亞
Séminaire majeur Saint Joseph de Saigon:圣约瑟夫神学院
Séminaire majeur Saint Joseph de Saigon:聖約瑟夫神學院
Sénat de la République de Guinée équatoriale:赤道几内亚参议院
Sénat de la République:共和国参议院
Séng-pak-lō͘ 2-tōaⁿ:省北路二段
Séng-pak-lō͘:省北路
Séng-pak-lō͘ 2-tōaⁿ:省北路二段
Séng-pak-lō͘:省北路
Séng-siu-kiong:醒修宮
Séng-tō Tâi-8-sòaⁿ:省道台8線
Sénégal Nehri:塞内加尔河
Sénégal:Sàinèijiāěr
Sénégal:塞內加爾
Sénégal:塞内加尔
Sénégal:塞内加尔 / 塞內加爾
Sénégal:塞内加尔河
Sénégalrivier:塞内加尔河
Séoul:首尔
Séoul:首尔特别市
Séoul:首爾
Séoul:首爾特別市
Séparation Yunnan - Tibet:滇藏界
Sérbia:塞尔维亚
Sérbia:塞爾維亞
Sérbiye:塞尔维亚
Sérbiye:塞爾維亞
Sérbíà Orílẹ̀-èdè Olómìnira:塞族共和国
Sérbíà Orílẹ̀-èdè Olómìnira:塞族共和國
Sérbíà:塞尔维亚
Sérbíà:塞爾維亞
Sérguiev Possad:謝爾吉耶夫鎮
Sérguiyev Posad:謝爾吉耶夫鎮
Sérpujov:謝爾普霍夫
Sérpukhov:謝爾普霍夫
Sérvia:Sàiěrwéiyà
Sérvia:塞尔维亚
Sérvia:塞爾維亞
Séréni'Thé Paris:隐庐
Sésèl:塞席爾
Sésèl:塞舌尔
Sésèl:塞舌尔 / 塞席爾
Sésèl:塞舌爾
Sétif Province:塞提夫省
Sétif:塞提夫
Sétif:塞提夫省
Sétifi provints:塞提夫省
Séu Antilles Khiùn-tó:小安的列斯群岛
Séu Antilles Khiùn-tó:細安地列斯群島
Séu-sê̤ṳ:xiùyǔ qū
Séu-sê̤ṳ:秀屿区
Séu-sê̤ṳ:秀嶼
Séu-sê̤ṳ:秀嶼區
Sévero-Kurilsk:北库里尔斯克
Sévero-Kurilsk:北庫里爾斯克
Séversk:謝韋爾斯克
Séversk:谢韦尔斯克
Séville:塞維亞
Séville:塞维利亚
Séwéliye:塞維亞
Séwéliye:塞维利亚
Séíbąąh Kin:阿什哈巴德
Séíbąąhkʼeh:恩賈梅納
Séítah Tó:利雅得
Séítah Tó:利雅得/利雅德
Séítah Tó:利雅德
Séíłgaiinílį́:印第安納波利斯
Sé̤ṳk-chiĕng:Sùqiān Shì
Sé̤ṳk-chiĕng:宿迁市
Sé̤ṳk-chiĕng:宿遷
Sé̤ṳk-chiĕng:宿遷市
Sê-kông:塞公省
Sêch·èles:塞席爾
Sêch·èles:塞舌尔
Sêch·èles:塞舌尔 / 塞席爾
Sêch·èles:塞舌爾
Sêdoi:斯堆村
Sêm:森木村
Sên Co:shēn cuò
Sên Co:申错
Sên-Krïstôfo-na-Nevîsi:圣基茨和尼维斯
Sên-Krïstôfo-na-Nevîsi:聖克里斯多福及尼維斯
Sên-Krïstôfo-na-Nevîsi:聖基茨和尼維斯
Sên-Marëen:Shèngmǎlìnuò
Sên-Marëen:圣马力诺
Sên-Marëen:聖馬力諾
Sên-Pyêre na Mikelöon:圣皮埃尔和密克隆群岛
Sên-Vensäan na âGrenadîni:圣文森特和格林纳丁斯
Sên-Vensäan na âGrenadîni:圣文森特和格林纳丁斯 / 聖文森及格瑞那丁
Sên-Vensäan na âGrenadîni:聖文森及格瑞那丁
Sên-Vensäan na âGrenadîni:聖文森特和格林納丁斯
Sêna-Maritima:滨海塞纳省
Sêna-Maritima:濱海塞納省
Sêng-an-lí:誠安里
Sêng-an-lí:诚安里
Sêng-bí-it-hō-kiû-tiûnn:成美一號球場
Sêng-bí-jī-hō-kiû-tiûnn:成美二號球場
Sêng-bí-kiô:成美橋
Sêng-bí-sann-hō-kiû-tiûnn:成美三號球場
Sêng-bí-tn̂g-siū-kiô:成美長壽橋
Sêng-chin-koe:承真街
Sêng-hok-kiong:成福宫
Sêng-hok-kiong:成福宮
Sêng-hok:成福
Sêng-hô-lō͘:承和路
Sêng-hông-lí:城隍里
Sêng-ian Ko-tiong:成淵高中
Sêng-kong Chhun-ji̍t Lō͘-kháu:chénggōngchūnrìlùkǒu
Sêng-kong Chhun-ji̍t Lō͘-kháu:ㄔㄥˊㄍㄨㄥㄔㄨㄣㄖˋㄌㄨˋㄎㄡˇ
Sêng-kong Chhun-ji̍t Lō͘-kháu:成功春日路口
Sêng-kong Chóng-chām:成功總站
Sêng-kong Kok-sió:chénggōngguóxiǎo
Sêng-kong Kok-sió:ㄔㄥˊㄍㄨㄥㄍㄨㄛˊㄒㄧㄠˇ
Sêng-kong Kok-sió:成功国小
Sêng-kong Kok-sió:成功國小
Sêng-kong Kok-tiong:成功國中
Sêng-kong Lō͘-kháu:chénggōnglùkǒu
Sêng-kong Lō͘-kháu:ㄔㄥˊㄍㄨㄥㄌㄨˋㄎㄡˇ
Sêng-kong Lō͘-kháu:成功路口
Sêng-kong Tiong-ha̍k(Chè-lâm):成功中学(济南)
Sêng-kong Tiong-ha̍k(Chè-lâm):成功中學(濟南)
Sêng-kong Tiong-ha̍k(Lîm-sim):成功中学(林森)
Sêng-kong Tiong-ha̍k(Lîm-sim):成功中學(林森)
Sêng-kong Tāi-tō:成功大道
Sêng-kong-chhoan:成功村
Sêng-kong-kiô:成功橋
Sêng-kong-ko-tiong:成功高中
Sêng-kong-lō͘ 1-tōaⁿ:成功路一段
Sêng-kong-lō͘ 2-tōaⁿ:成功路二段
Sêng-kong-lí:Chénggōng Lǐ
Sêng-kong-lí:ㄔㄥˊㄍㄨㄥㄌㄧˇ
Sêng-kong-lí:成功里
Sêng-kong-lō͘ 2-tōaⁿ:成功路二段
Sêng-kong-lō͘ 3-tōaⁿ:成功路三段
Sêng-kong-lō͘ 4-tōaⁿ:成功路四段
Sêng-kong-lō͘ 5-tōaⁿ:成功路五段
Sêng-kong-niá Peng-á-iâⁿ:成功嶺營區
Sêng-kong-tìn:Chéng​gōng​ Zhèn
Sêng-kong-tìn:成功鎮
Sêng-kong:chéng gōng
Sêng-kong:成功
Sêng-lô͘-kiô:成蘆橋
Sêng-pêng-lō͘:承平路
Sêng-siān-koe:承善街
Sêng-sèng 1-lō͘:誠聖一路
Sêng-sèng 2-lō͘:誠聖二路
Sêng-sèng 3-lō͘:誠聖三路
Sêng-sìn-lō͘:承信路
Sêng-tek Kok-sió:成德國小
Sêng-tek Peng-á-iâⁿ:成德營區
Sêng-tek-lō͘ 1-tōaⁿ:承德路一段
Sêng-tek-lō͘ 2-tōaⁿ 109-hāng:承德路二段109巷
Sêng-tek-lō͘ 2-tōaⁿ 129-hāng:承德路二段129巷
Sêng-tek-lō͘ 2-tōaⁿ 53-hāng:承德路二段53巷
Sêng-tek-lō͘ 2-tōaⁿ 63-hāng:承德路二段63巷
Sêng-tek-lō͘ 2-tōaⁿ 75-hāng:承德路二段75巷
Sêng-tek-lō͘ 2-tōaⁿ 91-hāng:承德路二段91巷
Sêng-tek-lō͘ 2-tōaⁿ 97-hāng:承德路二段97巷
Sêng-tek-lō͘ 2-tōaⁿ:承德路二段
Sêng-tek-lō͘ 3-tōaⁿ:承德路三段
Sêng-tek-lō͘ 4-tōaⁿ:承德路四段
Sêng-tek-lō͘ 5-tōaⁿ:承德路五段
Sêng-tek-lō͘ 6-tōaⁿ:承德路六段
Sêng-tek-lō͘ 7-tōaⁿ:承德路七段
Sêng-to-lō͘:成都路
Sêng-tui-soaⁿ:成追線
Sêng-tui-sòaⁿ:成追線
Sênggê township:qióngjié zhèn
Sênggê township:生格乡
Sênggê:生格乡
Sênggê:生格村
Sênggêgang:生格公村
Sêngli Co:sēnlĭcuò
Sêngli Co:森里错
Sêngpu:森波村
Sêngpu:生普村
Sênt-Helêna:圣赫勒拿
Sênt-Lisïi:圣卢西亚
Sênt-Lisïi:圣卢西亚 / 聖露西亞
Sênt-Lisïi:聖盧西亞
Sênt-Lisïi:聖露西亞
Sêr'oi:sèwēi zhèn
Sêr'oi:色威鎮
Sêr'oi:色威镇
Sêra:色热西村
Sêrba:色尔坝片区
Sêrbug Co:sàibù cuò
Sêrbug Co:赛布错
Sêrca:色沙村
Sêrcham:西昌乡
Sêrda:色达村
Sêrdo:色朵村
Sêrdê:色底村
Sêrgang:色贡村
Sêrgong:施公村
Sêrkam:色康村
Sêrkang:色康村
Sêrkog:sèkē zhèn
Sêrkog:色柯镇
Sêrla:色拉村
Sêrlung:sai’erlong xiang
Sêrlung:赛尔龙乡
Sêrmai:斯麦社区
Sêrngog:色沃村
Sêrqudêng:色西底乡
Sêrqung Co:色穷错
Sêrra:色然村
Sêrri:色日村
Sêrt:錫爾特
Sêrt:锡尔特省
Sêrtang township:shādōng xiāng
Sêrtang township:沙东乡
Sêrtang:shādōng xiāng
Sêrtang:沙东乡
Sêrtar County:Sèdá Xiàn
Sêrtar County:色达县
Sêrtar County:色達縣
Sêrtar:Sèdá Xiàn
Sêrtar:色达县
Sêrtar:色達縣
Sêrxü County:Shíqú Xiàn
Sêrxü County:石渠县
Sêrxü County:石渠縣
Sêrxü:Shíqú Xiàn
Sêrxü:石渠县
Sêrxü:石渠縣
Sêrzha:色扎村
Sêrzham:四章村
Sêse tî Anglëe na Ngûyämä tî Ênnde:Yīngshǔ Yìndùyáng Lǐngdì
Sêse tî Anglëe na Ngûyämä tî Ênnde:英属印度洋领地
Sêse tî Anglëe na Ngûyämä tî Ênnde:英属印度洋领地 | 英屬印度洋領地
Sêse tî Anglëe na Ngûyämä tî Ênnde:英屬印度洋領地
Sêse tî kömändâ-kötä tî Mambere-Kadei:曼貝雷-卡代省
Sêse tî kömändâ-kötä tî Wâmo-Pendë:瓦姆-彭代省
Sêu-nìng:Shòuníng Xiàn
Sêu-nìng:壽寧
Sêu-nìng:壽寧縣
Sêu-nìng:寿宁县
Sêvastopol:塞瓦斯托波尔
Sêvastopol:塞瓦斯托波爾
Sêwas:錫瓦斯
Sêwas:锡瓦斯
Sêwas:锡瓦斯省
Sêwreg:錫韋雷克
Sêwrege:錫韋雷克
Sêûl:首尔
Sêûl:首尔特别市
Sêûl:首爾
Sêûl:首爾特別市
Sê’gyangnya:色江娘村
Së:sài xiāng
Së:赛乡
Sëghizköl:色格孜库勒乡
Sëna:锡耶纳
Sërt:蘇特
Sëyshêle:Sàishéěr Qúndǎo
Sëyshêle:塞席爾
Sëyshêle:塞舌尔
Sëyshêle:塞舌尔 / 塞席爾
Sëyshêle:塞舌爾
Sì-cha̍p-tiuⁿ:四十張
Sì-hō-koán:四號館
Sì-hō-kuán:四號館
Sì-hūn-á:四份子
Sì-iâ:四爺
Sì-kah-la̍k:四甲六
Sì-kah:四甲
Sì-kak-siânn:sìjiǎochéng
Sì-kak-siânn:ㄙˋㄐㄧㄠˇㄔㄥˊ
Sì-kak-siânn:四角城
Sì-kak-siâⁿ:sìjiǎochéng
Sì-kak-siâⁿ:ㄙˋㄐㄧㄠˇㄔㄥˊ
Sì-kak-siâⁿ:四角城
Sì-kha-têng:sì jiǎo tíng
Sì-kha-têng:四脚亭
Sì-kha-têng:四腳亭
Sì-kha-tîng:sì jiǎo tíng
Sì-kha-tîng:四脚亭
Sì-kha-tîng:四腳亭
Sì-pêng Tang-tō:四平东道
Sì-pêng Tang-tō:四平東道
Sì-pîng Tang-tō:四平东道
Sì-pîng Tang-tō:四平東道
Sì-siânn:sì chéng
Sì-siânn:四城
Sì-siâⁿ:sì chéng
Sì-siâⁿ:四城
Sì-tiông-khe:四重溪
Sì-toó-khue:四堵溪
Sì-tsa̍p-tiunn:四十張
Sì-tó͘-khoe:四堵溪
Sì-ô͘-hiong:四湖鄉
Sìchuān:Sìchuān Shěng
Sìchuān:四川省
Sìmbábúè:津巴布韋
Sìmbábúè:津巴布韦
Sìmbábúè:辛巴威
Sìn Hồ District:辛霍县
Sìn Hồ District:辛霍縣
Sìn Hồ:辛霍县
Sìn Hồ:辛霍市镇
Sìn Hồ:辛霍縣
Sìn-chiu-khu:Xìnzhōu Qū
Sìn-chiu-khu:信州区
Sìn-chiu-khu:信州區
Sìn-gî-chhī:Slannji-si
Sìn-gî-chhī:Xìnyí Shì
Sìn-gî-chhī:信宜市
Sìn-gī 1-hō tō-lōo:信義一號道路
Sìn-gī 1-hō tō-lō͘:信義一號道路
Sìn-gī An-hô:xìn yì ān hé
Sìn-gī An-hô:信义安和
Sìn-gī An-hô:信義安和
Sìn-gī Hâng-chiu Lō͘-kháu:信義杭州路口
Sìn-gī Hâng-tsiu Lōo-kháu:信義杭州路口
Sìn-gī Hêng-chèng Tiong-sim(Hōng-thian-kiong):信義行政中心 (奉天宮)
Sìn-gī Hêng-chèng Tiong-sim(Sìn-gī):信义行政中心(信义)
Sìn-gī Hêng-chèng Tiong-sim(Sìn-gī):信義行政中心(信義)
Sìn-gī Hîng-tsìng Tiong-sim(Hōng-thian-kiong):信義行政中心 (奉天宮)
Sìn-gī Hîng-tsìng Tiong-sim(Sìn-gī):信义行政中心(信义)
Sìn-gī Hîng-tsìng Tiong-sim(Sìn-gī):信義行政中心(信義)
Sìn-gī Khoài-sok Tō-lō͘:信義快速道路
Sìn-gī Khuài-sok Tō-lōo:信義快速道路
Sìn-gī Kiàn-kok Lōo-kháu:信义建国路口
Sìn-gī Kiàn-kok Lōo-kháu:信義建國路口
Sìn-gī Kiàn-kok Lō͘-kháu:信义建国路口
Sìn-gī Kiàn-kok Lō͘-kháu:信義建國路口
Sìn-gī Kok-sió:xìn yì guó xiǎo
Sìn-gī Kok-sió:xìnyìguóxiǎo
Sìn-gī Kok-sió:ㄒㄧㄣˋㄧˋㄍㄨㄛˊㄒㄧㄠˇ
Sìn-gī Kok-sió:信义国小
Sìn-gī Kok-sió:信義國小
Sìn-gī Lîm-sim Lōo-kháu:中正紀念堂
Sìn-gī Lîm-sim Lō͘-kháu:中正紀念堂
Sìn-gī Pōng-khang:信義隧道
Sìn-gī Sin-seng Lō͘-kháu:信義新生路口
Sìn-gī Sin-sing Lōo-kháu:信義新生路口
Sìn-gī Siong-khoan:信義商圈
Sìn-gī Siong-khuan:信義商圈
Sìn-gī Tun-huà Lōo-kháu:信义敦化路口
Sìn-gī Tun-huà Lōo-kháu:信義敦化路口
Sìn-gī Tun-hòa Lō͘-kháu:信义敦化路口
Sìn-gī Tun-hòa Lō͘-kháu:信義敦化路口
Sìn-gī Tāi-an Lōo-kháu:信义大安路口
Sìn-gī Tāi-an Lōo-kháu:信義大安路口
Sìn-gī Tāi-an Lō͘-kháu:信义大安路口
Sìn-gī Tāi-an Lō͘-kháu:信義大安路口
Sìn-gī Éng-khong Koe-kháu(Chia̍t-ūn Tang-mn̂g Chām):信義永康街口 (捷運東門站)
Sìn-gī Íng-khong Kue-kháu(Tsia̍t-ūn Tang-mn̂g Tsām):信義永康街口 (捷運東門站)
Sìn-gī-an-hô:xìn yì ān hé
Sìn-gī-an-hô:信义安和
Sìn-gī-an-hô:信義安和
Sìn-gī-chhun:信義村
Sìn-gī-hiong:Xìnyì Xiāng
Sìn-gī-hiong:信義鄉
Sìn-gī-khu:信義區
Sìn-gī-lō͘:信義路
Sìn-gī-lí:Xìnyì Lǐ
Sìn-gī-lí:ㄒㄧㄣˋㄧˋㄌㄧˇ
Sìn-gī-lí:信义里
Sìn-gī-lí:信義里
Sìn-gī-lō-1-tōaⁿ:信义路一段
Sìn-gī-lō-1-tōaⁿ:信義路一段
Sìn-gī-lō-2-tōaⁿ 10-hāng 10-lōng:信義路二段10巷10弄
Sìn-gī-lō-2-tōaⁿ 10-hāng 11-lōng:信義路二段10巷11弄
Sìn-gī-lō-2-tōaⁿ 10-hāng 8-lōng:信義路二段10巷8弄
Sìn-gī-lō-2-tōaⁿ 10-hāng:信義路二段10巷
Sìn-gī-lō-2-tōaⁿ 198-hāng:信義路二段198巷
Sìn-gī-lō-2-tōaⁿ 228-hāng 35-lōng:信義路二段228巷35弄
Sìn-gī-lō-2-tōaⁿ 228-hāng:信義路二段228巷
Sìn-gī-lō-2-tōaⁿ 44-hāng 10-lōng:信義路二段44巷10弄
Sìn-gī-lō-2-tōaⁿ 44-hāng 4-lōng:信義路二段44巷4弄
Sìn-gī-lō-2-tōaⁿ 44-hāng:信義路二段44巷
Sìn-gī-lō-2-tōaⁿ 86-hāng:信義路二段86巷
Sìn-gī-lō-2-tōaⁿ:信義路二段
Sìn-gī-lō-3-tōaⁿ 31-hāng:信義路三段31巷
Sìn-gī-lō-3-tōaⁿ 73-hāng:信義路三段73巷
Sìn-gī-lō-3-tōaⁿ:信義路三段
Sìn-gī-lō-4-tōaⁿ:信義路四段
Sìn-gī-lō-5-tōaⁿ:信义路五段
Sìn-gī-lō-5-tōaⁿ:信義路五段
Sìn-gī-lō-6-tōaⁿ:信義路六段
Sìn-gī-lōo Ji̍p-kháu:信义路入口
Sìn-gī-lōo Ji̍p-kháu:信義路入口
Sìn-gī-lōo Tshut-kháu:信义路出口
Sìn-gī-lōo Tshut-kháu:信義路出口
Sìn-gī-lōo-1-tuānn:信义路一段
Sìn-gī-lōo-1-tuānn:信義路一段
Sìn-gī-lōo-2-tuānn 10-hāng 10-lōng:信義路二段10巷10弄
Sìn-gī-lōo-2-tuānn 10-hāng 11-lōng:信義路二段10巷11弄
Sìn-gī-lōo-2-tuānn 10-hāng 8-lōng:信義路二段10巷8弄
Sìn-gī-lōo-2-tuānn 10-hāng:信義路二段10巷
Sìn-gī-lōo-2-tuānn 198-hāng:信義路二段198巷
Sìn-gī-lōo-2-tuānn 228-hāng 35-lōng:信義路二段228巷35弄
Sìn-gī-lōo-2-tuānn 228-hāng:信義路二段228巷
Sìn-gī-lōo-2-tuānn 44-hāng 10-lōng:信義路二段44巷10弄
Sìn-gī-lōo-2-tuānn 44-hāng 4-lōng:信義路二段44巷4弄
Sìn-gī-lōo-2-tuānn 44-hāng:信義路二段44巷
Sìn-gī-lōo-2-tuānn 86-hāng:信義路二段86巷
Sìn-gī-lōo-2-tuānn:信義路二段
Sìn-gī-lōo-3-tuānn 31-hāng:信義路三段31巷
Sìn-gī-lōo-3-tuānn 73-hāng:信義路三段73巷
Sìn-gī-lōo-3-tuānn:信義路三段
Sìn-gī-lōo-4-tuānn:信義路四段
Sìn-gī-lōo-5-tuānn:信义路五段
Sìn-gī-lōo-5-tuānn:信義路五段
Sìn-gī-lōo-6-tuānn:信義路六段
Sìn-gī-lōo:信义路
Sìn-gī-lōo:信義路
Sìn-gī-lō͘ Chhut-kháu:信义路出口
Sìn-gī-lō͘ Chhut-kháu:信義路出口
Sìn-gī-lō͘ Ji̍p-kháu:信义路入口
Sìn-gī-lō͘ Ji̍p-kháu:信義路入口
Sìn-gī-lō͘:信義路
Sìn-gī-tshun:信義村
Sìn-hong-koān:xìnfēng xiàn
Sìn-hong-koān:信丰县
Sìn-hong-koān:信豐
Sìn-hong-koān:信豐縣
Sìn-iông-koe:信陽街
Sìn-iông-kue:信陽街
Sìnai:西奈半岛
Sìng-dŭ:Chéngdū Shì
Sìng-dŭ:成都市
Sìng-hing:shèng xìng
Sìng-hing:勝興
Sìng-hing:胜兴
Sìng-huà Kho-ha̍k-kuán:生化科學館
Sìng-kong Pēnn-īnn:圣功医院
Sìng-kong Pēnn-īnn:聖功醫院
Sìng-lī-kok-sió:勝利國小
Sìng-thinn-lōo:勝天路
Sìng-tiong:xìngzhōng
Sìng-tiong:ㄒㄧㄥˋㄓㄨㄥ
Sìng-tiong:姓中
Sìng-tè-biō/Bûn-bú Sìng-tiān:wén wǔ shèng diàn
Sìng-tè-biō/Bûn-bú Sìng-tiān:文武圣殿
Sìng-tè-biō/Bûn-bú Sìng-tiān:文武聖殿
Sìnáì:西奈半岛
Sìona:Zhōngguó
Sìona:中国
Sìona:中國
Sìona:中華人民共和國
Sìwéi Street:四維街
Sí-heng-koān:Shǐxīng Xiàn
Sí-heng-koān:始兴县
Sí-heng-koān:始興縣
Sídney:悉尼
Sídney:雪梨
Síerra Leóne:Sàilālì'áng
Síerra Leóne:塞拉利昂
Síerra Leóne:塞拉利昂 / 獅子山
Síerra Leóne:獅子山
Síle:智利
Síli:智利
Sím-hái-ko-sok:沈海高速公路
Sím-hái-ko-sok:瀋海高速公路
Sím-iông Kong-hn̂g:shěnyánggōngyuán
Sím-iông Kong-hn̂g:ㄕㄣˇㄧㄤˊㄍㄨㄥㄩㄢˊ
Sím-iông Kong-hn̂g:沈阳公园
Sím-iông Kong-hn̂g:瀋陽公園
Sím-kè Sin-chhun:審計新村
Sím-kè Sin-tshun:審計新村
Sím-kè-pōo:審計部
Sím-kè-pō͘:審計部
Símferopol:辛菲罗波尔
Símferopol:辛菲罗波尔 / 辛費羅波爾
Símferopol:辛費羅波爾
Sína:Zhōngguó
Sína:中国
Sína:中國
Sínai-félsziget:西奈半岛
Sínaískagi:西奈半岛
Síne:Zhōngguó
Síne:中国
Síne:中國
Sínei:悉尼
Sínei:雪梨
Síng-pak-lōo 2-tuānn:省北路二段
Síng-pak-lōo:省北路
Síng-siu-kiong:醒修宮
Síng-tō Tâi-8-suànn:省道台8線
Síp:Sàipǔlùsī
Síp:塞浦路斯
Síp:塞浦路斯/賽普勒斯
Síp:賽普勒斯
Sípilo:斯比勒山
Sípɛlɛ:Sàipǔlùsī
Sípɛlɛ:塞浦路斯
Sípɛlɛ:塞浦路斯/賽普勒斯
Sípɛlɛ:賽普勒斯
Síria:Xùlìyà
Síria:叙利亚
Síria:叙利亚 / 敘利亞
Síria:敘利亞
Síríà:Xùlìyà
Síríà:叙利亚
Síríà:叙利亚 / 敘利亞
Síríà:敘利亞
Sístán a Balúčistán:錫斯坦－俾路支斯坦省
Sístán a Balúčistán:锡斯坦和俾路支斯坦省
Sítio Roberto Burle Marx:罗伯托·布雷·马克思庄园
Sítio da Basílica de Caacupé:卡庫佩大教堂遺址
Sítio do Monte Dàbǔzi e cemitério:大堡子山遗址及墓群
Síus:克约
Síversk:錫韋爾斯克
Sííwiya:Xùlìyà
Sííwiya:叙利亚
Sííwiya:叙利亚 / 敘利亞
Sííwiya:敘利亞
Sî Berkshire:西伯克郡
Sî Cape-sén:西開普
Sî Cape-sén:西開普省
Sî Sahara:西撒哈拉
Sî Sumatera:西苏门答腊省
Sî Sumatera:西苏门答腊省 / 西蘇門答臘省
Sî Sumatera:西蘇門答臘
Sî Sumatera:西蘇門答臘省
Sî-chhòng Chhṳ-chhṳ-khî:西藏
Sî-fù-hiông:西湖鄉
Sî-fù-khî:Xīhú Qū
Sî-fù-khî:西湖区
Sî-fù-khî:西湖區
Sî-khî:西區
Sî-kóng-khî:西港區
Sî-lí Tsuí-sian-kiong:嵵裡水仙宮
Sî-lí Tsuí-sian-kiong:嵵里水仙宫
Sî-lô-tsṳ́n:西螺鎮
Sî-pet-sén:西北省
Sî-pân-ngà:西班牙
Sî-pò Tuā-lâu:時報大樓
Sî-pò Tōa-lâu:時報大樓
Sî-tun:西屯區
Sî-yí-hiông:西嶼鄉
Sî-ôn-sṳ:Xī'ān shì
Sî-ôn-sṳ:西安
Sî-ôn-sṳ:西安市
Sî:西區
Sîang-ngau:上侯
Sîang-ngau:桑高
Sîcivka:西奇夫卡
Sîdney:悉尼
Sîdney:雪梨
Sîktîvkar:瑟克特夫卡尔
Sîktîvkar:瑟克特夫卡爾
Sîm-iông-khu:xúnyáng qū
Sîm-iông-khu:浔阳区
Sîm-iông-khu:潯陽區
Sîm-o͘-koān:xúnwū xiàn
Sîm-o͘-koān:寻乌县
Sîm-o͘-koān:尋鄔
Sîm-o͘-koān:尋鄔縣
Sîmeiiz:锡梅伊兹
Sîmfêropol:辛菲罗波尔
Sîmfêropol:辛菲罗波尔 / 辛費羅波爾
Sîmfêropol:辛費羅波爾
Sîn-bo̍k:神木
Sîn-chhân-teng:神田町
Sîn-chuk-sṳ:Sinjhú ShÌh
Sîn-chuk-sṳ:Xīnzhú ShÌ
Sîn-chuk-sṳ:ㄒㄧㄣ ㄓㄨˊ ㄕˋ
Sîn-chuk-sṳ:新竹市
Sîn-chuk-yen:Sinjhú-Siàn
Sîn-chuk-yen:Xīnzhú Xiàn
Sîn-chuk-yen:新竹县
Sîn-chuk-yen:新竹縣
Sîn-chàu-yen:xīnshào xiàn
Sîn-chàu-yen:新邵
Sîn-chàu-yen:新邵县
Sîn-chàu-yen:新邵縣
Sîn-chông-khî:Xīnzhuāng Qū
Sîn-chông-khî:新莊區
Sîn-eng Peng-á-iâⁿ:神鷹營區
Sîn-fa-khî:新化區
Sîn-fi-khî:Saenvui-kui
Sîn-fi-khî:Xīnhuì Qū
Sîn-fi-khî:新会区
Sîn-fi-khî:新會區
Sîn-fûng-hiông:新豐鄉
Sîn-fûng-yen:Xīnfēng Xiàn
Sîn-fûng-yen:新丰县
Sîn-fûng-yen:新豐縣
Sîn-hîn:新興區
Sîn-ing Ping-á-iânn:神鷹營區
Sîn-khe-koān:辰溪县
Sîn-khe-koān:辰谿
Sîn-khe-koān:辰谿縣
Sîn-koe-bō͘:神雞墓
Sîn-kon-yen:Xīngàn xiàn
Sîn-kon-yen:新干县
Sîn-kon-yen:新淦
Sîn-kon-yen:新淦縣
Sîn-kue-bōo:神雞墓
Sîn-kâ-po:Xīnjiāpō
Sîn-kâ-po:新加坡
Sîn-kâ-po:新加坡岛
Sîn-kâ-po:星架坡
Sîn-kóng Kau-liû-tō:神岡交流道
Sîn-kóng-hiông:新港鄉
Sîn-luî Ping-á-iânn:神雷營區
Sîn-lò-khî:Xīnluó Qū
Sîn-lò-khî:新罗区
Sîn-lò-khî:新羅區
Sîn-lông-kà Lîm-khu:神农架林区
Sîn-lông-kà Lîm-khu:神農架
Sîn-lông-kà Lîm-khu:神農架林區
Sîn-lûi Peng-á-iâⁿ:神雷營區
Sîn-pet-sṳ:Sinběi Shìh
Sîn-pet-sṳ:Sinběi-Shìh
Sîn-pet-sṳ:Xīnběi Shì
Sîn-pet-sṳ:ㄒㄧㄣ ㄅㄟˇ ㄕˋ
Sîn-pet-sṳ:新北市
Sîn-phî-hiông:新埤鄉
Sîn-phû-tsṳ́n:新埔鎮
Sîn-pâ-pu-vî:津巴布韋
Sîn-pâ-pu-vî:津巴布韦
Sîn-pâ-pu-vî:津巴布韦 / 辛巴威
Sîn-pâ-pu-vî:辛巴威
Sîn-sa-khî:新社區
Sîn-sian-tó:shénxiāndǎo
Sîn-sian-tó:ㄕㄣˊㄒㄧㄢㄉㄠˇ
Sîn-sian-tó:神仙岛
Sîn-sian-tó:神仙島
Sîn-sàng-hiông:新城鄉
Sîn-sṳ-khî:新市區
Sîn-tiam-khî:Xīndiàn Qū
Sîn-tiam-khî:新店區
Sîn-tik-kiô:承德橋
Sîn-tshân-ting:神田町
Sîn-vuk-khî:新屋區
Sîn-yàng-khî:新營區
Sîn-yèn-hiông:新園鄉
Sîn-yì-sṳ:Xīnyú Shì
Sîn-yì-sṳ:新余市
Sîn-yì-sṳ:新喻
Sîn-yì-sṳ:新喻市
Sîn-yì-sṳ:新渝市
Sînelnîkove:錫內利尼科韋
Sîng-an-lí:誠安里
Sîng-an-lí:诚安里
Sîng-bí-kiô:成美橋
Sîng-bí-tn̂g-siū-kiô:成美長壽橋
Sîng-hok-kiong:成福宫
Sîng-hok-kiong:成福宮
Sîng-hok:成福
Sîng-hô-lōo:承和路
Sîng-hông-lí:城隍里
Sîng-ian Ko-tiong:成淵高中
Sîng-kong Kok-sió:chénggōngguóxiǎo
Sîng-kong Kok-sió:ㄔㄥˊㄍㄨㄥㄍㄨㄛˊㄒㄧㄠˇ
Sîng-kong Kok-sió:成功国小
Sîng-kong Kok-sió:成功國小
Sîng-kong Lōo-kháu:chénggōnglùkǒu
Sîng-kong Lōo-kháu:ㄔㄥˊㄍㄨㄥㄌㄨˋㄎㄡˇ
Sîng-kong Lōo-kháu:成功路口
Sîng-kong Tiong-ha̍k(Lîm-sim):成功中学(林森)
Sîng-kong Tiong-ha̍k(Lîm-sim):成功中學(林森)
Sîng-kong Tiong-ha̍k(Tsè-lâm):成功中学(济南)
Sîng-kong Tiong-ha̍k(Tsè-lâm):成功中學(濟南)
Sîng-kong Tshun-ji̍t Lōo-kháu:chénggōngchūnrìlùkǒu
Sîng-kong Tshun-ji̍t Lōo-kháu:ㄔㄥˊㄍㄨㄥㄔㄨㄣㄖˋㄌㄨˋㄎㄡˇ
Sîng-kong Tshun-ji̍t Lōo-kháu:成功春日路口
Sîng-kong Tsóng-tsām:成功總站
Sîng-kong Tāi-tō:成功大道
Sîng-kong-kiô:成功橋
Sîng-kong-ko-tiong:成功高中
Sîng-kong-kok-tiong:成功國中
Sîng-kong-lí:Chénggōng Lǐ
Sîng-kong-lí:ㄔㄥˊㄍㄨㄥㄌㄧˇ
Sîng-kong-lí:成功里
Sîng-kong-lōo 1-tuānn:成功路一段
Sîng-kong-lōo 2-tuānn:成功路二段
Sîng-kong-lōo 3-tuānn:成功路三段
Sîng-kong-lōo 4-tuānn:成功路四段
Sîng-kong-lōo 5-tuānn:成功路五段
Sîng-kong-niá Ping-á-iânn:成功嶺營區
Sîng-kong-niá:成功嶺
Sîng-kong-tshuan:成功村
Sîng-kong:chéng gōng
Sîng-kong:成功
Sîng-lôo-kiô:成蘆橋
Sîng-pîng-lōo:承平路
Sîng-siān-kue:承善街
Sîng-sìn-lōo:承信路
Sîng-sìng 1-lōo:誠聖一路
Sîng-sìng 2-lōo:誠聖二路
Sîng-sìng 3-lōo:誠聖三路
Sîng-tik Ping-á-iânn:成德營區
Sîng-tik-lōo 1-tuānn:承德路一段
Sîng-tik-lōo 2-tuānn 109-hāng:承德路二段109巷
Sîng-tik-lōo 2-tuānn 129-hāng:承德路二段129巷
Sîng-tik-lōo 2-tuānn 53-hāng:承德路二段53巷
Sîng-tik-lōo 2-tuānn 63-hāng:承德路二段63巷
Sîng-tik-lōo 2-tuānn 75-hāng:承德路二段75巷
Sîng-tik-lōo 2-tuānn 91-hāng:承德路二段91巷
Sîng-tik-lōo 2-tuānn 97-hāng:承德路二段97巷
Sîng-tik-lōo 2-tuānn:承德路二段
Sîng-tik-lōo 3-tuānn:承德路三段
Sîng-tik-lōo 4-tuānn:承德路四段
Sîng-tik-lōo 5-tuānn:承德路五段
Sîng-tik-lōo 6-tuānn:承德路六段
Sîng-tik-lōo 7-tuānn:承德路七段
Sîng-to-lōo:成都路
Sîng-tsin-kue:承真街
Sîng-tui-suann:成追線
Sîng-tui-suànn:成追線
Sîngerei District:森杰雷区
Sînhaii:辛加伊
Sîniutîn:西紐京
Sînkovîci:辛科維奇
Sînob:锡诺普
Sînä:Zhōngguó
Sînä:中国
Sînä:中國
Sîpri:Sàipǔlùsī
Sîpri:塞浦路斯
Sîpri:塞浦路斯/賽普勒斯
Sîpri:賽普勒斯
Sîrdaria:錫爾河
Sîrdaria:锡尔河
Sîrvatînți:西爾瓦京齊
Sîrwan:迪亚拉河
Sîstan û Belûçistan:錫斯坦－俾路支斯坦省
Sîstan û Belûçistan:锡斯坦和俾路支斯坦省
Sîtîsko:西季西科
Sîzran:塞兹兰
Sîzran:塞茲蘭
Sïngäpûru:Xīnjiāpō
Sïngäpûru:新加坡
Sïngäpûru:新加坡岛
Sïngäpûru:星架坡
Sòaⁿ-thâu-chhī:Shàntóu Shì
Sòaⁿ-thâu-chhī:汕头市
Sòaⁿ-thâu-chhī:汕頭
Sòaⁿ-thâu-chhī:汕頭市
Sòchi:索契
Sòfia:索菲亞
Sòfia:索非亚
Sòfia:索非亞
Sòmálíà:索馬利亞
Sòmálíà:索馬里
Sòmálíà:索马里
Sòng-kang Piánn-ānn Môai:宋江餅餡糜
Sòng-nèn-sṳ:Chángníng Shì
Sòng-nèn-sṳ:Chángníng-Shìh
Sòng-nèn-sṳ:常宁市
Sòng-nèn-sṳ:常寧
Sòng-nèn-sṳ:常寧市
Sòng-ok Kong-hn̂g:sòngwūgōngyuán
Sòng-ok Kong-hn̂g:ㄙㄨㄥˋㄨㄍㄨㄥㄩㄢˊ
Sòng-ok Kong-hn̂g:宋屋公园
Sòng-ok Kong-hn̂g:宋屋公園
Sòng-tet-sṳ:Chángdé Shì
Sòng-tet-sṳ:常德
Sòng-tet-sṳ:常德市
Sòo-lí Tāi-tō:数理大道
Sòo-lí Tāi-tō:數理大道
Sòo-uī Huat-tián-pōo:數位發展部
Sòria:索里亚
Sò͘-lí Tāi-tō:数理大道
Sò͘-lí Tāi-tō:數理大道
Sò͘-ūi Hoat-tián-pō͘:數位發展部
Sóc Châu:Shuòzhōu Shì
Sóc Châu:朔州市
Sóc Giang Border Control:朔江口岸
Sóc Sơn District:朔山县
Sóc Sơn District:朔山縣
Sóc Thành:Shuocheng Qu
Sóc Thành:朔城区
Sóc Thành:朔城區
Sóc Trăng Province:朔庄省
Sóc Trăng Province:朔莊省
Sóc Trăng:朔庄市
Sóc Trăng:朔庄省
Sóc Trăng:朔莊市
Sóc Trăng:朔莊省
Sóchi:索契
Sófia:索菲亞
Sófia:索非亚
Sófia:索非亞
Sófía:索菲亞
Sófía:索非亚
Sófía:索非亞
Sóhajok hídja:叹息桥
Sóifia:索菲亞
Sóifia:索非亚
Sóifia:索非亞
Sója:宗谷岬
Sólomon Tó Bináhaazyínígíí:所罗门群岛
Sólomon Tó Bináhaazyínígíí:所罗门群岛 / 索羅門群島
Sólomon Tó Bináhaazyínígíí:所羅門群島
Sólomon Tó Bináhaazyínígíí:索羅門群島
Sólápur:索拉普
Sómalía:Suǒmǎlǐ
Sómalía:索馬利亞
Sómalía:索馬里
Sómalía:索马里
Sómalía:索马里 / 索馬利亞
Sórey:索勒
Sória:索里亚
Sórtavala:索爾塔瓦拉
Sówinam:苏里南
Sówinam:苏里南 / 蘇利南 / 蘇里南
Sówinam:蘇利南
Sówinam:蘇利南 / 蘇里南
Sówinam:蘇里南
Só͘-lô-bûn Kûn-tó:所罗门群岛
Só͘-lô-bûn Kûn-tó:所罗门群岛 / 索羅門群島
Só͘-lô-bûn Kûn-tó:所羅門群島
Só͘-lô-bûn Kûn-tó:索羅門群島
Sôbrôg:苏布日嘎
Sôbôrgan Tal Gaqaa:苏布日根塔拉嘎查
Sôgin Hûa:扫高花
Sôi-diēng:瑞典
Sômâlia:Suǒmǎlǐ
Sômâlia:索馬利亞
Sômâlia:索馬里
Sômâlia:索马里
Sômâlia:索马里 / 索馬利亞
Sông An Ninh:ānníng hé
Sông An Ninh:安宁河
Sông An Ninh:安寧河
Sông Ba:波江
Sông Brisbane:布里斯班河
Sông Bàn Long:pánlóng jiāng
Sông Bàn Long:盘龙江
Sông Bàn Long:盤龍江
Sông Bắc Luân:Baklan Ho
Sông Bắc Luân:Kaalung Ho
Sông Bắc Luân:běilún hé
Sông Bắc Luân:北仑河
Sông Bắc Luân:北侖河
Sông Bắc Luân:卡隆河
Sông Bắc Vọng:峒桂河
Sông Bằng:shuǐkǒu hé
Sông Bằng:水口河
Sông Bến Hải:𤅶海江
Sông Chari:沙里河
Sông Chu:朱江
Sông Chảy:zhāi hé
Sông Chảy:斋河
Sông Chảy:沚江
Sông Chảy:齋河
Sông Cám:贛江
Sông Cám:赣江
Sông Công:公河市
Sông Cầu:虬江市社
Sông Cỏ May:苦梅河
Sông Danube:多瑙河
Sông Detroit:底特律河
Sông Dnepr:第聂伯河
Sông Douro:杜罗河
Sông Garonne-sén:上加龙省
Sông Gianh:净江
Sông Gianh:淨江
Sông Gâm:白南河
Sông Hinh District:馨江县
Sông Hinh District:馨江縣
Sông Hinh:馨江
Sông Hueang:黃河
Sông Hàn:瀚江
Sông Hương:香江
Sông Hải Điện:海甸河
Sông Hậu:巴萨河
Sông Hậu:後江
Sông Hằng:恒河
Sông Hồng:紅河
Sông Hồng:红河
Sông Hợp Chưởng:合掌江
Sông Hữu Trạch:右泽江
Sông Hữu Trạch:右澤江
Sông Ka Long:Baklan Ho
Sông Ka Long:Kaalung Ho
Sông Ka Long:běilún hé
Sông Ka Long:北仑河
Sông Ka Long:北侖河
Sông Ka Long:卡隆河
Sông Kinh Thầy:巠柴江
Sông Kuban:庫班河
Sông Kuriyamagawa:栗山川
Sông Kỳ Cùng:奇穷河
Sông Kỳ Cùng:平而河
Sông La Ngà:罗峨江
Sông La Ngà:羅峩江
Sông La Phù:Lofau Gong
Sông La Phù:罗浮江
Sông La Phù:羅浮江
Sông La:罗江
Sông La:羅江
Sông Lam:蓝江
Sông Lam:藍江
Sông Lô District:泸江县
Sông Lô District:瀘江縣
Sông Lô:瀘江
Sông Lục Lầm:綠林河
Sông Lục Lầm:绿林河
Sông Maas:默兹河
Sông Miện:八布河
Sông Miện:冕江
Sông Molonglo:马龙罗河
Sông Mã District:馬江縣
Sông Mã District:马江县
Sông Mã:馬江
Sông Mã:马江
Sông Mê Kông:Láncāng Jiāng
Sông Mê Kông:扎曲
Sông Mê Kông:湄公河
Sông Mê Kông:澜沧江
Sông Mê Kông:瀾滄江
Sông Naf:納夫河
Sông Nho Quế:jǐn jiāng
Sông Nho Quế:南利河
Sông Nhuệ:锐江
Sông Nin:尼罗河
Sông Nin:尼羅河
Sông Obi:鄂畢河
Sông Oka:奥卡河
Sông Phước Giang:福江
Sông Pripyat:普里皮亚季河
Sông Putumayo:普圖馬約河
Sông Pyrénées sén:上比利牛斯省
Sông Quây Sơn:归春河
Sông Ray Reservoir:莱江湖
Sông Ray:莱河
Sông Regen:雷根河
Sông Sa:shā xī
Sông Sa:沙溪
Sông Seine:塞納河
Sông Seine:塞纳河
Sông Seym:謝伊姆河
Sông Stueng Saen:斯登森河
Sông Sài Gòn:西貢河
Sông Sài Gòn:西贡河
Sông Sénégal:塞内加尔河
Sông Thái Bình:太平江
Sông Thâm Câu:Samgau Ho
Sông Thâm Câu:深沟河
Sông Thâm Câu:深溝河
Sông Thạch Hãn:石捍江
Sông Tiêm:暹江
Sông Tiền:湄公河
Sông Trà:泷茶社
Sông Tuul:图拉河
Sông Tây Dvina:道加瓦河
Sông Tăng:zēng jiāng
Sông Tăng:增江
Sông Tư:Zī Shuĭ
Sông Tư:資水
Sông Tư:资水
Sông Tư:资江
Sông Ubangi:烏班吉河
Sông Ural:乌拉尔河
Sông Ural:烏拉河
Sông Volga:伏尔加河
Sông Vạn Tuyền:wànquán hé
Sông Vạn Tuyền:万泉河
Sông Vạn Tuyền:萬泉河
Sông Yarra:亚拉河
Sông Đakrông:石捍江
Sông Đà Rằng:沱浪江
Sông Đà:lǐxiān jiāng
Sông Đà:李仙江
Sông Đà:沱江
Sông Đại Bộ:大埔河
Sông Đại Lăng:大凌河
Sông Đại Đồng:大同江
Sông Đồng Nai:同奈河
Sông Ấn:印度河
Sông Ấn:森格藏布
Sông-chhṳ̍t-yen:sāngzhí xiàn
Sông-chhṳ̍t-yen:桑植
Sông-chhṳ̍t-yen:桑植县
Sông-chhṳ̍t-yen:桑植縣
Sông-chiŏng-gâing:shùnchāng xiàn
Sông-chiŏng-gâing:順昌
Sông-chiŏng-gâing:順昌縣
Sông-chiŏng-gâing:顺昌县
Sông-hói:Shànghǎi Shì
Sông-hói:上海
Sông-hói:上海市
Sông-kang-lōo:松江路
Sông-kang-lō͘:松江路
Sông-sṳ̂-yen:shàngsī xiàn
Sông-sṳ̂-yen:上思
Sông-sṳ̂-yen:上思县
Sông-sṳ̂-yen:上思縣
Sôôin Ail Gaqaa:苏艾勒嘎查
Sô̤i-sê̤ṳ:Ruìshì
Sô̤i-sê̤ṳ:瑞士
Sõjaväeterminal:军事航站楼
Sõktõvkar:瑟克特夫卡尔
Sõktõvkar:瑟克特夫卡爾
Sõnelnõkove:錫內利尼科韋
Sõrdarja:錫爾河
Sõrdarja:锡尔河
Sõssert:瑟謝爾季
Sõtšovka:瑟喬夫卡
Sõzran:塞兹兰
Sõzran:塞茲蘭
Söd-Jeorjie un de södlijje Botteramms-Enselle:南喬治亞島與南桑威奇群島
Söd-Koreja:Hánguó
Söd-Koreja:南韓
Söd-Koreja:大韓民國
Söd-Koreja:韓國
Söd-Koreja:韩国
Söd-Koreja:韩国 / 南韓
Söda Gompa:斯德日追
Södaffrika:Nán Fēi
Södaffrika:南非
Södaffrika:南非共和國
Södermanland (condado):南曼兰省
Södermanland County:南曼兰省
Södermanland ili:南曼兰省
Södermanland len:南曼兰省
Södermanland megye:南曼兰省
Södermanland:南曼兰省
Södermanlandeko konderria:南曼兰省
Södermanlandi lään:南曼兰省
Södermanlandin lääni:南曼兰省
Södermanlands län:南曼兰省
Södermanlándda leatna:南曼兰省
Södertälje:南泰利耶
Södra Bug:南布格河
Södra Hamgyong:咸鏡南道
Södra Hamgyong:咸镜南道
Södra Hongkong:南区
Södra Hongkong:南區
Södra Hwanghae:黃海南道
Södra Hwanghae:黄海南道
Södra Karelen:南卡累利阿區
Södra Kivu:南基伍省
Södra P'yŏngan:平安南道
Södra Pemba:南奔巴區
Södra Zambia:南部省 (赞比亚)
Södra Zanzibar:南安古迦區
Södra distriktet:南部区
Södra distriktet:南部區
Södra federala distriktet:南部联邦管区
Södra federala distriktet:南部聯邦管區
Södra guvernementet:南方省
Södra palatset:南宫
Södra palatset:南宮
Södra regionen:南部区
Södra rödahavsregionen:南紅海區
Södra rödahavsregionen:南紅海地區
Södra rödahavsregionen:南红海区
Södra Österbotten:南博滕區
Söget:sūgětí xiāng
Söget:苏盖提乡
Söke:瑟凱
Söl':叙尔特岛
Söl:叙尔特岛
Söl:沙耳乡
Sölƶa-Ġala:格罗兹尼
Sölƶa-Ġala:格羅茲尼
Sömakı:西奧馬基
Söt Café Bistronömy:禾林浮島
Söul:首尔
Söul:首尔特别市
Söul:首爾
Söul:首爾特別市
Söğüt:瑟于特
Söğütlü:瑟于特呂
Sønderborg Airport:森讷堡机场
Sønderborg Lufthavn:森讷堡机场
Sønderborg lufthavn:森讷堡机场
Sønderborg:森訥堡
Søndre Bug:南布格河
Sør guvernement:南黎巴嫩省
Sør-Afrika:Nán Fēi
Sør-Afrika:南非
Sør-Afrika:南非共和國
Sør-Afrikas ambassade:南非大使馆
Sør-Afrikas æreskonsulat:南非名誉领事馆
Sør-Amerika:南美洲
Sør-Aralsjøen:南咸海
Sør-Ash Sharqiyah:東南省
Sør-Atlanteren:南大西洋
Sør-Carolina:南卡罗来纳州
Sør-Carolina:南卡羅萊納州
Sør-Chungcheong:忠清南道
Sør-Dakota:南达科他州
Sør-Dakota:南達科他州
Sør-Georgia og Sør-Sandwichøyane:南乔治亚和南桑威奇群岛
Sør-Georgia og Sør-Sandwichøyane:南喬治亞和南桑威奇群島
Sør-Georgia og Sør-Sandwichøyane:南喬治亞島與南桑威奇群島
Sør-Georgia og Sør-Sandwichøyene:南喬治亞島與南桑威奇群島
Sør-Georgia:南乔治亚岛
Sør-Gyeongsang:庆尚南道
Sør-Gyeongsang:慶尙南道
Sør-Gyeongsang:慶尚南道
Sør-Hamgyong:咸鏡南道
Sør-Hamgyong:咸镜南道
Sør-Hwanghae:黃海南道
Sør-Hwanghae:黄海南道
Sør-Jeolla:全罗南道
Sør-Jeolla:全羅南道
Sør-Kasakhstan oblast:突厥斯坦州
Sør-Khorasan:南呼罗珊省
Sør-Khorasan:南呼羅珊省
Sør-Korea:Hánguó
Sør-Korea:南韓
Sør-Korea:大韓民國
Sør-Korea:韓國
Sør-Korea:韩国
Sør-Korea:韩国 / 南韓
Sør-Koreas ambassade:韩国大使馆
Sør-Koreas generalkonsulat:韩国总领事馆
Sør-Koreas æreskonsulat:韩国名誉领事馆
Sør-Ossetia:南奥塞梯
Sør-Ossetia:南奧塞梯
Sør-Pyongan:平安南道
Sør-Sudan:南苏丹
Sør-Sudan:南苏丹 / 南蘇丹
Sør-Sudan:南蘇丹
Sør-Sudans ambassade:南苏丹大使馆
Sørdistriktet:南部区
Sørdistriktet:南部區
Sørguvernementet i Bahrain:南方省
Sørlege Bug:南布格河
Sørlige guvernement:南方省
Sørprovinsen:南部省
Sørvåg:瑟沃格
Sørøya:南島
Sù chloinne Fort Wayne:韦恩堡儿童动物园
Sù-chhoan-lō͘ 1-tōaⁿ:四川路一段
Sù-chhoan-lō͘ 2-tōaⁿ:四川路二段
Sù-chhoan-séng:Sìchuān
Sù-chhoan-séng:四川省
Sù-hoē-chhī:Sìhuì Shì
Sù-hoē-chhī:四会市
Sù-hoē-chhī:四會
Sù-hoē-chhī:四會市
Sù-hái-thâm:四海潭
Sù-hông-koān:Sìhóng Xiàn
Sù-hông-koān:泗洪
Sù-hông-koān:泗洪县
Sù-hông-koān:泗洪縣
Sù-iông-koān:Sìyáng Xiàn
Sù-iông-koān:泗阳县
Sù-iông-koān:泗阳縣
Sù-iông-koān:泗陽
Sù-iông-koān:泗陽縣
Sù-pêng-chhī:Sìpíng Shì
Sù-pêng-chhī:四平市
Sù-pêng-koe 134-hāng:四平街134巷
Sù-pêng-koe:四平街
Sù-tshuan-lōo 1-tuānn:四川路一段
Sù-tshuan-lōo 2-tuānn:四川路二段
Sù-uî Jî-tông Kong-hn̂g:sìwéiértónggōngyuán
Sù-uî Jî-tông Kong-hn̂g:ㄙˋㄨㄟˊㄦˊㄊㄨㄥˊㄍㄨㄥㄩㄢˊ
Sù-uî Jî-tông Kong-hn̂g:四維兒童公園
Sù-uî Jî-tông Kong-hn̂g:四维儿童公园
Sù-uî-1-lōo:四維一路
Sù-uî-1-lō͘:四維一路
Sù-uî-2-lōo:四維二路
Sù-uî-2-lō͘:四維二路
Sù-uî-3-lōo:四維三路
Sù-uî-3-lō͘:四維三路
Sù-uî-4-lōo:四維四路
Sù-uî-4-lō͘:四維四路
Sù-uî-lí:Sìwéi Lǐ
Sù-uî-lí:ㄙˋㄨㄟˊㄌㄧˇ
Sù-uî-lí:四維里
Sù-uî-lí:四维里
Sù-uî-lōo:四維路
Sù-uî-tshuan:四維村
Sù-ûi Jî-tông Kong-hn̂g:sìwéiértónggōngyuán
Sù-ûi Jî-tông Kong-hn̂g:ㄙˋㄨㄟˊㄦˊㄊㄨㄥˊㄍㄨㄥㄩㄢˊ
Sù-ûi Jî-tông Kong-hn̂g:四維兒童公園
Sù-ûi Jî-tông Kong-hn̂g:四维儿童公园
Sù-ûi-chhoan:四維村
Sù-ûi-lí:Sìwéi Lǐ
Sù-ûi-lí:ㄙˋㄨㄟˊㄌㄧˇ
Sù-ûi-lí:四維里
Sù-ûi-lí:四维里
Sù-ûi-lō͘:四維路
Sùi-ciŭ:Suízhōu Shì
Sùi-ciŭ:随州市
Sùi-ciŭ:隨州
Sùi-ciŭ:隨州市
Sùn-ôn-yen:Chún'ān Xiàn
Sùn-ôn-yen:淳安
Sùn-ôn-yen:淳安县
Sùn-ôn-yen:淳安縣
Sùndsvall:松茲瓦爾
Sùng Châu:Chóngzhōu Shi
Sùng Châu:崇州市
Sùng Dương:Chongyang Xian
Sùng Dương:崇阳县
Sùng Dương:崇陽
Sùng Dương:崇陽縣
Sùng Kính Điện:崇敬殿
Sùng Lễ:chónglǐ qu
Sùng Lễ:崇礼区
Sùng Lễ:崇禮區
Sùng Minh:Chóngmíng Qū
Sùng Minh:崇明区
Sùng Minh:崇明區
Sùng Minh:崇明縣
Sùng Nghĩa:chóngyì xiàn
Sùng Nghĩa:崇义县
Sùng Nghĩa:崇義
Sùng Nghĩa:崇義縣
Sùng Nhân:chóngrén xiàn
Sùng Nhân:崇仁
Sùng Nhân:崇仁县
Sùng Nhân:崇仁縣
Sùng Phài Commune:宋派社
Sùng Tín:chóngxìn xiàn
Sùng Tín:崇信县
Sùng Tín:崇信縣
Sùng Tả:Chóngzuǒ shì
Sùng Tả:Cungzo-si
Sùng Tả:崇左市
Sùng Xuyên:Chóngchuān Qū
Sùng Xuyên:崇川区
Sùng Xuyên:崇川區
Sùng Đức:崇德乡
Sùng-cō̤:Chóngzuǒ shì
Sùng-cō̤:Cungzo-si
Sùng-cō̤:崇左市
Sùrìnámù:苏里南
Sùrìnámù:苏里南 / 蘇利南 / 蘇里南
Sùrìnámù:蘇利南
Sùrìnámù:蘇利南 / 蘇里南
Sùrìnámù:蘇里南
Sú-káng:shǐgǎng
Sú-káng:ㄕˇㄍㄤˇ
Sú-káng:史港
Súd Dakota:南达科他州
Súd Dakota:南達科他州
Súd Karolina:南卡罗来纳州
Súd Karolina:南卡羅萊納州
Súd-Afrika:Nán Fēi
Súd-Afrika:南非
Súd-Afrika:南非共和國
Súd-Amearika:南美洲
Súd-Bevelân:南貝弗蘭
Súd-Dakota:南达科他州
Súd-Dakota:南達科他州
Súd-Denemark:南丹麦大区
Súd-Georgje en de Súdlike Sandwicheilannen:南乔治亚和南桑威奇群岛
Súd-Georgje en de Súdlike Sandwicheilannen:南喬治亞和南桑威奇群島
Súd-Geörgje en de Súdlike Sandwicheilannen:南喬治亞島與南桑威奇群島
Súd-Hollân:南荷兰
Súd-Hollân:南荷兰省
Súd-Hollân:南荷蘭
Súd-Hollân:南荷蘭省
Súd-Karolina:南卡罗来纳州
Súd-Karolina:南卡羅萊納州
Súd-Korea:Hánguó
Súd-Korea:南韓
Súd-Korea:大韓民國
Súd-Korea:韓國
Súd-Korea:韩国
Súd-Korea:韩国 / 南韓
Súd-Osseesje:南奥塞梯
Súd-Sûdan:南苏丹
Súd-Sûdan:南苏丹 / 南蘇丹
Súd-Sûdan:南蘇丹
Súd-Tarawa:南塔拉瓦
Súdan:Sūdān
Súdan:苏丹
Súdan:蘇丹
Súdlik Paleis:南宫
Súdlik Paleis:南宮
Súdán:Sūdān
Súdán:苏丹
Súdán:蘇丹
Súes:苏伊士
Súes:蘇伊士
Súes:蘇伊士/苏伊士
Súesflói:苏伊士湾
Súi-hâi-yen:Suíxī Xiàn
Súi-hâi-yen:遂溪
Súi-hâi-yen:遂溪县
Súi-hâi-yen:遂溪縣
Súi-lìm-hiông:水林鄉
Súi-lî-hiông:Shuǐlǐ Xiāng
Súi-lî-hiông:水里鄉
Súi-song-hiông:水上鄉
Súkre:蘇克雷
Súkúmí:苏呼米
Súkúmí:苏呼米/蘇呼米
Súkúmí:蘇呼米
Súl:首尔
Súl:首尔特别市
Súl:首爾
Súl:首爾特別市
Súlavesí:苏拉威西
Súlavesí:苏拉威西 / 蘇拉威西
Súlavesí:蘇拉威西
Súmatra:苏门答腊
Súmatra:苏门答腊 / 蘇門答臘
Súmatra:蘇門答臘
Súmy:苏梅
Súostrovie Spratly:南沙群岛
Súostrovie Spratly:南沙群岛/南沙群島
Súostrovie Spratly:南沙群島
Súr:泰尔
Súr:蘇爾
Súrínam:苏里南
Súrínam:苏里南 / 蘇利南 / 蘇里南
Súrínam:蘇利南
Súrínam:蘇利南 / 蘇里南
Súrínam:蘇里南
Súsa:苏塞
Súzdal:苏兹达尔
Sû-chû-sṳ:Sūzhōu Shì
Sû-chû-sṳ:苏州市
Sû-chû-sṳ:蘇州
Sû-chû-sṳ:蘇州市
Sû-li-nàm:苏里南
Sû-li-nàm:苏里南 / 蘇利南 / 蘇里南
Sû-li-nàm:蘇利南
Sû-li-nàm:蘇利南 / 蘇里南
Sû-li-nàm:蘇里南
Sû-o-tsṳ́n:Sū​’ào Zhèn
Sû-o-tsṳ́n:蘇澳鎮
Sû-sien-khî:sūxiān qū
Sû-sien-khî:甦仙區
Sû-sien-khî:苏仙区
Sû-sien-khî:蘇仙區
Sûbargan Tal Gaqaa:苏布日干塔拉嘎查
Sûbrag Cun:索布力嘎村
Sûbrag Cun:苏布日嘎村
Sûbrag Gaqaa:索博日嘎嘎查
Sûbrag Qibadui:索布力嘎七八队
Sûbrag Wuliudui:索布力嘎五六队
Sûbrag:曹布日嘎
Sûbtai Miao Hougou:苏布台庙后沟
Sûbtai Miao:苏布台庙
Sûbûd Shan Cun:索贝山村
Sûbûût Ûûl Shangyingzi:绍布乌拉上营子
Sûbûût Ûûl Xiayingzi:绍布乌拉下营子
Sûbûût Ûûl:绍布乌拉
Sûdak:蘇達克
Sûdal:苏达勒
Sûdan:Sūdān
Sûdan:苏丹
Sûdan:蘇丹
Sûdana Başûr:南苏丹
Sûdana Başûr:南苏丹 / 南蘇丹
Sûdana Başûr:南蘇丹
Sûgat Hôt:苏嘎图浩特
Sûi-chiu-chhī:Suízhōu Shì
Sûi-chiu-chhī:随州市
Sûi-chiu-chhī:隨州
Sûi-chiu-chhī:隨州市
Sûi-hio̍h-iông-tō:垂葉榕道
Sûi-koān:随县
Sûi-koān:隨縣
Sûka kehane:老城
Sûm Barûûtai Hondei:苏莫巴仁台浑迪
Sûm Cun:苏木村
Sûm:苏木
Sûn-an-koān:Chún'ān Xiàn
Sûn-an-koān:淳安
Sûn-an-koān:淳安县
Sûn-an-koān:淳安縣
Sûndal Hôt:孙达拉浩特
Sûndastrjitte:巽他海峡
Sûng-chhîn-khî:shuāngqīng qū
Sûng-chhîn-khî:双清区
Sûng-chhîn-khî:雙清區
Sûng-fûng-yen:Shuāngfēng Xiàn
Sûng-fûng-yen:双峰县
Sûng-fûng-yen:雙峯縣
Sûng-fûng-yen:雙峰
Sûng-hâi-khî:雙溪區
Sûr:泰尔
Sûrgûûli Hôt:苏日古拉浩特
Sûrgûûli:苏日古拉
Sûrî:Xùlìyà
Sûrî:叙利亚
Sûrî:叙利亚 / 敘利亞
Sûrî:敘利亞
Sûrînam:苏里南
Sûrînam:苏里南 / 蘇利南 / 蘇里南
Sûrînam:蘇利南
Sûrînam:蘇利南 / 蘇里南
Sûrînam:蘇里南
Sûse:苏塞
Sûîsi:Ruìshì
Sûîsi:瑞士
Sûûgiin Ail:苏印艾里
Sûûj Cun:苏集村
Sûûj Shan:苏集山
Sûûj:苏集
Sûûn Hûdag:苏音呼都嘎
Sûûnhûdag Hôt:苏音呼都嘎浩特
Sü-chuej:Xúhuì Qū
Sü-chuej:徐匯區
Sü-chuej:徐汇区
Sü-čchang:Xǔchāng Shì
Sü-čchang:許昌
Sü-čchang:許昌市
Sü-čchang:许昌市
Sü-čou:徐州
Sü-čou:徐州市
Süan-čcheng:Xuānchéng Shì
Süan-čcheng:宣城市
Süchbaatar-Aimag:Xīnbā'ěrhǔ Yòu Qí
Süchbaatar-Aimag:苏赫巴托尔省
Süchbaatar-Aimag:蘇赫巴托爾省
Süchbaatar-Aimag:蘇赫巴托盟
Süchbaatar:Xīnbā'ěrhǔ Yòu Qí
Süchbaatar:苏赫巴托尔
Süchbaatar:苏赫巴托尔省
Süchbaatar:蘇赫巴托爾
Süchbaatar:蘇赫巴托爾省
Süchbaatar:蘇赫巴托盟
Süd Allee:Nán Dà Jiē
Süd Sudan:南苏丹
Süd Sudan:南苏丹 / 南蘇丹
Süd Sudan:南蘇丹
Süd- und Ostserbien:东塞尔维亚
Süd-Albanien:阿尔巴尼亚南部
Süd-Albanien:阿爾巴尼亞南部
Süd-Andaman:南安达曼县
Süd-Andaman:南安达曼岛
Süd-Carolina:南卡罗来纳州
Süd-Carolina:南卡羅萊納州
Süd-Chorasan:南呼罗珊省
Süd-Chorasan:南呼羅珊省
Süd-Dakota:南达科他州
Süd-Dakota:南達科他州
Süd-Darfur:南达尔富尔州
Süd-Kalimantan:南加里曼丹省
Süd-Kurdufan:南科尔多凡州
Süd-Niederkalifornien:南下加利福尼亚州
Süd-Ossetie:南奥塞梯
Süd-Ossetie:南奧塞梯
Süd-Papua:南巴布亚省
Süd-Pemba:南奔巴區
Süd-P’yŏngan:平安南道
Süd-Sulawesi:南苏拉威西省
Süd-Sumatra-Pavillon:南苏门答腊馆
Süd-Sumatra:南苏门答腊省
Süd-Ubangi:南乌班吉省
Süd:南部区
Südafrica:Nán Fēi
Südafrica:南非
Südafrica:南非共和國
Südafrika (Landmass):Nán Fēi
Südafrika (Landmass):南非
Südafrika:Nán Fēi
Südafrika:南非
Südafrika:南非共和國
Südafrikanische Botschaft:南非大使馆
Südamerika:南美洲
Südatlantischer Ozean:南大西洋
Südaustralien:南澳大利亚州
Südbezirk:南部区
Südbezirk:南部區
Südbioko:南比奥科省
Südböhmisches Museum Budweis:南波希米亞博物館
Südchinesisches Meer:Naamhoi
Südchinesisches Meer:Nán Hǎi
Südchinesisches Meer:naam4 hoi2
Südchinesisches Meer:ㄋㄢˊ ㄏㄞˇ
Südchinesisches Meer:南海
Süddänische Universität:南丹麥大學
Süden:南部
Südgeorgien und die Südlichen Sandwichinseln:南乔治亚和南桑威奇群岛
Südgeorgien und die Südlichen Sandwichinseln:南喬治亞和南桑威奇群島
Südgeorgien und die Südlichen Sandwichinseln:南喬治亞島與南桑威奇群島
Südgeorgien:南乔治亚岛
Südgobi:南戈壁省
Südgrotten-Tempel:nánshíkū sì
Südgrotten-Tempel:南石窟寺
Südholland:南荷兰
Südholland:南荷兰省
Südholland:南荷蘭
Südholland:南荷蘭省
Südinsel:南兄弟岛
Südinsel:南島
Südkalimantan Pavillon:南加里曼丹馆
Südkarelien:南卡累利阿區
Südkegel:南錐體
Südkirche:南教堂
Südkivu:南基伍省
Südkorea:Hánguó
Südkorea:南韓
Südkorea:大韓民國
Südkorea:韓國
Südkorea:韩国
Südkorea:韩国 / 南韓
Südland:南挪威
Südliche Chinesische Mauer:苗疆长城
Südliche Küstenregion:南中部
Südliche Nationen, Nationalitäten und Völker:南方民族、部落和人民州
Südliche Orkneyinseln:南奥克尼群岛
Südliche Provinz:南方省
Südliche Region des Roten Meeres:南紅海地區
Südliche Region des Roten Meeres:南红海区
Südliche Shetlandinseln:南设得兰群岛
Südlicher Bug:南布格河
Südlicher Distrikt:南部區
Südlicher Gasherbrumgletscher:南加舒布鲁木冰川
Südlicher Militärbezirk:南部军区
Südlicher Palast:南宫
Südlicher Palast:南宮
Südlicher Verwaltungsbezirk:南行政区
Südlicher Verwaltungsbezirk:南行政區
Südliches Gouvernement:南方省
Südliches Vereker-Atoll:南卫滩
Südliches Vereker-Atoll:南衛灘
Südliches byzantinisches Tor:南拜占庭大门
Südlichster Punkt Taiwans:臺灣極南
Südmatabeleland:南馬塔貝萊蘭省
Südossetien:南奥塞梯
Südossetien:南奧塞梯
Südost-Sulawesi:东南苏拉威西省
Südost:东南部发展地区
Südostanatolien:东南安纳托利亚地区
Südosten:东南部
Südosten:東南部
Südostgrat:东南岭
Südpass:阳关
Südpol:南极点
Südpol:南极点/南極點
Südpol:南極
Südpol:南極點
Südprovinz:南部省
Südprovinz:南部省 (赞比亚)
Südrasen:南草坪
Südsattel:南坳
Südsinai:南西奈省
Südsudan:南苏丹
Südsudan:南苏丹 / 南蘇丹
Südsudan:南蘇丹
Südsulawesi Pavillon:南苏拉威西馆
Südtibet:Zang Nan
Südtibet:藏南
Südtor:gǔ nán mén
Südtor:南门
Südtor:吳哥窟
Südwest:西南区
Südwest:西南大区
Südwestengland:西南英格兰
Südwestlicher Verwaltungsbezirk:西南行政区
Südwestlicher Verwaltungsbezirk:西南行政區
Südwestäthiopische Völker:西南埃塞俄比亚人民州
Südösterbotten:南博滕區
Südöstlicher Verwaltungsbezirk:东南行政区
Südöstlicher Verwaltungsbezirk:東南行政區
Sühbaatar Aymag:Xīnbā'ěrhǔ Yòu Qí
Sühbaatar Aymag:苏赫巴托尔省
Sühbaatar Aymag:蘇赫巴托爾省
Sühbaatar Aymag:蘇赫巴托盟
Sühbaatar:Xīnbā'ěrhǔ Yòu Qí
Sühbaatar:苏赫巴托尔省
Sühbaatar:蘇赫巴托爾省
Sühbaatar:蘇赫巴托盟
Sühbaatari aimakk:Xīnbā'ěrhǔ Yòu Qí
Sühbaatari aimakk:苏赫巴托尔省
Sühbaatari aimakk:蘇赫巴托爾省
Sühbaatari aimakk:蘇赫巴托盟
Sühbatur:Xīnbā'ěrhǔ Yòu Qí
Sühbatur:苏赫巴托尔
Sühbatur:苏赫巴托尔省
Sühbatur:蘇赫巴托爾
Sühbatur:蘇赫巴托爾省
Sühbatur:蘇赫巴托盟
Sükhbaatar Province:Xīnbā'ěrhǔ Yòu Qí
Sükhbaatar Province:苏赫巴托尔省
Sükhbaatar Province:蘇赫巴托爾省
Sükhbaatar Province:蘇赫巴托盟
Sükhbaatar Séng:Xīnbā'ěrhǔ Yòu Qí
Sükhbaatar Séng:苏赫巴托尔省
Sükhbaatar Séng:蘇赫巴托爾省
Sükhbaatar Séng:蘇赫巴托盟
Sükhbaatar:Xīnbā'ěrhǔ Yòu Qí
Sükhbaatar:苏赫巴托尔
Sükhbaatar:苏赫巴托尔省
Sükhbaatar:苏赫巴托尔苏木
Sükhbaatar:蘇赫巴托爾
Sükhbaatar:蘇赫巴托爾省
Sükhbaatar:蘇赫巴托盟
Süktüvkar:瑟克特夫卡尔
Süktüvkar:瑟克特夫卡爾
Süleyman Şah Türbesi Eski Mezarı:苏莱曼.沙阿旧墓园
Süleyman Şah Türbesi Mezarı:苏莱曼.沙阿旧墓园
Sümber:苏门山脉
Sümber:苏门苏木
Sünik:休尼克省
Sünik:蕭力省
Süria:Xùlìyà
Süria:叙利亚
Süria:叙利亚 / 敘利亞
Süria:敘利亞
Sürije:Xùlìyà
Sürije:叙利亚
Sürije:叙利亚 / 敘利亞
Sürije:敘利亞
Sürinamm:苏里南
Sürinamm:苏里南 / 蘇利南 / 蘇里南
Sürinamm:蘇利南
Sürinamm:蘇利南 / 蘇里南
Sürinamm:蘇里南
Sürix:苏黎世
Sürix:苏黎世州
Sürix:蘇黎世
Sürix:蘇黎世州
Süriyän:Xùlìyà
Süriyän:叙利亚
Süriyän:叙利亚 / 敘利亞
Süriyän:敘利亞
Sürmene:敍爾梅內
Sürmənə:敍爾梅內
Sütat:拉西奥塔
Süveyda:苏韦达
Süveyde:苏韦达省
Süveyde:蘇韋達
Süveyş (il):蘇伊士省
Süveyş Körfezi:苏伊士湾
Süveyş:苏伊士
Süveyş:蘇伊士
Süveyş:蘇伊士/苏伊士
Süxbaatar vilayəti:Xīnbā'ěrhǔ Yòu Qí
Süxbaatar vilayəti:苏赫巴托尔省
Süxbaatar vilayəti:蘇赫巴托爾省
Süxbaatar vilayəti:蘇赫巴托盟
Süüd-Ameerikoo:南美洲
Süüd-Dakota:南达科他州
Süüd-Dakota:南達科他州
Süüd:南部区
Süüd:南部區
Süüd:南部地區
Süüd:南部省
Süüdafrika:Nán Fēi
Süüdafrika:南非
Süüdafrika:南非共和國
Süüdamerika:南美洲
Süüdelk Ruad Sia:南紅海地區
Süüdelk Ruad Sia:南红海区
Süüdkasachstaan:突厥斯坦州
Süüdkorea:Hánguó
Süüdkorea:南韓
Süüdkorea:大韓民國
Süüdkorea:韓國
Süüdkorea:韩国
Süüdkorea:韩国 / 南韓
Süüdoseetien:南奥塞梯
Süüdoseetien:南奧塞梯
Süüdossetie:南奥塞梯
Süüdossetie:南奧塞梯
Süüdossetien:南奥塞梯
Süüdpool:南极洲
Süüdpool:南极洲/南極洲
Süüdpool:南極洲
Süüdsudaan:南苏丹
Süüdsudaan:南苏丹 / 南蘇丹
Süüdsudaan:南蘇丹
Süüdsudan:南苏丹
Süüdsudan:南苏丹 / 南蘇丹
Süüdsudan:南蘇丹
Süüria peakonsulaat:叙利亚总领事馆
Süüria:Xùlìyà
Süüria:叙利亚
Süüria:叙利亚 / 敘利亞
Süüria:敘利亞
Sýerra-Leone:Sàilālì'áng
Sýerra-Leone:塞拉利昂
Sýerra-Leone:塞拉利昂 / 獅子山
Sýerra-Leone:獅子山
Sýria:Xùlìyà
Sýria:叙利亚
Sýria:叙利亚 / 敘利亞
Sýria:敘利亞
Sýrie:Xùlìyà
Sýrie:叙利亚
Sýrie:叙利亚 / 敘利亞
Sýrie:敘利亞
Sýrland:Xùlìyà
Sýrland:叙利亚
Sýrland:叙利亚 / 敘利亞
Sýrland:敘利亞
sài-kóan te̍k-khu:使館特區
sændz:桑兹堂区
sé dzang:Shēn zōng
sé dzang:申宗（新张）
sé khar gu tok gön:色喀古托寺
sông Lô:泸江
sông Lô:瀘江
sørlige kjegle:南錐體
