Sơ Lặc:疏勒县
Sơ Lặc:疏勒縣
Sơ cứu:急救
Sơ Đầu Lãng:chūtóulǎng zhèn
Sơ Đầu Lãng:初头朗镇
Sơn Ca:敦謙沙洲
Sơn Dương District:山阳县
Sơn Dương District:山陽縣
Sơn Dương:Shanyang Xian
Sơn Dương:山阳区
Sơn Dương:山阳县
Sơn Dương:山陽區
Sơn Dương:山陽縣
Sơn Hà District:山河县
Sơn Hà District:山河縣
Sơn Hà:山河县
Sơn Hà:山河縣
Sơn Hòa District:山和县
Sơn Hòa District:山和縣
Sơn Hạ Hồ:山下湖镇
Sơn Hải Quan:Shanhaiguan Qu
Sơn Hải Quan:山海关区
Sơn Hải Quan:山海關區
Sơn Khư:山圩镇
Sơn La Province:山罗省
Sơn La Province:山羅省
Sơn La:山罗市
Sơn La:山羅市
Sơn Lôi Commune:山雷社
Sơn Nam:Shannan Diqu
Sơn Nam:山南市
Sơn Pha:山坡街道
Sơn Thành:山城区
Sơn Thành:山城區
Sơn Thượng:山上區
Sơn Thị:山市镇
Sơn Trà District:山茶郡
Sơn Tâm:Saanslam-cin
Sơn Tâm:山心村
Sơn Tây District:山西县
Sơn Tây District:山西縣
Sơn Tây:Shanxi Sheng
Sơn Tây:山西县
Sơn Tây:山西市社
Sơn Tây:山西省
Sơn Tây:山西縣
Sơn Tịnh District:山静县
Sơn Tịnh District:山靜縣
Sơn Tịnh:山静县
Sơn Tịnh:山靜縣
Sơn Tử Đính:山仔頂
Sơn Âm:Shanyin Xian
Sơn Âm:山阴县
Sơn Âm:山陰縣
Sơn Đan:shāndān xiàn
Sơn Đan:wēnquán zhèn
Sơn Đan:yánghé zhèn
Sơn Đan:山丹县
Sơn Đan:山丹縣
Sơn Đan:山丹镇
Sơn Đan:杨河镇
Sơn Đan:温泉镇
Sơn Đính:山頂
Sơn Đính:山顶
Sơn Đông:Shandong Sheng
Sơn Đông:Shāndōng
Sơn Đông:山东省
Sơn Đông:山東省
Sơn Động District:山洞县
Sơn Động District:山洞縣
Sư Hà:浉河区
Sư Hà:溮河區
Sư Thành:狮城镇
Sư Tông:Shizong Xian
Sư Tông:Shīzōng Xiàn
Sư Tông:Shīzōngxiàn
Sư Tông:师宗县
Sư Tông:師宗縣
Sư Tử:Shīzǐ Xiāng
Sư Tử:獅子鄉
Sư Đàm:獅潭鄉
Sương Nguyệt Ánh:孀月英路
Sướng Âm Các:畅音阁
Sƿasiland:Sīwēishìlán
Sƿasiland:史瓦帝尼
Sƿasiland:史瓦蒂尼
Sƿasiland:斯威士兰
Sƿasiland:斯威士兰 / 史瓦蒂尼 / 斯威士蘭
Sƿasiland:斯威士蘭
Sƿissland:Ruìshì
Sƿissland:瑞士
