TCC Building:táinídàlóu
TCC Building:ㄊㄞˊㄋㄧˊㄉㄚˋㄌㄡˊ
TCC Building:台泥大楼
TCC Building:台泥大樓
TCC Heping Cement Plant:台灣水泥公司和平廠
TCCU Administration Building:旅游学院行政楼
TCCU Administration Building:長春大學旅遊學院行政樓
TCCU Administration Building:长春大学旅游学院行政楼
TCCU Basketball Court:長春大學旅遊學院籃球場
TCCU Basketball Court:长春大学旅游学院篮球场
TCCU Cafeteria No. 1:旅游学院一食堂
TCCU Cafeteria No. 1:長春大學旅遊學院一食堂
TCCU Cafeteria No. 1:长春大学旅游学院一食堂
TCCU Cafeteria No. 2:旅游学院二食堂
TCCU Cafeteria No. 2:長春大學旅遊學院二食堂
TCCU Cafeteria No. 2:长春大学旅游学院二食堂
TCCU Cafeteria No. 3:旅游学院三食堂
TCCU Cafeteria No. 3:長春大學旅遊學院三食堂
TCCU Cafeteria No. 3:长春大学旅游学院三食堂
TCCU Campus Convenience Store:校园超市
TCCU Campus Convenience Store:長春大學旅遊學院校園超市
TCCU Campus Convenience Store:长春大学旅游学院校园超市
TCCU Library:旅游学院图书馆
TCCU Library:長春大學旅遊學院圖書館
TCCU Library:长春大学旅游学院图书馆
TCCU Office Building:旅游学院办公楼
TCCU Office Building:長春大學旅遊學院辦公樓
TCCU Office Building:长春大学旅游学院办公楼
TCCU Student Activity Center:旅游学院大学生活动中心
TCCU Student Activity Center:長春大學旅遊學院大學生活動中心
TCCU Student Activity Center:长春大学旅游学院大学生活动中心
TCCU Student Dormitory No. 10:旅游学院十公寓
TCCU Student Dormitory No. 10:長春大學旅遊學院十公寓
TCCU Student Dormitory No. 10:长春大学旅游学院十公寓
TCCU Student Dormitory No. 11:旅游学院十一公寓
TCCU Student Dormitory No. 11:長春大學旅遊學院十一公寓
TCCU Student Dormitory No. 11:长春大学旅游学院十一公寓
TCCU Student Dormitory No. 12:旅游学院十二公寓
TCCU Student Dormitory No. 12:長春大學旅遊學院十二公寓
TCCU Student Dormitory No. 12:长春大学旅游学院十二公寓
TCCU Student Dormitory No. 1:旅游学院一公寓
TCCU Student Dormitory No. 1:長春大學旅遊學院一公寓
TCCU Student Dormitory No. 1:长春大学旅游学院一公寓
TCCU Student Dormitory No. 2:旅游学院二公寓
TCCU Student Dormitory No. 2:長春大學旅遊學院二公寓
TCCU Student Dormitory No. 2:长春大学旅游学院二公寓
TCCU Student Dormitory No. 3:旅游学院三公寓
TCCU Student Dormitory No. 3:長春大學旅遊學院三公寓
TCCU Student Dormitory No. 3:长春大学旅游学院三公寓
TCCU Student Dormitory No. 4:旅游学院四公寓
TCCU Student Dormitory No. 4:長春大學旅遊學院四公寓
TCCU Student Dormitory No. 4:长春大学旅游学院四公寓
TCCU Student Dormitory No. 6:旅游学院六公寓
TCCU Student Dormitory No. 6:長春大學旅遊學院六公寓
TCCU Student Dormitory No. 6:长春大学旅游学院六公寓
TCCU Student Dormitory No. 7:旅游学院七公寓
TCCU Student Dormitory No. 7:長春大學旅遊學院七公寓
TCCU Student Dormitory No. 7:长春大学旅游学院七公寓
TCCU Student Dormitory No. 8:旅游学院八公寓
TCCU Student Dormitory No. 8:長春大學旅遊學院八公寓
TCCU Student Dormitory No. 8:长春大学旅游学院八公寓
TCCU Student Dormitory No. 9:旅游学院九公寓
TCCU Student Dormitory No. 9:長春大學旅遊學院九公寓
TCCU Student Dormitory No. 9:长春大学旅游学院九公寓
TCCU Teaching Building:長春大學旅遊學院教學樓
TCCU Teaching Building:长春大学旅游学院教学楼
TCCU Volleyball Court:長春大學旅遊學院排球場
TCCU Volleyball Court:长春大学旅游学院排球场
TCF II Plaza:TFC南港經貿大樓
TCIEC(Wucuo Lane):國際展覽館(烏厝巷)
TCL Building:TCL大厦
TCL Building:TCL大廈
TCL International E Town Bus Terminus:TCL国际E城总站
TCL International E Town:TCL国际E城
TCL LCD Industrial Park:TCL液晶产业园
TCL Rechi (Huizhou) Refrigeration Equipment Co., Ltd.:TCL瑞智（惠州）制冷设备有限公司
TCL Science Park International E City:TCL科学园国际E城
TCL Tower:TCL工业中心
TCL Tower:TCL工業中心
TCM Hospital:深圳市中医院
TCTE:技職大樓
TCUH Branch of Women and Children 1:聯合醫院婦幼院區一
TCUH Branch of Women and Children:联合医院妇幼院区
TCUH Branch of Women and Children:聯合醫院婦幼院區
TCUH Yangming Branch:聯合醫院陽明院區
TCUH Zhongxiao Branch(chengfu):联合医院忠孝院区(成福)
TCUH Zhongxiao Branch(chengfu):聯合醫院忠孝院區(成福)
TCUH Zhongxin Branch(Tacheng):联合医院中兴院区(塔城)
TCUH Zhongxin Branch(Tacheng):聯合醫院中興院區(塔城)
TCUH Zhongxin Branch:聯合醫院中興院區
TCUH, Zhongxiao Branch(Tong De):联合医院忠孝院区(同德)
TCUH, Zhongxiao Branch(Tong De):聯合醫院忠孝院區(同德)
TCUH, Zhongxiao Branch:联合医院忠孝院区
TCUH, Zhongxiao Branch:聯合醫院忠孝院區
Tcelyabinsk:車里雅賓斯克
Tcelyabinsk:车里雅宾斯克
Tcha-čcheng:Tǎchéng Dìqū
Tcha-čcheng:Tǎchéng Shì
Tcha-čcheng:塔城地区
Tcha-čcheng:塔城地區
Tcha-čcheng:塔城市
Tchaban:恰班
Tchabany:恰巴尼
Tchachniki:恰什尼基
Tchad:Zhàdé
Tchad:乍得
Tchad:乍得 / 查德
Tchad:查德
Tchads ambassad:乍得大使馆
Tchads ambassade:乍得大使馆
Tchahari-Zbarazki:恰加里-茲巴拉茲基
Tchaj-an:Tài'ān Shì
Tchaj-an:Tài'ān shì
Tchaj-an:泰安市
Tchaj-cchang:Tàicāng Shì
Tchaj-cchang:太仓市
Tchaj-cchang:太倉
Tchaj-cchang:太倉市
Tchaj-che:tàihé xiàn
Tchaj-che:泰和
Tchaj-che:泰和县
Tchaj-che:泰和縣
Tchaj-jüan:Tàiyuán
Tchaj-jüan:Tàiyuán Shì
Tchaj-jüan:太原卫星发射中心
Tchaj-jüan:太原市
Tchaj-jüan:太原衞星發射中心
Tchaj-nan:Táinán Shì
Tchaj-nan:Táinán Shìh
Tchaj-nan:ㄊㄞˊ ㄋㄢˊ ㄕˋ
Tchaj-nan:台南市
Tchaj-nan:臺南
Tchaj-nan:臺南市
Tchaj-pej:Táiběi Shì
Tchaj-pej:Táiběi Shìh
Tchaj-pej:ㄊㄞˊ ㄅㄟˇ ㄕˋ
Tchaj-pej:台北市
Tchaj-pej:臺北市
Tchaj-wan:Táiwan
Tchaj-wan:Táiwan Shěng
Tchaj-wan:Táiwān
Tchaj-wan:Táiwān Shěng
Tchaj-wan:ㄊㄞˊ ㄨㄢ
Tchaj-wan:ㄊㄞˊ ㄨㄢ ㄕㄥˇ
Tchaj-wan:台湾
Tchaj-wan:台湾省
Tchaj-wan:臺灣
Tchaj-wan:臺灣省
Tchaj-čou:Tàizhōu Shì
Tchaj-čou:台州
Tchaj-čou:台州市
Tchaj-čou:泰州
Tchaj-čou:泰州市
Tchaj-čung:Táijhong Shìh
Tchaj-čung:Táizhōng Shì
Tchaj-čung:ㄊㄞˊ ㄓㄨㄥ ㄕˋ
Tchaj-čung:台中市
Tchaj-čung:臺中市
Tchaj-šan:玉皇頂
Tchajpejská hospodářská a kulturní kancelář:駐捷克台北經濟文化代表處
Tchajwanský průliv:台湾海峡
Tchajwanský průliv:台湾海峡/臺灣海峽
Tchajwanský průliv:台灣海峽
Tchajwanský průliv:臺灣海峽
Tchamzinka:恰姆津卡
Tchang-šan:Tángshān Shi
Tchang-šan:Tángshān Shì
Tchang-šan:唐山市
Tchapaïevsk:恰帕耶夫斯克
Tchasnivtsi:恰斯尼夫齊
Tchassiv Yar:恰索夫亞爾
Tchassiv Yar:恰西夫亞爾
Tchaïkivka:柴基夫卡
Tchebarkoul:切巴爾庫爾
Tchebarkoul:切巴爾庫爾湖
Tcheboksary:切博克萨雷
Tcheboksary:切博克薩雷
Tchechia:Jiékè
Tchechia:捷克
Tcheguem:切格姆
Tchekeye:Jiékè
Tchekeye:捷克
Tchekhov:契訶夫
Tchekia:Jiékè
Tchekia:捷克
Tcheliabinsk:車里雅賓斯克
Tcheliabinsk:车里雅宾斯克
Tchelyabinsk:車里雅賓斯克
Tchelyabinsk:车里雅宾斯克
Tchemazut Taɣect Choushimaru:銚子丸
Tchemer:切梅爾
Tchepelivka:切佩利夫卡
Tcherdakly:切尔达克雷
Tcherdyne:切尔登
Tcheremkhiv:切列姆希夫
Tcheremkhovo:切列姆霍沃
Tcheremochnia:切列莫什尼亞
Tcheremoukha:切列穆哈
Tcherepanovo:切列帕諾沃
Tcherepivka:切列皮夫卡
Tcherepovets:切列波韋茨
Tcherkassivka:切爾卡西夫卡
Tcherkassy:切尔卡瑟
Tcherkessk:切尔克斯克
Tcherkessk:切爾克斯克
Tcherkássi:切尔卡瑟
Tcherlianske Peredmistia:切爾良西克佩列德米斯季亞
Tcherliany:切爾利亞尼
Tchernatske:切爾納齊克
Tchernechtchyna:切爾涅希納
Tchernelivka:切爾涅利夫卡
Tchernetchtchyna:切爾內奇納
Tchernetske:切爾涅齊克
Tcherniakhiv:切爾尼亞希夫
Tcherniakhovsk:切尔尼亚霍夫斯克
Tcherniatyn:切爾尼亞京
Tcherniava:切爾尼亞瓦
Tchernichevskaia:切爾尼舍夫斯基站
Tchernigovka:切尔尼戈夫卡
Tchernigovka:切爾尼戈夫卡
Tchernihiv:切尔尼戈夫
Tchernihivka:切爾尼希夫卡
Tchernivtsi:切爾諾夫策
Tcherniïvka:切爾尼伊夫卡
Tchernouchka:切爾努什卡
Tchernychevskaïa:切爾尼舍夫斯基站
Tcherski:切爾斯基
Tchertkovo:切尔特科沃
Tchervlene:切爾夫列涅
Tchervona Poliana:切爾沃納波利亞納
Tchervona Semenivka:切爾沃納謝梅尼夫卡
Tchervona Volia:切爾沃納沃利亞
Tchervone Pole:切爾沃涅波列
Tchervone:切爾沃涅
Tchervonohirka:切爾沃諾吉爾卡
Tchervonozavodske:扎沃茨科耶
Tchervonyï Haï:切爾沃尼蓋
Tchervonyï Iar:切爾沃尼亞爾
Tchervonyï Stepok:切爾沃尼斯捷波克
Tchesmé:切什梅
Tchetchenia:車臣共和國
Tchetchenia:车臣共和国
Tchetvertnia:切特韋爾特尼亞
Tchiaq Hampshire:新罕布什尔州
Tchiaq Hampshire:新罕布什尔州 / 新罕布夏州 / 新罕布什爾州
Tchiaq Hampshire:新罕布什爾州
Tchiaq Hampshire:新罕布夏州
Tchiaq Hampshire:新罕布夏州 / 新罕布什爾州
Tchiaq Jersey:新泽西州
Tchiaq Jersey:新澤西州
Tchiaq Jersey:紐澤西州
Tchiaq Mexiqo:新墨西哥州
Tchiaq York:紐約州
Tchiaq York:纽约州
Tchiatoura:奇阿圖拉
Tchicago:芝加哥
Tchie-ling:Tiělǐng Shì
Tchie-ling:Tiělǐng shì
Tchie-ling:鐵嶺市
Tchie-ling:铁岭市
Tchie-men-kuan:Tiĕménguān Shì
Tchie-men-kuan:鐵門關市
Tchie-men-kuan:铁门关市
Tchien-men:Tiānmén Shì
Tchien-men:天門市
Tchien-men:天门市
Tchien-šuej:Tiānshuǐ Shì
Tchien-šuej:天水市
Tchien-ťin:Tiānjīn
Tchien-ťin:天津
Tchien-ťin:天津市
Tchien-ťün:Tiānjùn Xiàn
Tchien-ťün:天峻县
Tchien-ťün:天峻縣
Tchien-ťün:新源鎮
Tchien-ťün:新源镇
Tchik:奇克
Tchika:莱赫托阿
Tchili:智利
Tchiormoz:喬爾莫茲
Tchistopol:奇斯托波尔
Tchita:赤塔
Tchkalovsk:契卡洛夫斯克
Tchmyrivka:奇梅里夫卡
Tchokhataouri:喬哈陶里
Tchonhar:瓊哈爾
Tchop:喬普
Tchorne:喬爾涅
Tchornobaïvka:喬爾諾巴伊夫卡
Tchornobyl:切尔诺贝利
Tchornoliztsi:喬爾諾利茲齊
Tchornomorsk:喬爾諾莫爾斯克
Tchornomorskoe:黑海村
Tchornoplessy:喬爾諾普列西
Tchornotytchi:喬爾諾季奇
Tchornoukhy:喬爾努希
Tchornyj:喬爾尼日
Tchornykiv:喬爾尼基夫
Tchornyï Potik:喬爾尼波季克
Tchornyï Tachlyk:黑塔什利克河
Tchorokhi:喬魯赫河
Tchoryn:特霍林
Tchorzyn:特霍林
Tchoudivka:丘季夫卡
Tchoudniv:丘德尼夫
Tchoudovo:丘多沃
Tchoudyn:丘金
Tchouhouïv:丘胡伊夫
Tchoukhloma:丘赫洛馬
Tchoukotka:楚科奇自治区
Tchoukotka:楚科奇自治區
Tchoumaky:丘馬基
Tchoumikan:丘米坎
Tchoupa:丘帕
Tchoussovaïa:丘索瓦亚河
Tchoussovoï:丘索沃伊
Tchoutove:丘托韋
Tchouvachie:楚瓦什共和国
Tchouvachie:楚瓦什共和國
Tchoïbalsan:乔巴山
Tchoïbalsan:喬巴山
Tchudovo:丘多沃
Tchuhloma:丘赫洛馬
Tchung-chua:Tōnghuà Shì
Tchung-chua:通化市
Tchung-ling:Tónglíng Shì
Tchung-ling:tónglíng shì
Tchung-ling:銅陵
Tchung-ling:銅陵市
Tchung-ling:铜陵市
Tchung-čchuan:Tóngchuān
Tchung-čchuan:Tóngchuān Shì
Tchung-čchuan:銅川市
Tchung-čchuan:铜川市
Tchung-čou:Tōngzhōu Qū
Tchung-čou:通州区
Tchung-čou:通州區
Tchung-ťi:通济镇
Tchung-žen:Tóngrén Shì
Tchung-žen:銅仁市
Tchung-žen:铜仁市
Tchussovoi:丘索沃伊
Tchyjove:奇若韋
Tchynadiïovo:奇纳季奥沃
Tchystyï Kolodiaz:奇斯季科洛季亞濟
Tch·ad:Zhàdé
Tch·ad:乍得
Tch·ad:乍得 / 查德
Tch·ad:查德
Tchéliabïnsk:車里雅賓斯克
Tchéliabïnsk:车里雅宾斯克
Tchéquia:Jiékè
Tchéquia:捷克
Tchéquie:Jiékè
Tchéquie:捷克
Tchétchénie:車臣共和國
Tchétchénie:车臣共和国
Tchîmpèr-1:坎佩尔-1
Tchîmpèr-2:坎佩尔-2
Tchîmpèr:坎佩尔
Tcorni Taclik:黑塔什利克河
tc lin:林道明
tcad:Zhàdé
tcad:乍得
tcad:乍得 / 查德
tcad:查德
tcadrklaipeda:克莱佩达
tcadrklaipeda:克萊佩達
tccdaka:台泥DK園區
tcesk.zei gubyseltru:Jiékè
tcesk.zei gubyseltru:捷克
tcg anadolu:阿纳多卢号两栖攻击舰
tcg ufuk:蒼穹號電子偵察艦
tchadailurus:乍得猫属
tchadia airlines:乍得国家航空
tchaikovsky symphony orchestra of:柴可夫斯基交响乐团的
tchaikovsky symphony orchestra:柴可夫斯基交响乐团
tchamba prefecture:昌巴省
tchamba:昌巴
tchan fou li:陳復禮
tchangmargarya multilabiata:叠唇玺螺蛳
tchangmargarya:玺螺蛳属
tchaoudjo prefecture:查奧州省
tchaourou:乔鲁
tcherepnin:齐尔品
tchia:奇婭
tchibanga:奇班加
tchibo:沏宝
tchintabaraden department:欽塔巴拉登省
tchirozerine department:奇羅澤林省
tchologo:特紹洛戈大區
tchoukball:巧固球
tciles:智利
tcotu'a:南美洲
tcp friendly rate control:友善式傳輸層協定壅塞控制
tczew county:特切夫縣
tczew:特切夫
