Xưng Văn:称多县
Xưng Văn:稱多縣
Xương Bình:昌平区
Xương Bình:昌平區
Xương Cát:Changji Huizu Zizhizhou
Xương Cát:Chāngjí Huízú Zìzhìzhōu
Xương Cát:昌吉回族自治州
Xương Cát:昌吉州
Xương Cát:昌吉市
Xương Cốc:昌谷
Xương Giang, Hải Nam:Chāngjiāng Lízú Zìzhìxiàn
Xương Giang, Hải Nam:昌江县
Xương Giang, Hải Nam:昌江縣
Xương Giang, Hải Nam:昌江黎族自治县
Xương Giang, Hải Nam:昌江黎族自治縣
Xương Giang:chāngjiāng qū
Xương Giang:昌江区
Xương Giang:昌江區
Xương Lâm:昌林
Xương Lê:昌黎县
Xương Lê:昌黎縣
Xương Lạc:Changle Xian
Xương Lạc:昌乐县
Xương Lạc:昌樂縣
Xương Ninh:昌宁县
Xương Ninh:昌寧縣
Xương Đô:chéngguān zhèn
Xương Đô:城关镇
Xương Ấp:Chāngyì Shì
Xương Ấp:昌邑市
