Gàbọ̀n:加彭
Gàbọ̀n:加蓬
Gàbọ̀n:加蓬 / 加彭
Gàles:威尔士
Gàles:威尔士 / 威爾斯
Gàles:威爾斯
Gàlitx:加利奇
Gàmbi:Gāngbǐyà
Gàmbi:冈比亚
Gàmbi:冈比亚 / 甘比亞
Gàmbi:岡比亞
Gàmbi:甘比亞
Gàmbia:Gāngbǐyà
Gàmbia:冈比亚
Gàmbia:冈比亚 / 甘比亞
Gàmbia:岡比亞
Gàmbia:甘比亞
Gàna:Jiānà
Gàna:加納
Gàna:加纳
Gàna:迦納
Gành Hào:䃄蚝市镇
Gành Hào:䃄蠔市鎮
Gànnaar:Máolǐtǎníyà
Gànnaar:毛里塔尼亚
Gànnaar:毛里塔尼亚 / 茅利塔尼亞
Gànnaar:毛里塔尼亞
Gànnaar:茅利塔尼亞
Gàsa:加沙
Gàsa:加沙地区
Gàsa:加薩
Gàłes:威尔士
Gàłes:威尔士 / 威爾斯
Gàłes:威爾斯
Gáana:Jiānà
Gáana:加納
Gáana:加纳
Gáana:迦納
Gábes:加貝斯
Gáh-lū-gék-ā:喬治亞
Gáh-lū-gék-ā:格魯吉亞
Gáh-lū-gék-ā:格鲁吉亚
Gáh-lū-gék-ā:格鲁吉亚 / 喬治亞
Gálich:加利奇
Gámbia:冈比亚
Gámbia:岡比亞
Gámbia:甘比亞
Gámbíà:冈比亚
Gámbíà:岡比亞
Gámbíà:甘比亞
Gána:Jiānà
Gána:加納
Gána:加纳
Gána:迦納
Gáng-ciŭ:Gànzhōu Shì
Gáng-ciŭ:贛州
Gáng-ciŭ:贛州市
Gáng-ciŭ:赣州市
Gásni:加兹尼省
Gásni:加茲尼省
Gát tartomány:加特省
Gát:加季
Gát:加特
Gávdosz:加夫多斯岛
Gáza:加沙
Gáza:加沙地区
Gáza:加薩
Gázai övezet:Jiāshā Dìdài
Gázai övezet:加沙地带
Gázai övezet:加沙地帶
Gázai övezet:加薩走廊
Gâi-chiu-khu:崖州
Gâi-chiu-khu:崖州区
Gâi-chiu-khu:崖州區
Gâm:jǐn jiāng
Gâm:錦江
Gâm:锦江
Gâmbia:Gāngbǐyà
Gâmbia:冈比亚
Gâmbia:冈比亚 / 甘比亞
Gâmbia:岡比亞
Gâmbia:甘比亞
Gârția:Xīlà
Gârția:希腊
Gârția:希腊/希臘
Gârția:希臘
Gâteau Brise:微风蛋糕
Gäncä:占贾
Gäncä:占贾/占贾
Gänhızı qalaşyğy:甘河子镇
Gänhızı:甘河子镇
Gänselieselbrunnen:鹅女喷泉
Gävle:耶夫勒
Gävleborg Comitatus:耶夫勒堡省
Gävleborg County:耶夫勒堡省
Gävleborg ili:耶夫勒堡省
Gävleborg len:耶夫勒堡省
Gävleborg megye:耶夫勒堡省
Gävleborg:耶夫勒堡省
Gävleborgeko konderria:耶夫勒堡省
Gävleborgga leatna:耶夫勒堡省
Gävleborgi lään:耶夫勒堡省
Gävleborgin lääni:耶夫勒堡省
Gävleborgiän:耶夫勒堡省
Gävleborgs län:耶夫勒堡省
Gènoa:热那亚
Gènova:热那亚
Gènt:根特
Gènuva:热那亚
Gék-ăng:Jí'ān Shì
Gék-ăng:吉安
Gék-ăng:吉安市
Génie Civil:土木工程
Génie des Matériaux Miniers et Métallurgiques:采矿与冶金材料工程
Génie Électrique-Électronique et Informatique:电气 - 电子与计算机工程
Génova:热那亚
Général José de San Martín:何塞·德·圣马丁将军
Géoparc de Hakone:箱根地質公園
Géorgi:喬治亞
Géorgi:格魯吉亞
Géorgi:格鲁吉亚
Géorgi:格鲁吉亚 / 喬治亞
Géorgia:喬治亞
Géorgia:格魯吉亞
Géorgia:格鲁吉亚
Géorgia:格鲁吉亚 / 喬治亞
Géorgie du Sud-et-les Îles Sandwich du Sud:南乔治亚和南桑威奇群岛
Géorgie du Sud-et-les Îles Sandwich du Sud:南喬治亞和南桑威奇群島
Géorgie du Sud-et-les Îles Sandwich du Sud:南喬治亞島與南桑威奇群島
Géorgie du Sud:南乔治亚岛
Géorgie:GéLǔJíYà
Géorgie:佐治亚州
Géorgie:佐治亚州/喬治亞州
Géorgie:佐治亞州
Géorgie:喬治亞
Géorgie:喬治亞州
Géorgie:格魯吉亞
Géorgie:格鲁吉亚
Géorgie:格鲁吉亚 / 喬治亞
Gérasa:傑拉什省
Gérone:吉隆納
Gérone:赫罗纳
Gérong Monastery:格日寺
Géémbiya:Gāngbǐyà
Géémbiya:冈比亚
Géémbiya:冈比亚 / 甘比亞
Géémbiya:岡比亞
Géémbiya:甘比亞
Gê'nyên:格聂镇
Gêba:格巴村
Gêdain:根当村
Gêding:吉定镇
Gêgam:格岗村
Gêgo:格果村
Gêju:古局村
Gêmba:根巴村
Gêmdêng:根登村
Gênes:热那亚
Gêqung:格琼
Gêqung:格瓊
Gêri:格日村
Gêridoiba:上格日贡村
Gêrimaiba:下格日贡村
Gêrlha:格拉村
Gêrru:Jírǔ xiāng
Gêrru:吉汝乡
Gêrru:吉汝鄉
Gêrzê County:gǎizé xiàn
Gêrzê County:改则县
Gêrzê County:改則縣
Gêrzê:gǎizé xiàn
Gêrzê:gǎizé zhèn
Gêrzê:改则县
Gêrzê:改则镇
Gêrzê:改則縣
Gêsai:格色村
Gêsibdoiba:上格色村
Gêsibmaiba:下格色村
Gêwa:格瓦村
Gêwar:格瓦村
Gêxarkunik:格加古力省
Gêxarkunik:格加爾庫尼克省
Gêxî:基厄
Gêzêr:gǎizé xiàn
Gêzêr:改则县
Gêzêr:改則縣
Gêğiye:基厄
Gê’gyai:Gê'gyai Xian
Gê’gyai:革吉县
Gê’gyai:革吉縣
Gëlle Fra:憲法廣場
Gërmania:Déguó
Gërmania:德国
Gërmania:德国/德國
Gërmania:德國
Gíbraltar:直布罗陀
Gíbraltar:直布罗陀 / 直布羅陀
Gíbraltar:直布羅陀
Gíbraltarsund:直布罗陀海峡
Gíbraltarsund:直布羅陀海峽
Gíger:吉杰勒
Gílán:吉兰省
Gílán:基蘭省
Gím-bûn Pōng-khang:錦文隧道
Gím-bûn-kiô:錦文橋
Gím-chiu-kiô:錦州橋
Gím-chiu-koe:錦州街
Gím-tsiu-kiô:錦州橋
Gím-tsiu-kue:錦州街
Gínea-Bissá:Jīnèiyà Bǐshào
Gínea-Bissá:几内亚比绍
Gínea-Bissá:几内亚比绍 / 幾內亞比索
Gínea-Bissá:幾內亞比索
Gínea-Bissá:幾內亞比紹
Gínea-Bissá:畿內亞比紹
Gínea:Jīnèiyà
Gínea:几内亚
Gínea:几内亚 / 畿內亞
Gínea:幾內亞
Gínea:畿內亞
Gíní Bisó:Jīnèiyà Bǐshào
Gíní Bisó:几内亚比绍
Gíní Bisó:几内亚比绍 / 幾內亞比索
Gíní Bisó:幾內亞比索
Gíní Bisó:幾內亞比紹
Gíní Bisó:畿內亞比紹
Gíní Nahasdzáán Ałníiʼgi Siʼánígíí:Chìdào Jīnèiyà
Gíní Nahasdzáán Ałníiʼgi Siʼánígíí:赤道几内亚
Gíní Nahasdzáán Ałníiʼgi Siʼánígíí:赤道几内亚 / 赤道幾內亞
Gíní Nahasdzáán Ałníiʼgi Siʼánígíí:赤道幾內亞
Gíní Nahasdzáán Ałníiʼgi Siʼánígíí:赤道畿內亞
Gíní:Jīnèiyà
Gíní:几内亚
Gíní:几内亚 / 畿內亞
Gíní:幾內亞
Gíní:畿內亞
Gíza (guvernorát):吉薩省
Gíza:加沙
Gíza:吉萨
Gíza:吉薩
Gíza:吉薩省
Gízai Nagy Piramis, Khufu - Keops piramis:胡夫金字塔
Gízai piramisok:吉萨的墓地
Gízská nekropole:吉萨的墓地
Gî-chhiong-chhī:Yíchāng Shì
Gî-chhiong-chhī:宜昌
Gî-chhiong-chhī:宜昌市
Gî-chhun-chhī:Yíchūn Shì
Gî-chhun-chhī:宜春
Gî-chhun-chhī:宜春市
Gî-chiong-koān:yízhāng xiàn
Gî-chiong-koān:宜章
Gî-chiong-koān:宜章县
Gî-chiong-koān:宜章縣
Gî-heng-chhī:Yíxīng Shì
Gî-heng-chhī:宜兴市
Gî-heng-chhī:宜興
Gî-heng-chhī:宜興市
Gî-hong-koān:yífēng xiàn
Gî-hong-koān:宜丰县
Gî-hong-koān:宜豐
Gî-hong-koān:宜豐縣
Gî-hông-koān:yíhuáng xiàn
Gî-hông-koān:宜黃
Gî-hông-koān:宜黃縣
Gî-hông-koān:宜黄县
Gî-iông-koān:Yiyang Xian
Gî-iông-koān:宜阳县
Gî-iông-koān:宜陽
Gî-iông-koān:宜陽縣
Gî-kun-koān:Yijun Xian
Gî-kun-koān:Yíjūn Xiàn
Gî-kun-koān:宜君
Gî-kun-koān:宜君县
Gî-kun-koān:宜君縣
Gî-lân Kau-liû-tō:宜蘭交流道
Gî-lân Ūn-tōng Kong-hn̂g:宜蘭運動公園
Gî-lân-chhī:Yílán Shì
Gî-lân-chhī:宜蘭市
Gî-lân-hô:宜蘭河
Gî-lân-kiô:宜蘭橋
Gî-lân-koān:Yílán Siàn
Gî-lân-koān:Yílán Xiàn
Gî-lân-koān:宜兰县
Gî-lân-koān:宜蘭縣
Gî-lân-kuān:Yílán Siàn
Gî-lân-kuān:Yílán Xiàn
Gî-lân-kuān:宜兰县
Gî-lân-kuān:宜蘭縣
Gî-lân-soaⁿ (Ge̍k-hêng):宜蘭線 (逆行)
Gî-lân-soaⁿ (Sūn-hêng):宜蘭線 (順行)
Gî-lân-suann (Gi̍k-hîng):宜蘭線 (逆行)
Gî-lân-suann (Sūn-hîng):宜蘭線 (順行)
Gî-lân-suann:宜蘭線
Gî-lân-suànn:宜蘭線
Gî-lân-sòaⁿ:宜蘭線
Gî-lân:yí lán
Gî-lân:宜兰
Gî-lân:宜蘭
Gî-pin-chhī:Yíbīn Shì
Gî-pin-chhī:宜宾市
Gî-pin-chhī:宜賓
Gî-pin-chhī:宜賓市
Gî-teng-chhī:Yízhēng Shì
Gî-teng-chhī:仪征市
Gî-teng-chhī:儀征市
Gî-teng-chhī:儀徵
Gî-to͘-chhī:Zhījiāng Shì
Gî-to͘-chhī:宜都
Gî-to͘-chhī:宜都市
Gîlan:吉兰省
Gîlan:基蘭省
Gîm-khe-chhī:Samkai-si
Gîm-khe-chhī:cénxī shì
Gîm-khe-chhī:岑溪市
Gîn-hái-khu:Nganhoi-kei
Gîn-hái-khu:Yínhǎi Qū
Gîn-hái-khu:銀海區
Gîn-hái-khu:银海区
Gîn-hô Kóng-tiûnn:yínhéguǎngchǎng
Gîn-hô Kóng-tiûnn:ㄧㄣˊㄏㄜˊㄍㄨㄤˇㄔㄤˇ
Gîn-hô Kóng-tiûnn:銀河廣場
Gîn-hô Kóng-tiûnn:银河广场
Gîn-hô Kóng-tiûⁿ:yínhéguǎngchǎng
Gîn-hô Kóng-tiûⁿ:ㄧㄣˊㄏㄜˊㄍㄨㄤˇㄔㄤˇ
Gîn-hô Kóng-tiûⁿ:銀河廣場
Gîn-hô Kóng-tiûⁿ:银河广场
Gîne-Bissau:几内亚比绍
Gîne-Bissau:几内亚比绍 / 幾內亞比索
Gîne-Bissau:幾內亞比索
Gîne-Bissau:畿內亞比紹
Gîne:几内亚
Gîne:幾內亞
Gîne:畿內亞
Gîneya Rojbendî:Chìdào Jīnèiyà
Gîneya Rojbendî:赤道几内亚
Gîneya Rojbendî:赤道幾內亞
Gîneya Rojbendî:赤道畿內亞
Gînê-Bissau:Jīnèiyà Bǐshào
Gînê-Bissau:几内亚比绍
Gînê-Bissau:几内亚比绍 / 幾內亞比索
Gînê-Bissau:幾內亞比索
Gînê-Bissau:幾內亞比紹
Gînê-Bissau:畿內亞比紹
Gînê:Jīnèiyà
Gînê:几内亚
Gînê:几内亚 / 畿內亞
Gînê:幾內亞
Gînê:畿內亞
Gînêya Rojbendî:Chìdào Jīnèiyà
Gînêya Rojbendî:赤道几内亚
Gînêya Rojbendî:赤道几内亚 / 赤道幾內亞
Gînêya Rojbendî:赤道幾內亞
Gînêya Rojbendî:赤道畿內亞
Gò Công Tây District:鵝貢西縣
Gò Công:鵝貢市社
Gò Dầu:鹅油市镇
Gò Quao District:塸槁縣
Gò Quao District:𫭟槁县
Gò Quao:鵝瓜市鎮
Gò Vấp District:旧邑郡
Gò Vấp District:舊邑郡
Gònglè Garden:Gònglè yuán
Gònglè Garden:共乐园
Gòrda:石頭城
Gòri:哥里
Gòrjas de Tarn:塔恩峡
Góbi-Altaj tartomány:Xīnbā'ěrhǔ Yòu Qí
Góbi-Altaj tartomány:戈壁阿勒泰
Góbi-Altaj tartomány:戈壁阿尔泰省
Góbi-Altaj tartomány:戈壁阿爾泰省
Góbi-Altaj:戈壁阿尔泰省
Góbi-Altaj:戈壁阿爾泰省
Góbi-Szümber tartomány:Xīnbā'ěrhǔ Yòu Qí
Góbi-Szümber tartomány:戈壁苏木贝尔省
Góbi-Szümber tartomány:戈壁蘇木貝爾
Góbi-Szümber tartomány:戈壁蘇木貝爾省
Góbi-Szümber:戈壁苏木贝尔省
Góbi-Szümber:戈壁蘇木貝爾省
Gói-gē̤ng:Guìgǎng Shì
Gói-gē̤ng:Gvaigong-si
Gói-gē̤ng:貴港市
Gói-gē̤ng:贵港市
Gói-iòng:貴陽
Gói-iòng:贵阳市
Gólanhæðir:戈蘭高地
Gómel:哥麥利
Gómel:戈梅利
Góra Cooka:庫克山
Góra Hua Shan:huà shān nán fēng
Góra Hua Shan:华山南峰
Góra Kalwaria (stad):古拉卡爾瓦里亞
Góra Kalwaria:古拉卡爾瓦里亞
Góra Krzyży:十字架山
Górfo de Zena:热那亚湾
Górfo de Zena:熱那亞灣
Górna Austria:上奥地利州
Górna Austria:上奧地利邦
Górna Bawaria:上巴伐利亚行政区
Górna Frankonia:上弗兰肯行政区
Górna Garonna:上加龙省
Górna Katanga:上加丹加省
Górne Lomami:上洛马米省
Górnie Kliutxí:戈尔内耶克柳奇
Górniki:吉爾尼基
Górny Palatynat:上普法尔茨行政区
Górny Paragwaj:上巴拉圭省
Górski Karabach:納戈爾諾-卡拉巴赫
Górskobadachszański Wilajet Autonomiczny:山地巴達赫尚自治州
Górskobadachszański Wilajet Autonomiczny:戈尔诺—巴达赫尚自治州
Góry Iberyjskie:伊比利亞山脈
Góry Katuńskie:卡通山脈
Góry Sarykolskie:萨雷阔勒岭
Góry Skaliste:洛磯山脈
Gô-bî-hiong:峨眉鄉
Gô-bî-khoe:峨眉溪
Gô-bî-koe:峨眉街
Gô-bî-kue:峨眉街
Gô-gĭng-săng:三藩市
Gô-gĭng-săng:旧金山
Gô-gĭng-săng:舊金山
Gô-loân-lō͘:鵝鑾路
Gô-luân-lōo:鵝鑾路
Gôgdiin Bôr Hôt:高格登宝日浩特
Gôgdiinxil Hôt:高格登锡勒浩特
Gôgôdtai Haan Ûûl:高格斯台罕乌拉
Gôgôstôi Gaqaa:高格斯台嘎查
Gôgôstôi Hôt:高格斯台浩特
Gôgûdtai Cun:格化司台村
Gôgûdtai:格化司台
Gôha Hôt:高如和浩特
Gôjgôrhûa Cun:高吉根花村
Gôl Ail:高勒艾勒
Gôl Gaqaa:高勒嘎查
Gôl Qig Hôt:高勒其格浩特
Gôl:高勒
Gôlin Ail Gaqaa:高勒艾勒嘎查
Gôlin Ail:高勒艾勒
Gôlin Ar:高林阿日
Gôlin Baixing Cun:高力板村
Gôlin Baixing Xincun:高力板新村
Gôlin Baixing:高力板
Gôlinmûhar:高勒音木哈尔
Gôlqagan Mangh:高力查干芒哈
Gôlôstai Hôt:高勒斯台浩特
Gôngxôin Ail:公绍艾里
Gôrhan Dûgûilang:高日罕独贵龙
Gôrhan Gaqaa:高日罕嘎查
Gôrhan Hôt:高日罕浩特
Gôrhôn Gaqaa:高日罕嘎查
Gôrji Hôt:高日吉浩特
Gôôlin Juun Hôt:郭勒音准浩特
Gô͘-chhe-khu:梧棲區
Göbekli Tepe:哥贝克力石阵
Göbəklitəpə:哥贝克力石阵
Göfis:格菲斯
Gögen Tso:Guǒgēn Cuò
Gögen Tso:果根错
Göksun:格克孫
Gökçe Gölü:塞凡湖
Gökçeada:格克切島
Gökçebey:格克切貝伊
Gölbaşı:格爾巴舍
Gölcük:格爾居克
Göle:格莱
Gölhisar:格爾希薩爾
Gölköy:格爾柯伊
Göllnitz:赫尼莱茨河
Gölmarmara:格爾馬爾馬拉
Gölnic:赫尼莱茨河
Gölyaka:格利亞卡
Gölə:格莱
Gölə:格萊
Gönchen-Kloster:gēngqìng sì
Gönchen-Kloster:更庆寺
Gönen:格嫩
Gönlung Champa Ling:佑宁寺
Gönsar Gon:格桑寺
Gönsar Monastery:gānsà sì
Gönsar Monastery:庚萨寺
Gönsar Monastery:甘萨寺
Göpo Township:gēbō xiāng
Göpo Township:戈波乡
Göpo:gēbō xiāng
Göpo:戈波乡
Gördes Kanalı:科林斯运河
Gördes Kanalı:科林斯運河
Gördes:格爾代斯
Görele:格雷萊
Göreme Açık Hava Müzesi:格雷梅露天博物馆
Göreme Historical National Park:格莱梅国家公园
Göreme Nemzeti Park és Kappadókia sziklatemplomai:格莱梅国家公园
Göreme Open Air Museum:格雷梅露天博物馆
Göreme Tarihî Parkı:格莱梅国家公园
Göreme:格雷梅
Görice ili:科赤州
Görlitz:哥利茲
Görlitz:格尔利茨
Görz:戈里齐亚
Görögország Konzuli Hivatala:希腊领事馆
Görögország Konzulátusa:希腊领事馆
Görögország főkonzulátusa:希腊总领事馆
Görögország nagykövetsége:希腊大使馆
Görögország:Xīlà
Görögország:希腊
Görögország:希腊/希臘
Görögország:希臘
Götaläniän Vesüdik:西约塔兰省
Götanmaa:約塔蘭
Götanmaa:约塔兰
Göteborg (stad):哥德堡
Göteborg/Gothenburg:哥德堡
Göteborg:哥德堡
Göteborq:哥德堡
Götra:guǒ chá cūn
Götsang Mé:圭仓麦
Götsang Tö:Guǒ cāng duō cūn
Götsang Tö:果仓多村
Götzis:格齐斯
Göxdeñiz Velayat Yisır Salır Özbaşdak Yurt:Xúnhuà Sǎlāzú Zìzhìxiàn
Göxdeñiz Velayat Yisır Salır Özbaşdak Yurt:循化撒拉族自治县
Göxdeñiz Velayat Yisır Salır Özbaşdak Yurt:循化撒拉族自治縣
Göygöl rayonu:蓋戈里區
Göygöl:蓋戈里區
Göynük:格伊尼克
Göyçə gölü:塞凡湖
Göyçəbəy:格克切貝伊
Gùyánà:圭亚那
Gùyánà:圭亞那
Gùyánà:蓋亞那
Gùyánà:蓋亞那 / 圭亞那
Gú-giân Kàu-io̍k Tiong-sim:Yǔ​yán​ Jiào​yù​ Zhōng​xīn
Gú-giân Kàu-io̍k Tiong-sim:語言教育中心
Gúkovo:古科沃
Gúria:古利亞州
Gúsev:古谢夫
Gúslitsa:古斯利察河
Gúúsù Amẹ́ríkà:南美洲
Gúúsù Ossetia:南奥塞梯
Gúúsù Ossetia:南奧塞梯
Gúúsù Sudan:南苏丹
Gúúsù Sudan:南苏丹 / 南蘇丹
Gúúsù Sudan:南蘇丹
Gúúsù Áfríkà:Nán Fēi
Gúúsù Áfríkà:南非
Gúúsù Áfríkà:南非共和國
Gû-bîn-soaⁿ:niúmiánshān
Gû-bîn-soaⁿ:ㄋㄧㄡˊㄇㄧㄢˊㄕㄢ
Gû-bîn-soaⁿ:牛眠山
Gû-bîn-suann:niúmiánshān
Gû-bîn-suann:ㄋㄧㄡˊㄇㄧㄢˊㄕㄢ
Gû-bîn-suann:牛眠山
Gû-kha-khinn:牛脚坑
Gû-kha-khiⁿ:牛脚坑
Gû-khut-á:和中
Gû-poo-á:牛埔仔
Gû-poo:Niúpǔ
Gû-poo:牛埔
Gû-po͘-á:牛埔仔
Gû-po͘:牛埔
Gû-san-tó Teng-thah:牛山岛灯塔
Gû-san-tó Teng-thah:牛山島燈塔
Gû-san-tó Ting-thah:牛山岛灯塔
Gû-san-tó Ting-thah:牛山島燈塔
Gû-san-tó:牛山岛
Gû-san-tó:牛山島
Gû-tiâu-poo / Niouchoupu:牛稠埔
Gû-tiāu-po͘:牛稠埔
Gû-tàu-kiô:牛鬥橋
Gû-tíng-thâu:牛頂頭
Gûatemala-Stêd:危地馬拉城
Gûatemala-Stêd:危地马拉城
Gûatemala-Stêd:瓜地馬拉城
Gûatemala-Stêd:瓜地馬拉城/危地馬拉城
Gûatemala:危地馬拉
Gûatemala:危地馬拉 / 瓜地馬拉
Gûatemala:危地马拉
Gûatemala:危地马拉 / 危地馬拉 / 瓜地馬拉
Gûatemala:瓜地馬拉
Gûn-chiu-khu:Yínzhōu Qū
Gûn-chiu-khu:鄞州
Gûn-chiu-khu:鄞州区
Gûn-chiu-khu:鄞州區
Gûnat Hôt:高尼图浩特
Gûnt Ail:关特艾勒
Gûrbaljin Môd:古日布拉金毛都
Gûrban Ger:古日本格日
Gûrban Goleen Hôt:古日班古力彦浩特
Gûrban Goleen:古日班古力彦
Gûrban Gûût:格日布高头
Gûrban Har:古日本哈日
Gûrban Hudûg:古力半胡洞
Gûrban Hûa Cun:古鲁板蒿村
Gûrban Hûa:古魯板蒿鎮
Gûrban Hûa:古鲁板蒿
Gûrban Hûa:古鲁板蒿镇
Gûrban Hûdag Cun:古鲁本井村
Gûrban Hûdag Gaqaan:古日班呼都嘎嘎查
Gûrban Hûdûg Hôt:古日班呼都嘎浩特
Gûrban Hûdûg cun:古半忽洞村
Gûrban Hûdûg:固尔班忽洞
Gûrban Hûxûû:古尔班呼舒
Gûrban Hûû:古鲁板毫
Gûrban Môd Gaqaa:固日班毛都嘎查
Gûrban Môd:固日班毛都
Gûrban Môngôl Dûgûilang:古日帮蒙古乐独贵龙
Gûrban Nars:固日班那日斯
Gûrban Ondor Hôt:古日班温都尔浩特
Gûrban Ondor Hôt:古日班温都日浩特
Gûrban Serbeeng Hôt:古日班斯日温浩特
Gûrban Tôhoi Hôt:古尔班陶海浩特
Gûrban Tôlgôi Hôt:古日班陶勒盖浩特
Gûrban Ôrôi:古日本敖瑞
Gûrban Ûs Hôt:古日本乌苏浩特
Gûrbanbai Gaqaa:固日班白嘎查
Gûrbanhûa Gaqaa:固日班花嘎查
Gûrbanhûdag Hôt:古日班呼都嘎浩特
Gûrbantûlag Hôt:古日班图拉嘎浩特
Gûrbnger Gaqaa:固日班格尔嘎查
Gûrbnger:固日班格尔
Gûrgûûldai Hôt:古日古拉代浩特
Gûrgûûltai Gaqaa:古日古勒台嘎查
Gûrgûûltai:古日古勒台
Gûrgûûltal:古日古力台
Gûrya:古利亞州
Gûs-Chrûstalny:古西赫鲁斯塔利内
Gûûgin Engger Gaqaa:关乃恩格日嘎查
Gûûgin Engger:关乃恩格日
Gûûin Ail:沟艾勒
Gûûin'ôlom:高音敖勒木
Gûûn Hûdah:贡湖都嘎
Gûûnam:稿阿木
Gûûrasin Sum Gaqaa:高日苏嘎查
Gûût Hôt:高乌图浩特
Gûût:稿头
Güba:古巴村
Güeldres:海尔德兰
Güeldres:海尔德兰省
Güeldres:海爾德蘭
Güeldres:海爾德蘭省
Güell Pavilions:奎爾別墅
Güera:拉圭拉
Güiana Francesa:法属圭亚那
Güiana Francesa:法属圭亚那 / 法屬圭亞那
Güiana Francesa:法屬圭亞那
Güiana:圭亚那
Güiana:圭亚那 / 蓋亞那 / 圭亞那
Güiana:圭亞那
Güiana:蓋亞那
Güiana:蓋亞那 / 圭亞那
Güiria:圭里亞
Gülawat:古勒阿瓦提乡
Gülbagh:gǔlèbāgé xiāng
Gülbagh:gǔlèbāgé zhèn
Gülbagh:古勒巴格乡
Gülbagh:古勒巴格鄉
Gülbagh:古勒巴格鎮
Gülbagh:古勒巴格镇
Gülbağı:gǔlèbāgé zhèn
Gülbağı:古勒巴格乡
Gülbağı:古勒巴格鎮
Gülbağı:古勒巴格镇
Gülistan Eyaleti:戈勒斯坦省
Gülistan:古利斯坦
Güllüdere:玫瑰谷
Güllük Bread:Güllük 面包
Güllük Brot:Güllük 面包
Güllük:古勒鲁克乡
Gülnar:居尔纳尔
Gülsary:庫利薩雷
Gülüstan Welaýaty:戈勒斯坦省
Gülüstan ostanı:戈勒斯坦省
Gülşehir:居尔谢希尔
Gülşehir:居爾謝希爾
Gümrü:久姆里
Gümrük:海关
Gümse:古傑爾梅斯
Gümüşhacıköy:居米斯哈吉柯伊
Gümüşhan:居米什哈內
Gümüşhane Merkez:居米什哈內
Gümüşhane:居米什哈內
Gümüşhane:居米什哈内省
Gümüşxanə:居米什哈內
Gümüşxanə:居米什哈内省
Gün:贡普村
Günbatar Altaý döwlet goraghanasy:西阿勒泰国家自然保护区
Günbatısı Sahara:西撒哈拉
Güncang:gēngzhāng ménbāzú xiāng
Güncang:更章乡
Güncang:更章鄉
Güncang:更章门巴族乡
Gündogar Timor:东帝汶
Gündogar Timor:东帝汶 / 東帝汶
Gündogar Timor:東帝汶
Günduusu Timor:东帝汶
Günduusu Timor:东帝汶 / 東帝汶
Günduusu Timor:東帝汶
Gündêling Subdistrict:公德林街道
Gündêling:gōngdélín jiēdào
Gündêling:公德林街道
Güney Adası:南島
Güney Afrika Büyükelçiliği:南非大使馆
Güney Afrika Fahri Konsolosluğu:南非名誉领事馆
Güney Afrika:Nán Fēi
Güney Afrika:南非
Güney Afrika:南非共和國
Güney Amerika:南美洲
Güney Arnavutluk:阿尔巴尼亚南部
Güney Arnavutluk:阿爾巴尼亞南部
Güney Bug:南布格河
Güney Bölgesi (Zambiya):南部省 (赞比亚)
Güney Bölgesi:南部区
Güney Bölgesi:南部區
Güney Dakota:南达科他州
Güney Dakota:南達科他州
Güney Danimarka Üniversitesi:南丹麥大學
Güney Darfur:南达尔富尔州
Güney Engilçek buzulu:北伊内里切克冰川
Güney Engilçek buzulu:南伊内里切克冰川
Güney Georgia ve Güney Sandwich Adaları:南乔治亚和南桑威奇群岛
Güney Georgia ve Güney Sandwich Adaları:南喬治亞和南桑威奇群島
Güney Georgia ve Güney Sandwich Adaları:南喬治亞島與南桑威奇群島
Güney Horasan Eyaleti:南呼罗珊省
Güney Horasan Eyaleti:南呼羅珊省
Güney Karelya:南卡累利阿區
Güney Karolina:南卡罗来纳州
Güney Karolina:南卡羅萊納州
Güney Kivu:南基伍省
Güney Konisi:南錐體
Güney Kordofan:南科尔多凡州
Güney Kore Başkonsolosluğu:韩国总领事馆
Güney Kore Büyükelçiliği:韩国大使馆
Güney Kore Fahri Konsolosluğu:韩国名誉领事馆
Güney Kore:Hánguó
Güney Kore:南韓
Güney Kore:大韓民國
Güney Kore:韓國
Güney Kore:韩国
Güney Kore:韩国 / 南韓
Güney Kutbu:南极点
Güney Kutbu:南极点/南極點
Güney Kutbu:南極
Güney Kutbu:南極點
Güney Kıbrıs:塞浦路斯
Güney Kıbrıs:賽普勒斯
Güney Kızıldeniz:南紅海區
Güney Kızıldeniz:南紅海地區
Güney Kızıldeniz:南红海区
Güney Milletleri, Milliyetleri ve Halkları:南方民族、部落和人民州
Güney Osetya:南奥塞梯
Güney Osetya:南奧塞梯
Güney Ostrobotniya:南博滕區
Güney Sarayı:南宫
Güney Sarayı:南宮
Güney Semti:南区
Güney Semti:南區
Güney Sina (il):南西奈省
Güney Sudan Büyükelçiliği:南苏丹大使馆
Güney Sudan:南苏丹
Güney Sudan:南苏丹 / 南蘇丹
Güney Sudan:南蘇丹
Güney Tarava:南塔拉瓦
Güney Ural Devlet Üniversitesi:南乌拉尔国立大学
Güney Ural Tabiatı Koruma Alanı:南乌拉尔自然保护区
Güney bölgesi:南部
Güney:南方省
Güney:南部省
Güneybatı Bölgesi:西南区
Güneybatı Finlandiya:西南芬蘭區
Güneydoğu Anadolu Bölgesi:东南安纳托利亚地区
Güneydoğu Asya Uluslar Birliği:东南亚国家联盟
Güneydoğu Asya Uluslar Birliği:東南亞國家協會
Güneydoğu Bölgesi:東南區
Güneydoğu bölgesi:东南部
Güneyli Ural:南烏拉爾山脈
Güneysu:居內伊蘇
Günka La:Kōng kā shānkǒu
Günka La:空喀山口
Günlük Kabin Parkı:记录小木屋公园
Günorta Afrika:Nán Fēi
Günorta Afrika:南非
Günorta Afrika:南非共和國
Günorta Afrikanyň hormatly konsullygy:南非名誉领事馆
Günorta Afrikanyň ilçihanasy:南非大使馆
Günorta Amerika:南美洲
Günorta Koreýa:Hánguó
Günorta Koreýa:南韓
Günorta Koreýa:大韓民國
Günorta Koreýa:韓國
Günorta Koreýa:韩国
Günorta Koreýa:韩国 / 南韓
Günorta Koreýanyň Baş konsullygy:韩国总领事馆
Günorta Koreýanyň hormatly konsullygy:韩国名誉领事馆
Günorta Koreýanyň ilçihanasy:韩国大使馆
Günorta Sudan:南苏丹
Günorta Sudan:南苏丹 / 南蘇丹
Günorta Sudan:南蘇丹
Günorta Sudanyň ilçihanasy:南苏丹大使馆
Günorta köşk:南宫
Günorta köşk:南宮
Günorta-Ural döwlet uniwersiteti:南乌拉尔国立大学
Günsa Township:kūnshā xiāng
Günsa Township:昆莎乡
Günsa:Gá ěr kūn shā
Günsa:噶尔昆沙
Günz:金茨河
Güra:吉然村
Gürcaani bələdiyyəsi:古爾賈阿尼市
Gürcistan Devlet Törenleri Sarayı:喬治亞國家儀式宮
Gürcistan Devlet Törenleri Sarayı:格鲁吉亚国家仪式宫
Gürcistan:GéLǔJíYà
Gürcistan:喬治亞
Gürcistan:格魯吉亞
Gürcistan:格鲁吉亚
Gürcistan:格鲁吉亚 / 喬治亞
Gürcüstan Dövlət Mərasim Sarayı:喬治亞國家儀式宮
Gürcüstan Dövlət Mərasim Sarayı:格鲁吉亚国家仪式宫
Gürcüstan:GéLǔJíYà
Gürcüstan:喬治亞
Gürcüstan:格魯吉亞
Gürcüstan:格鲁吉亚
Gürcüstan:格鲁吉亚 / 喬治亞
Gürgan:戈尔干
Gürgen:戈尔干
Gürgentepe:居爾根泰佩
Güroymak:居羅伊馬克
Gürpınar:居尔珀纳尔
Gürtı qalaşyğy:古尔图镇
Gürtı:古尔图镇
Güstrow:居斯特罗
Güyâni tî farânzi:法属圭亚那
Güyâni tî farânzi:法属圭亚那 / 法屬圭亞那
Güyâni tî farânzi:法屬圭亞那
gëdá'geh:肯塔基州
góry Tarbagataj:塔尔巴哈台山
gönüllü Savunma birlikleri:志愿国防军
