Cà Mau Cape Monument:金瓯角雕塑
Cà Mau Province (former):金瓯省
Cà Mau Province (former):金甌省
Cà Mau Province:金瓯省
Cà Mau Province:金甌省
Cà Mau:金瓯市
Cà Mau:金瓯省
Cà Mau:金甌市
Cà Mau:金甌省
Cà phê Trung Nguyên:Trung Nguyen Legend
Càceres:卡塞雷斯
Càller:卡利亚里
Càn Thanh Cung:Qiánqīnggōng
Càn Thanh Cung:乾清宫
Càn:乾县
Càn:乾縣
Càndia:伊拉克利翁
Càng Long District:乾隆县
Càng Long District:乾隆縣
Cànoes:康奥埃
Càtaro:科托尔
Càtaro:科托爾
Cá Cựu:Gèjìu Shì
Cá Cựu:个旧市
Cá Cựu:箇舊市
Cá Tươi Sống:生猛鮮魚
Các Lãnh thổ Tây Bắc:西北地区
Các Lãnh thổ Tây Bắc:西北地區
Các Tiểu vương quốc Ả Rập Thống nhất:Ālābó Liánhé Qiúchángguó
Các Tiểu vương quốc Ả Rập Thống nhất:阿拉伯联合酋长国
Các Tiểu vương quốc Ả Rập Thống nhất:阿拉伯联合酋长国 / 阿拉伯聯合大公國
Các Tiểu vương quốc Ả Rập Thống nhất:阿拉伯聯合大公國
Các Tiểu vương quốc Ả Rập Thống nhất:阿拉伯聯合酋長國
Các khu vực Hành chính Bộ lạc Liên bang:联邦直辖部落地区
Các lâu đài và tường thành thời vua Edward I tại Gwynedd:圭內斯郡愛德華國王的城堡和城牆
Các quần đảo trên Biển Đông (tranh chấp):南海諸島 (主權爭議)
Các quần đảo trên Biển Đông (tranh chấp):南海诸岛（主权争议）
Các vườn Hevsel:赫夫赛尔花园
Cáceres:卡塞雷斯
Cách Tân:革新
Cáchy:亚琛
Cáchy:亞琛
Cáchy:阿臣
Cádis:加的斯
Cádiz:加的斯
Cádiz:加的斯省
Cái Bè District:丐𦨭縣
Cái Bầu Island:盖宝岛
Cái Bắc:盖北镇
Cái Dăm Market:盖赞市场
Cái Dăm:盖赞
Cái Nước District:丐渃县
Cái Nước District:丐渃縣
Cái Nước:丐渃县
Cái Nước:丐渃市鎮
Cái Nước:丐渃市镇
Cái Nước:丐渃縣
Cái Răng District:丐𪘵郡
Cái Tắc:丐则市镇
Cái Tắc:丐則市鎮
Cái Đôi Vàm:該隊汛市鎮
Cái Đôi Vàm:该队汛市镇
Cái-Dăm-Straße:盖赞街
Cáli:卡利
Cám Châu:Gànzhōu Shì
Cám Châu:贛州
Cám Châu:贛州市
Cám Châu:赣州市
Cám Du:贛榆
Cám Du:贛榆區
Cám Du:赣榆区
Cám Huyện:Gànxiàn Qū
Cám Huyện:贛縣
Cám Huyện:贛縣區
Cám Huyện:赣县区
Cámara de Comercio de España en Taiwán:西班牙商務辦事處
Cámara de Comercio e Industria de Trabzon:特拉布宗工商会
Cámara de Diputados:众议院
Cámara de los Diputados:赤道几内亚众议院
Cámara de Ámbar:琥珀色的房间
Cámara del Tesoro Imperial:皇家珍宝馆
Cánh cửa đến Địa ngục:地狱之门
Cáors:卡奥尔
Cáp Ba Hà:Hābāhé Xiàn
Cáp Ba Hà:哈巴河县
Cáp Ba Hà:哈巴河縣
Cáp Lạt Câu:哈拉沟
Cáp Lạt Tô:哈拉苏
Cáp Lực Đồ:哈力图
Cáp Nhĩ Cái:哈尔盖镇
Cáp Nhĩ Tân:Hā'ěrbīn Shì
Cáp Nhĩ Tân:哈尔滨市
Cáp Nhĩ Tân:哈爾濱
Cáp Nhĩ Tân:哈爾濱市
Cáp Ve:佛得角
Cáp Ve:佛得角 / 維德角
Cáp Ve:維德角
Cáp Đạt Dương:哈达阳镇
Cáp Đạt Phô:哈达铺镇
Cárcava Jixue:Jixue Gou
Cárcava Jixue:积雪沟
Cárcava Jixue:積雪溝
Cárdif:卡迪夫
Cárpatos:喀尔巴阡山脉
Cát An:Jí'ān Shì
Cát An:Jí'ān Xiàn
Cát An:吉安
Cát An:吉安县
Cát An:吉安市
Cát An:吉安縣
Cát An:吉安鄉
Cát Bà Kính Chào Quý Khách:國家公園
Cát Bà:葛婆市鎮
Cát Bà:葛婆市镇
Cát Châu:Jízhōu Qū
Cát Châu:吉州区
Cát Châu:吉州區
Cát Dương:吉阳区
Cát Dương:吉陽
Cát Dương:吉陽區
Cát Hải District:葛海县
Cát Hải District:葛海縣
Cát Hải:葛海市鎮
Cát Hải:葛海市镇
Cát Long:吉隆镇
Cát Lâm:Jilin Sheng
Cát Lâm:Jílín
Cát Lâm:Jílín Shì
Cát Lâm:Jílín Shĕng
Cát Lâm:吉林市
Cát Lâm:吉林省
Cát Lợi:Jili Gaoxin Qu
Cát Lợi:吉利高新区
Cát Thủ:Jíshǒu Shì
Cát Thủ:吉首市
Cát Thủy:Jishui Xian
Cát Thủy:吉水
Cát Thủy:吉水县
Cát Thủy:吉水縣
Cát Tiênin kansallispuisto:吉仙國家公園
Cát Điếm:葛店镇
Cát Đại:Jídà
Cát Đại:Jídà Jiēdào
Cát Đại:吉大街道
Cát:Ji Xian
Cát:吉县
Cát:吉縣
Câble de Danger 220.000 Volts:危險電纜 220.000 伏特
Câble sous-marin à fibres optiques:光纖海底電纜
Câmara Municipal da Cidade Velha:托伦老城市
Câmara Municipal de Tarnobrzeg:塔尔诺布热格市政厅
Câmara de Comércio e Indústria de Trabzon:特拉布宗工商会
Câmara de Válvula de Corte do Gasoduto de Gás Natural:天然气输气管线切断阀室
Câmara de Válvula de Corte do Gasoduto de Gás Natural:天然氣輸氣管線切斷閥室
Câmara dos Deputados:众议院
Câmara dos Deputados:赤道几内亚众议院
Câmpia Europei de Est:东欧平原
Câmpia Europei de Nord:北德平原
Câmpia Germano-Poloneză:北德平原
Câmpia Mării Negre:黑海低地
Câmpia Siberiei de Vest:西西伯利亚平原
Cândia:康提
Câu Bang Tử:沟帮子街道
Câu Bang Tử:溝帮子街道
Câu Khẩu:沟口
Cây Dương:核阳市镇
Cây Dương:核陽市鎮
Cây cầu JR Kuriyamagawa:总武本线
Cây cầu JR Kuriyamagawa:總武本線
Câșlița-Dunăre:基斯利齊亞
Cão (Esculturas do 12 Signos Chineses):狗 (十二生肖雕塑)
Cäbrayıl rayonu:傑布拉伊爾區
Cäsair:阿尔及尔
Cäsair:阿爾及爾
Cäsair:阿爾及爾/阿尔及尔
Cænugeard:基輔
Cænugeard:基辅
Cèlebes:苏拉威西
Cèlebes:苏拉威西 / 蘇拉威西
Cèlebes:蘇拉威西
Céko:Jiékè
Céko:捷克
Célebes Central:中苏拉威西省
Célebes Meridional:南苏拉威西省
Célebes Occidental:西苏拉威西省
Célebes Septentrional:北苏拉威西省
Célebes Sudoriental:东南苏拉威西省
Célebes:苏拉威西
Célebes:苏拉威西 / 蘇拉威西
Célebes:苏拉威西岛
Célebes:蘇拉威西
Célèbes:苏拉威西
Célèbes:苏拉威西 / 蘇拉威西
Célèbes:苏拉威西岛
Célèbes:蘇拉威西
Céng-gŏng:Jìnjiāng
Céng-gŏng:jìnjiāng shì
Céng-gŏng:晉江
Céng-gŏng:晉江市
Céng-gŏng:晋江
Céng-gŏng:晋江市
Céng-huò:zhènghé xiàn
Céng-huò:政和
Céng-huò:政和县
Céng-huò:政和縣
Céng-siàng:Jìnchéng Shì
Céng-siàng:晉城
Céng-siàng:晉城市
Céng-siàng:晋城市
Céng-ăng:jìnān qū
Céng-ăng:晉安
Céng-ăng:晉安區
Céng-ăng:晋安区
Cénotaphe du mémorial pour les victimes de la bombe:原爆死歿者慰靈碑
Céramique:凯拉米克斯
Césped Norte:北草坪
Césped Sur:南草坪
Céuta:休达
Céxa de San Salvador:圣救主堂
Céxa de San Zulian:圣儒利安堂
Cêba:Cái bā cūn
Cêba:才巴村
Cêbong:才朋村
Cêju:崔久村
Cêmar Co:cáimǎěr cuò
Cêmar Co:才玛尔错
Cênbum:村帮村
Cêqu township:cuījiǔ xiāng
Cêqu township:崔久乡
Cêqu:cuījiǔ xiāng
Cêqu:崔久乡
Cêqung:次琼村
Cêringbêr:泽仁本村
Cêrwai:cháiwéi xiāng
Cêrwai:柴维乡
Cêzan:吉赞
Cìnsansà:金沙萨市
Cìnsansà:金沙萨市/金沙薩市
Cìnsansà:金沙薩市
Cìopras:Sàipǔlùsī
Cìopras:塞浦路斯
Cìopras:塞浦路斯/賽普勒斯
Cìopras:賽普勒斯
Cìorgastan:吉尔吉斯斯坦
Cìorgastan:吉爾吉斯
Cí Yuán Zhāi Vegetarian Restaurant:古城慈缘斋素食馆
Cícladas:基克拉泽斯
Cíclades:基克拉泽斯
Círculo de la Amistad:友谊圈
Církev Ježíše Krista svatých posledních dnů:耶稣基督后期圣徒教会
Církev Ježíše Krista svatých posledních dnů:耶穌基督後期聖徒教會
Císineá:基希訥烏
Císineá:基希讷乌
Cív:基輔
Cív:基辅
Cîbraltar:直布罗陀
Cîbraltar:直布罗陀 / 直布羅陀
Cîbraltar:直布羅陀
Cîbûtî:吉布地
Cîbûtî:吉布地市
Cîbûtî:吉布提
Cîbûtî:吉布提 / 吉布地
Cîgirê Konsulxaneya Keyaniya Yekbûyî:英国副领事馆
Cîl:智利
Cò mỏ giày:鲸头鹳
Còme:科莫
Còn Sud:南錐體
Còngo:刚果共和国
Còngo:刚果共和国 / 剛果共和國
Còngo:刚果河
Còngo:剛果共和國
Còngo:剛果（布）
Còrdoba:哥多華省
Còrdoba:科尔多瓦省
Còrdoba:科爾多瓦省
Còrdova:哥多華
Còrdova:科尔多瓦
Còrsega:科西嘉
Còsta Rica:哥斯大黎加
Còsta Rica:哥斯达黎加
Còsta Rica:哥斯达黎加 / 哥斯大黎加
Còsta Rica:哥斯達黎加
Còsta Rica:哥斯達黎加 / 哥斯大黎加
Còsta d'Avòri:Kētèdíwǎ
Còsta d'Avòri:科特迪瓦
Còsta d'Avòri:科特迪瓦 / 象牙海岸
Còsta d'Avòri:象牙海岸
Còsta d'Avòïo:Kētèdíwǎ
Còsta d'Avòïo:科特迪瓦
Còsta d'Avòïo:科特迪瓦 / 象牙海岸
Còsta d'Avòïo:象牙海岸
Còsta d'Azur:蔚蓝海岸
Còsta d'Evòri:Kētèdíwǎ
Còsta d'Evòri:科特迪瓦
Còsta d'Evòri:科特迪瓦 / 象牙海岸
Còsta d'Evòri:象牙海岸
Cóbanhávan:哥本哈根
Cólofon:科洛封
Cór Cosanta deonach:志愿国防军
Córcega:科西嘉
Córdoba:哥多華
Córdoba:哥多華省
Córdoba:科尔多瓦
Córdoba:科尔多瓦省
Córdoba:科爾多瓦省
Córdova:哥多華
Córdova:科尔多瓦
Córdova:科尔多瓦省
Córduba:哥多華
Córduba:科尔多瓦
Córrego Geográfico:Jiaoli He
Córrego Geográfico:胶粒河
Córrego Geográfico:膠粒河
Córrego Wind:Yuquan He
Córrego Wind:玉泉河
Córrego do Petrel:Cui Xi
Córrego do Petrel:粹溪
Córsega:科西嘉
Cósta Iúrasach:侏罗纪海岸
Cósta Ríce:哥斯大黎加
Cósta Ríce:哥斯达黎加
Cósta Ríce:哥斯达黎加 / 哥斯大黎加
Cósta Ríce:哥斯達黎加
Cósta Ríce:哥斯達黎加 / 哥斯大黎加
Cô Bắc:姑北路
Cô Nguyên:沽源县
Cô Nguyên:沽源縣
Cô Tiên Lake:仙姑湖
Cô Tô District:姑苏县
Cô Tô District:姑蘇縣
Cô Tô Special Administrative Region:姑苏特区
Cô Tô Special Administrative Region:姑蘇特區
Cô Tô, Tô Châu:Gūsū Qū
Cô Tô, Tô Châu:姑苏区
Cô Tô, Tô Châu:姑蘇區
Cô Viên:Wǔdàojiāng Zhèn
Cô Viên:五道江镇
Côme:科莫
Côn Dương:昆阳镇
Côn Lôn:昆仑岛
Côn Minh:kūn míng Shì
Côn Minh:昆明
Côn Minh:昆明市
Côn Son:昆仑岛
Côn Sơn Island:昆仑岛
Côn Sơn:Kūnshān Shì
Côn Sơn:崑山
Côn Sơn:崑山市
Côn Sơn:昆山市
Côn Sơni saared:崑島縣
Côn Đô Luân:Kūndūlún Qū
Côn Đô Luân:ㄎㄨㄣ ㄉㄨ ㄌㄨㄣˊ ㄑㄩ
Côn Đô Luân:昆都仑区
Côn Đô Luân:昆都侖區
Côn Đảo District:崑島縣
Côn Đảo lennujaam:昆岛机场
Côn Đảo:崑島縣
Cône Sud:南錐體
Công An:Gong'an Xian
Công An:公安县
Công An:公安縣
Công Bá:gōngbà zhèn
Công Bá:蚣坝镇
Công Chủ Lĩnh:Gōngzhǔlǐng Shì
Công Chủ Lĩnh:公主岭市
Công Chủ Lĩnh:公主嶺市
Công Lang:公郎镇
Công Nông:gōngnóng qū
Công Nông:工农区
Công Quán:公館鄉
Công Viên Rừng Văn Hóa:文化森林公园
Công Viên:Gungjin-seki
Công Viên:公园社区
Công Viên:公園社區
Công nhân và nữ nông trang viên:工人和集体农庄女庄员
Công trường Mê Linh:麊泠广场
Công ty TNHH Du lịch và Thương mại Quốc tế Kỳ Mỹ:奇美国际旅游及贸易有限公司
Công ty TNHH Thủy sản Tam Sa Dục Tín Đạt:三沙欲信达水产科技有限公司
Công ty TNHH Thủy sản Tam Sa Dục Tín Đạt:三沙欲信達水產科技有限公司
Công viên 23 tháng 9:9月23日公园
Công viên 30 Tháng 4:4月30日公園
Công viên Batman:巴特曼公园
Công viên Bờ Hồ:湖边公园
Công viên Bờ sông Sinwon:新院江岸公园
Công viên Chibikko:小朋友广场
Công viên Châu Giang:珠江公园
Công viên Commonwealth:Commonwealth 公园
Công viên Cảnh Sơn:景山公园
Công viên Cảnh Sơn:景山公園
Công viên Cỏ:草坪广场
Công viên Cửu Long:九龍公園
Công viên Gia Định:嘉定公园
Công viên Hòa bình Kuriyama:栗山和平公园
Công viên Hữu nghị Nhân dân Việt Trung:Zung Jit Njanman Jau'nji Gungjin
Công viên Hữu nghị Nhân dân Việt Trung:中越人民友谊公园
Công viên Ibirapuera:伊比拉布埃拉公园
Công viên Lê-nin:列宁公园
Công viên Lê-nin:列寧公園
Công viên Maloti-Drakensberg:马罗提-德拉肯斯堡公园
Công viên Nhân dân Nam Ninh:人民公园
Công viên Ninh Thọ Cung:Níng Shòu Gōng Huāyuán
Công viên Ninh Thọ Cung:宁寿宫花园
Công viên Sa Vĩ:沙尾公园
Công viên Sa Vĩ:沙尾公園
Công viên Trung tâm:中央公园
Công viên Trần Hưng Đạo:陈兴道公园
Công viên Ueno:上野恩赐公园
Công viên Việt Tú:Yuèxiù gōngyuán
Công viên Việt Tú:越秀公园
Công viên Việt Tú:越秀公園
Công viên Văn hóa Hại Dương Vịnh Bắc Bộ:Bakbuwaan Hoijoeng Manfaa Gungjyun
Công viên Văn hóa Hại Dương Vịnh Bắc Bộ:北部湾海洋文化公园
Công viên Văn hóa Hại Dương Vịnh Bắc Bộ:北部灣海洋文化公園
Công viên Vạn Xuân:万绿园
Công viên Yongdusan:龙头山公园
Công viên hạt đảo Fox:Fúkèsī dǎo xiàn gōngyuán
Công viên hạt đảo Fox:福克斯岛县公园
Công viên tưởng niệm hòa bình Hiroshima:廣島和平紀念公園
Công viên tự nhiên núi lửa Taal:Tǎěr huǒshān zìrán gōngyuán
Công viên tự nhiên núi lửa Taal:塔爾火山自然公園
Công viên tự nhiên núi lửa Taal:塔阿尔火山自然公园
Công viên Đại Đông Môn:大东门公园
Cônia:科尼亚
Côr y Cewri:巨石阵
Côr y Cewri:巨石陣
Côte Sancha:Sān chà hǎi àn
Côte Sancha:三岔海岸
Côte Sauvage (Afrique du Sud):狂野海岸
Côte centrale du Nord:北中部
Côte centrale du Sud:南中部
Côte d'Azur internasjonale lufthavn:尼斯蓝色海岸机场
Côte d'Azur:蔚蓝海岸
Côte d'Iviéthe:Kētèdíwǎ
Côte d'Iviéthe:科特迪瓦
Côte d'Iviéthe:科特迪瓦 / 象牙海岸
Côte d'Iviéthe:象牙海岸
Côte d'Ivoire:Kētèdíwǎ
Côte d'Ivoire:科特迪瓦
Côte d'Ivoire:科特迪瓦 / 象牙海岸
Côte d'Ivoire:象牙海岸
Côte d’Azurin kansainvälinen lentoasema:尼斯蓝色海岸机场
Côte d’Ivoire (la):Kētèdíwǎ
Côte d’Ivoire (la):科特迪瓦
Côte d’Ivoire (la):科特迪瓦 / 象牙海岸
Côte d’Ivoire (la):象牙海岸
Côte d’Ivoire:Kētèdíwǎ
Côte d’Ivoire:科特迪瓦
Côte d’Ivoire:科特迪瓦 / 象牙海岸
Côte d’Ivoire:象牙海岸
Côte-d'Azur:蔚蓝海岸
Cö:决村
Cökətəy Ayağı:烏斯季傑古塔
Cörsi:Zéxī Dǎo
Cörsi:泽西
Cörsi:泽西 / 澤西
Cörsi:澤西
Cövzcan vilayəti:朱兹詹省
Cövzcan vilayəti:朱茲詹省
Cù Châu:Qúzhōu shì
Cù Châu:衢州
Cù Châu:衢州市
Cù Giang:Qújiāng Qū
Cù Giang:衢江区
Cù Giang:衢江區
Cù Khê:瞿溪
Cù Lao Dung District:岣崂榕县
Cù Lao Dung District:岣嶗榕縣
Cùba:古巴
Cùbar:庫珀
Cùirt Weststate:西州法院
Cú Dung:Jùróng Shì
Cú Dung:句容
Cú Dung:句容市
Cúba:古巴
Cúbar:庫珀
Cúcuta:库库塔
Cúige Chelyabinsk:車里雅賓斯克州
Cúige Chelyabinsk:车里雅宾斯克州
Cúige Cherkasy:切爾卡瑟州
Cúige Kaliningrad:加里宁格勒州
Cúige Kaliningrad:加里寧格勒州
Cúige Kherson:赫尔松州
Cúige Kostroma:科斯特罗马州
Cúige Kostroma:科斯特羅馬州
Cúige Luhansk:卢甘斯克州
Cúige Mhoscó:莫斯科州
Cúige Mumhan:芒斯特省
Cúige Novosibirsk:新西伯利亚州
Cúige Novosibirsk:新西伯利亞州
Cúige Sharatov:萨拉托夫州
Cúige Sharatov:薩拉托夫州
Cúige Shumy:苏梅州
Cúige Thomsk:托木斯克州
Cúige Zaporizhia:扎波里日扎州
Cúige an Deiscirt, an tSaimbia:南部省 (赞比亚)
Cúirt Weststate:西州法院
Cúmbria:坎布里亞郡
Cúmbria:金巴倫郡
Cúneo:库内奥
Cúneo:庫內奧
Cúpula de Genbaku:原爆遗址
Cümə məscidi:聚礼清真寺
Cümə məscidi:聚禮清真寺
Cünye:朱尼耶
Cüpris:Sàipǔlùsī
Cüpris:塞浦路斯
Cüpris:塞浦路斯/賽普勒斯
Cüpris:賽普勒斯
Cürcân:戈尔干
Cüzcan:朱兹詹省
Cüzcan:朱茲詹省
