مآرب:馬里卜
مآنشان:Mǎ'ānshān Shì
مآنشان:馬鞍山市
مآنشان:马鞍山市
مأرب اوستانی:马里卜省
مأرب:馬里卜
مؤتمر الأمم المتحدة للتجارة والتنمية:联合国贸易和发展会议
مؤسسة البترول الوطنية الصينية:办公大楼
مؤسسه دانش هند:印度科學理工學院
مؤنگ کآی:硭街市
مؤنگ کآی:芒街市
مئذنة جام وبقاياها الاثرية:查姆回教寺院尖塔和考古遗址
مئرس:默爾斯
مئرنی:梅尔纳
مئکولایوکا:米科拉伊夫卡
مئی تھو:美萩市
مئیس شمیدتا:梅斯施密特
مئیفیلڈ:帕罗奥图
مئیفیلڈ:帕羅奧圖
مئیژو:Méizhōu shì
مئیژو:梅州
مئیژو:梅州市
ماؤنٹ ایورسٹ:Zhūmùlǎngmǎ Fēng
ماؤنٹ ایورسٹ:珠穆朗玛峰
ماؤنٹ ایورسٹ:珠穆朗瑪峰
ماؤنٹ سینٹ مائیکل:勒蒙圣米歇尔
ماؤنٹ سینٹ مائیکل:勒蒙聖米歇爾
مائمن سنگھ:迈门辛
مائکرونیشیا:密克罗尼西亚
مائکرونیشیا:密克罗尼西亚 / 密克羅尼西亞
مائکرونیشیا:密克羅尼西亞
مائڪرونيشيا جون فيڊريٽيڊ اسٽيٽس:密克罗尼西亚
مائڪرونيشيا جون فيڊريٽيڊ اسٽيٽس:密克罗尼西亚 / 密克羅尼西亞
مائڪرونيشيا جون فيڊريٽيڊ اسٽيٽس:密克羅尼西亞
مائی ہاؤ ضلع:美豪市社
مائیسن:迈森
مائینمو ٹاؤنشپ:敏务镇区
مائینمو:敏务
مائیو، کیپ ورڈی:馬約島縣
مائیٹکینا ٹاؤنشپ:密支那镇区
مائیٹھا ٹاؤنشپ:密沙鎮區
مائیک:丹老
مائەنشەن شەھىرى:Mǎ'ānshān Shì
مائەنشەن شەھىرى:馬鞍山市
مائەنشەن شەھىرى:马鞍山市
مابوتو:馬普托
مابيني:馬比尼
مابيني:马比尼
مابین:馬本
مابین:马本
ماتا-أوتو:马塔乌图
ماتا-اتو:马塔乌图
ماتابیلےلینڈ جنوبی صوبہ:南馬塔貝萊蘭省
ماتابیلےلینڈ شمالی صوبہ:北马塔贝莱兰省
ماتاد:马塔德苏木
ماتارا ضلع:馬塔拉區
ماتارا ضلع:马特勒区
ماتارا:馬塔拉
ماتارا:马特勒
ماتاررانىييا:馬塔蘭亞
ماتام علاقہ:馬塔姆區
ماتام:馬塔姆區
ماترا:馬塔拉
ماترا:马泰拉
ماترا:马特勒
ماتسوا، شيمانه:松江市
ماتسوبارا، أوساكا:松原市
ماتسورا، ناغاساكي:松浦市
ماتسوزاكى:松崎町
ماتسوزاكي:松崎町
ماتسوزاکی:松崎町
ماتسوساكا، ميه:松阪市
ماتسونو:松野町
ماتسوياما، إهيمه:松山市
ماتشانق:马樟县
ماتشو بيتشو:马丘比丘
ماتشيدا، طوكيو:町田市
ماتشيليباتنام:默苏利珀德姆
ماتلی:莫特利
ماتو غروسو دو سول:南馬托格羅索州
ماتو غروسو دو سول:南马托格罗索州
ماتو غروسو:马托格罗索州
ماتو گروسو دو سول:南馬托格羅索州
ماتو گروسو دو سول:南马托格罗索州
ماتو گروسو:马托格罗索州
ماتو:玛都
ماتورين:馬圖林
ماتورین:馬圖林
ماتوگروسو جنوبی:南馬托格羅索州
ماتوگروسو جنوبی:南马托格罗索州
ماتى:​马迪村
ماتيرا:马泰拉
ماتیرا:马泰拉
ماجنيتوجورسك لأعمال الحديد والصلب:马格尼托哥尔斯克钢铁公司
ماجورو:馬朱羅
ماجورو:马朱罗
ماجون:麻田里
ماجیکیای:马热伊基艾
مادانابالي:马达纳帕尔莱
ماداگاسكار:Mǎdájiāsījiā
ماداگاسكار:馬達加斯加
ماداگاسكار:马达加斯加
ماداگاسكار:马达加斯加 / 馬達加斯加
ماداگاسکار:Mǎdájiāsījiā
ماداگاسکار:馬達加斯加
ماداگاسکار:马达加斯加
ماداگاسکار:马达加斯加 / 馬達加斯加
مادبا:馬代巴省
مادجاسكار:Mǎdájiāsījiā
مادجاسكار:馬達加斯加
مادجاسكار:马达加斯加
مادجاسكار:马达加斯加 / 馬達加斯加
مادرايغال دي لاس ألتاس توريس:馬德里加爾德拉薩爾塔斯托雷斯
مادرايغال دي لاس ألتاس توريس:马德里加尔德拉萨尔塔斯托雷斯
مادرید:Mǎdélǐ
مادرید:馬德里
مادرید:馬德里/马德里
مادرید:马德里
مادریگال د لاس آلتاس ترس:馬德里加爾德拉薩爾塔斯托雷斯
مادریگال د لاس آلتاس ترس:马德里加尔德拉萨尔塔斯托雷斯
مادغاسکر:Mǎdájiāsījiā
مادغاسکر:馬達加斯加
مادغاسکر:马达加斯加
مادغاسکر:马达加斯加 / 馬達加斯加
مادورای:马杜赖
مادونا:馬多納
ماديا براديش:中央邦
ماديون:茉莉芬
مادەنىيەت باتىس جولى الەۋمەتتىك اۋماعى:文化西路社区
مادەنىيەت جولى:文化路社区
مادەنىيەت شىعىس جولى الەۋمەتتىك اۋماعى:文化东路社区
مادەنيەت جولى:文化路
مادەنيەت كوشەسى:​文化街社区
مار دل پلاتا:馬德普拉塔
مار دل پلاتا:马德普拉塔
مار ديل بلاتا:馬德普拉塔
مار ديل بلاتا:马德普拉塔
مار دیل پلاتا:馬德普拉塔
مار دیل پلاتا:马德普拉塔
مارؤا:马鲁阿
مارئینکا:馬林卡
مارا علاقہ:馬拉區
مارا:馬拉區
ماراكاي:马拉凯
ماراكايبو:馬拉開波
ماراكايبو:马拉开波
ماراكەش:Móluògē
ماراكەش:摩洛哥
مارال توقاي:玛拉勒托阔依
مارال توقوي:玛拉勒托阔依
مارالبشی:巴楚县
مارالبشی:巴楚縣
مارالبشی:巴楚鎮
مارالبشی:巴楚镇
مارالبىشى بازىرى:巴楚鎮
مارالبىشى بازىرى:巴楚镇
مارالبېشى كەسپىي تەربىيىلەش مەكتىپى:巴楚县职业技能培训学校
مارالبېشى كەسپىي تەربىيىلەش مەكتىپى:巴楚縣職業技能培訓學校
مارالبېشى ناھىيىسى:Bachu Xian
مارالبېشى ناھىيىسى:巴楚县
مارالبېشى ناھىيىسى:巴楚縣
مارالبېشى:巴楚
مارالسۇ بازىرى:玛热勒苏镇
مارالسۇ:mǎrèlèsū zhèn
مارالسۇ:玛热勒苏镇
مارالسۋ قالاشىعى:玛热勒苏镇
مارالسۋ:mǎrèlèsū zhèn
مارالسۋ:玛热勒苏镇
ماران:马兰
ماران:马兰县
مارانهاو:马拉尼昂州
مارانیائو:马拉尼昂州
ماراکای:马拉凯
ماراکایبو:馬拉開波
ماراکایبو:马拉开波
ماراکو:Móluògē
ماراکو:摩洛哥
مارتاکرت:阿格達拉
مارتينيك:馬提尼克
مارتينيك:马提尼克
مارتینیک:馬提尼克
مارتینیک:马提尼克
مارجانقۇم:马热加尼库木村
مارحابا جولى الەۋمەتتىك اۋماعى:迎宾路社区
مارزیر:莫济里
مارزیر:莫濟里
مارسئی:馬賽
مارسئی:马赛
مارسابیت کاؤنٹی:馬薩比特郡
مارسالا:馬爾薩拉
مارسی:馬賽
مارسی:马赛
مارسیلز:馬賽
مارسیلز:马赛
مارسیلیا:馬賽
مارسیلیا:马赛
مارسێی:馬賽
مارسێی:马赛
مارسەل:馬賽
مارسەل:马赛
مارشل آئلینڈز:馬紹爾群島
مارشل آئلینڈز:马绍尔群岛
مارشل آئلینڈز:马绍尔群岛 / 馬紹爾群島
مارشَل جٔزیٖرٕ:馬紹爾群島
مارشَل جٔزیٖرٕ:马绍尔群岛
مارشَل جٔزیٖرٕ:马绍尔群岛 / 馬紹爾群島
مارقاكول:马尔卡湖
مارقاكۅل:马尔卡湖
ماركاينا-كزيماين:马尔基纳-克塞门
ماركرمير:馬肯湖
ماركرمير:马肯湖
ماركس:馬克思
ماركەش:麦尔开其村
مارماراي:马尔马拉铁路
مارمارای:马尔马拉铁路
مارماریس:马尔马里斯港
مارنئولی:馬爾內烏利
مارنولي:馬爾內烏利
مارهانتس:馬爾哈內茨
مارهانيتس:馬爾哈內茨
ماروا:马鲁阿
مارودي:马鲁帝
ماروغامه:丸龜市
ماروغامه:丸龟市
مارویاروسلاوتس:小雅羅斯拉韋茨
مارى ۋىلايىتى:马雷州
مارى:木鹿
ماري ولايت:马雷州
ماري:木鹿
ماريانسك:馬林斯克
مارياڭ يېزىسى:马尔洋乡
ماريبور:馬里波爾
ماريبور:马里博尔
ماريتيم غرينيتش:格林威治海岸地区
ماريجوت:馬里戈特
ماريجوت:马里戈特
ماريجوت:马里戈特 / 馬里戈特
ماريفا:梅列法
ماريفيل:瑪麗維爾
ماريلاند:馬里蘭州
ماريلاند:马里兰州
مارينكا:馬林卡
ماريوبول:马里乌波尔
ماريوپول:马里乌波尔
ماريوڭ دىيۇر:马尔洋乡
مارٹِنِک:馬提尼克
مارٹِنِک:马提尼克
مارٹینک:馬提尼克
مارٹینک:马提尼克
مارکت ایندرسدورف:马克特因德斯多夫
مارکس:馬克思
مارگیبی کاؤنٹی:马及比县
ماری:木鹿
ماریام‌پوله:馬里揚泊列
ماریانگ:马尔洋乡
ماریبور:馬里波爾
ماریبور:马里博尔
ماریجمپولے کاؤنٹی:马里扬波莱县
ماریجمپولے:馬里揚泊列
ماریشس کا اعزازی قونصل خانہ:毛里求斯名誉领事馆
ماریشس:Máolǐqiúsī
ماریشس:模里西斯
ماریشس:毛里求斯
ماریشس:毛里求斯 / 模里西斯
مارینسک:馬林斯克
ماریوپول:马里乌波尔
ماریوپۆل:马里乌波尔
ماریٛ:木鹿
ماریگاٹ:馬里戈特
ماریگاٹ:马里戈特
ماریگاٹ:马里戈特 / 馬里戈特
مازار ئوزۇ:麻扎窝孜村
مازار سۇلتان:Má zhā ěr zhǒng yáng chǎng
مازار سۇلتان:麻扎尔种羊场
مازار ووز:麻扎窝孜村
مازار:麻扎乡
مازارتاغ:Mázhātǎgé Shān
مازارتاغ:麻扎塔格山
مازاروزۋ:麻扎窝孜村
مازارىي-شارىيف:馬扎里沙里夫
مازارىي-شارىيف:马扎里沙里夫
مازارىي-شارىيف:马扎里沙里夫/馬扎里沙里夫
مازرون اوستان:馬贊德蘭省
مازرون اوستان:马赞德兰省
مازرون دریا:裏海
مازرون دریا:里海
مازندران (محافظه):馬贊德蘭省
مازندران (محافظه):马赞德兰省
مازندران اوستانی:馬贊德蘭省
مازندران اوستانی:马赞德兰省
مازندران ولایت:馬贊德蘭省
مازندران ولایت:马赞德兰省
مازندران ٚ اۊستان:馬贊德蘭省
مازندران ٚ اۊستان:马赞德兰省
مازوۆەتس ۆويۆودالىعى:馬佐夫舍省
مازوۆەتس ۆويۆودالىعى:马佐夫舍省
مازوۋىيا ۋوەۋوددۇعۇ:馬佐夫舍省
مازوۋىيا ۋوەۋوددۇعۇ:马佐夫舍省
مازوۋىيە ۋويۋودالىغى:馬佐夫舍省
مازوۋىيە ۋويۋودالىغى:马佐夫舍省
مازير:莫济里
مازير:莫濟里
مازيكياي:马热伊基艾
مازۉویه وۉیوۉده‌لیغی:馬佐夫舍省
مازۉویه وۉیوۉده‌لیغی:马佐夫舍省
مازیداغی:馬澤達厄
مازیر:莫济里
مازیر:莫濟里
مازی‌داغی:馬澤達厄
ماساتشوستس:馬薩諸塞州
ماساتشوستس:马萨诸塞州
ماساتشوستس:麻省
ماساتشوستس:麻薩諸塞州
ماساندرا:馬桑德拉
ماسايو:马塞约
ماساچوست:馬薩諸塞州
ماساچوست:马萨诸塞州
ماساچوست:麻省
ماساچوست:麻薩諸塞州
ماسایو:马塞约
ماستريخت:馬斯特里赫特
ماستريخت:马斯特里赫特
ماسرو:馬塞盧
ماسساندرا:馬桑德拉
ماسكەۋ اۋدانى:莫斯科夫斯基区
ماسودا، شيمانه:益田市
ماسونگو صوبہ:馬斯溫戈省
ماسوهي:马索希
ماسووی ویوودالیغی:馬佐夫舍省
ماسووی ویوودالیغی:马佐夫舍省
ماسوویان اوستانی:馬佐夫舍省
ماسوویان اوستانی:马佐夫舍省
ماسوویان وویوودشیپ:馬佐夫舍省
ماسوویان وویوودشیپ:马佐夫舍省
ماسوویان:馬佐夫舍省
ماسوویان:马佐夫舍省
ماسيرو:馬塞盧
ماسکو اسمال رنگ روڈ:莫斯科小環路
ماسکو اسٹیٹ یونیورسٹی:莫斯科国立大学
ماسکو اوبلاست:莫斯科州
ماسکو بگ رنگ روڈ:莫斯科大環路
ماسکو رنگ روڈ:莫斯科環城公路
ماسکو سٹیٹ یونیورسٹی:莫斯科国立大学
ماسکو:莫斯科
ماسڪو:莫斯科
ماسیرو ضلع:馬塞盧區
ماسیرو:馬塞盧
ماسیف سانترال:法國中央高原
ماسێرو:馬塞盧
ماشات:馬沙特河
ماشونالینڈ مشرقی صوبہ:東馬紹納蘭省
ماشونالینڈ مغربی صوبہ:西馬紹納蘭省
ماشونالینڈ وسطی صوبہ:中馬紹納蘭省
ماصوویه ویووده‌لیغی:馬佐夫舍省
ماصوویه ویووده‌لیغی:马佐夫舍省
ماغادان:馬加丹
ماغادان:马加丹
ماغنے:马恩省
ماغوسه:法马古斯塔
مافیتینگ ضلع:馬費滕區
ماقئن کاؤنٹی:Mǎqìn Xiàn
ماقئن کاؤنٹی:玛沁县
ماقئن کاؤنٹی:瑪沁縣
ماقتاارال اۋدانى:馬克塔阿拉爾區
ماقنیتوقورسک:馬格尼托哥爾斯克
ماقنیتوقورسک:马格尼托哥尔斯克
ماقنیتکا:马格尼特卡
ماقيلانق:马吉冷
ماكابا:馬卡帕
ماكاتي:馬卡蒂
ماكارسكا:馬卡爾斯卡
ماكارسكا:马卡尔斯卡
ماكاو:Àomén-shì
ماكاو:澳門
ماكاو:澳門市
ماكاو:澳门
ماكدونالدز:麦当劳
ماكورازاكي:枕崎市
ماكورازاكي، كاغوشيما:枕崎市
ماكوشينو:馬庫希諾
ماكيفكا:马克耶夫卡
ماكينوهارا، شيزوكا:牧之原市
ماكېدونىيە:Mǎqídùn
ماكېدونىيە:北馬其頓
ماكېدونىيە:北馬其頓共和國
ماكېدونىيە:北马其顿
ماكېدونىيە:北马其顿 / 北馬其頓
مالا ویسکا:小維斯卡
مالابو:馬拉博
مالابو:马拉博
مالابۆ:馬拉博
مالابۆ:马拉博
مالاتیه:马拉蒂亚
مالادزيشنا:莫洛傑奇諾
مالادزیئچنا:莫洛傑奇諾
مالازگیرت:馬拉茲吉爾特
مالازگیرت:马拉兹吉尔特
مالاطیہ:马拉蒂亚
مالان ئەنجۇ مەھەللىسى:马兰安居小区
مالانجے صوبہ:馬蘭哲省
مالانجے صوبہ:马兰热省
مالاندا:馬蘭達
مالاندا:马兰达
مالانق:瑪琅
مالاوى:Mǎlāwéi
مالاوى:馬拉威
مالاوى:馬拉維
مالاوى:马拉维
مالاوى:马拉维 / 馬拉威
مالاوي:Mǎlāwéi
مالاوي:馬拉威
مالاوي:馬拉維
مالاوي:马拉维
مالاوي:马拉维 / 馬拉威
مالاوی:Mǎlāwéi
مالاوی:馬拉威
مالاوی:馬拉維
مالاوی:马拉维
مالاوی:马拉维 / 馬拉威
مالايسىيا:Mǎláixīyà
مالايسىيا:馬來西亞
مالايسىيا:马来西亚
مالاژکنا:莫洛傑奇諾
مالاکنڈ ڈویژن:马拉坎专区
مالاگا:馬拉加
مالاگا:马拉加
مالاۋى:Mǎlāwéi
مالاۋى:馬拉威
مالاۋى:馬拉維
مالاۋى:马拉维
مالاۋى:马拉维 / 馬拉威
مالایا ویشرا:小維舍拉
مالت:Mǎěrtā
مالت:馬爾他
مالت:馬爾他 / 馬耳他
مالت:馬耳他
مالت:马耳他
مالت:马耳他 / 馬爾他 / 馬耳他
مالدا:埃恩格利斯赫巴扎尔
مالدووا:Móěrduōwă
مالدووا:摩尔多瓦
مالدووا:摩尔多瓦 / 摩爾多瓦
مالدووا:摩爾多瓦
مالدیو:Mǎěrdàifū
مالدیو:馬爾代夫
مالدیو:馬爾地夫
مالدیو:马尔代夫
مالدیو:马尔代夫/馬爾地夫
مالدیٖو:Mǎěrdàifū
مالدیٖو:馬爾代夫
مالدیٖو:馬爾地夫
مالدیٖو:马尔代夫
مالدیٖو:马尔代夫/馬爾地夫
مالدیپ کا سفارت خانہ:马尔代夫大使馆
مالدیپ:Mǎěrdàifū
مالدیپ:馬爾代夫
مالدیپ:馬爾地夫
مالدیپ:马尔代夫
مالدیپ:马尔代夫/馬爾地夫
مالدیڤ:Mǎěrdàifū
مالدیڤ:馬爾代夫
مالدیڤ:馬爾地夫
مالدیڤ:马尔代夫
مالدیڤ:马尔代夫/馬爾地夫
مالزی:Mǎláixīyà
مالزی:馬來西亞
مالزی:马来西亚
مالطا:Mǎěrtā
مالطا:馬爾他
مالطا:馬爾他 / 馬耳他
مالطا:馬爾他島
مالطا:馬耳他
مالطا:马尔他岛
مالطا:马耳他
مالطا:马耳他 / 馬爾他 / 馬耳他
مالغوبك:馬爾戈別克
مالقة:馬拉加
مالقة:马拉加
مالقہ:馬拉加
مالقہ:马拉加
مالكرا:馬爾卡拉
مالمو:馬列麥
مالمو:马尔默
مالنڈا۔:馬蘭達
مالنڈا۔:马兰达
مالوآرخانگلسک:小阿爾漢格爾斯克
مالوارخانغلسك:小阿爾漢格爾斯克
مالوري:馬魯裡
مالوري:马鲁里
مالوكو الشمالية:北马鲁古省
مالوكو:马鲁古省
مالوياروسلفتس:小雅羅斯拉韋茨
مالوکو پویلین:马鲁库亭
مالى اوزين:小烏津河
مالى:馬利
مالى:馬里
مالى:马里
مالى:马里 / 馬利
مالي لوسيني:小洛希尼
مالي:馬利
مالي:馬里
مالي:马里
مالي:马里 / 馬利
ماليا فيشرا:小維舍拉
ماليزيا:Mǎláixīyà
ماليزيا:馬來西亞
ماليزيا:马来西亚
مالٹا کا اعزازی قونصل خانہ:马耳他名誉领事馆
مالٹا کا سفارت خانہ:马耳他大使馆
مالٹا:Mǎěrtā
مالٹا:馬爾他
مالٹا:馬爾他 / 馬耳他
مالٹا:馬耳他
مالٹا:马耳他
مالٹا:马耳他 / 馬爾他 / 馬耳他
مالچین:马尔钦苏木
مالڈووا کا اعزازی قونصل خانہ:摩尔多瓦名誉领事馆
مالڈووا کا سفارت خانہ:摩尔多瓦大使馆
مالکارا:馬爾卡拉
مالگوبک:馬爾戈別克
مالی اوزن:小烏津河
مالی لشینی:小洛希尼
مالی لۆشینی:小洛希尼
مالی کا اعزازی قونصل خانہ:马里名誉领事馆
مالی کا سفارت خانہ:马里大使馆
مالی:馬利
مالی:馬里
مالی:马里
مالی:马里 / 馬利
مالیزیا:Mǎláixīyà
مالیزیا:馬來西亞
مالیزیا:马来西亚
مالین:马林
مال‌کارا:馬爾卡拉
مامؤ علاقہ:馬木大區
ماماديش:馬馬德什
مامادیش:馬馬德什
مامباہاؤ:曼巴豪
مامبرة كاديي:曼貝雷-卡代省
مامبره کادئی:曼貝雷-卡代省
مامبیرے-کادئی:曼貝雷-卡代省
مامندورف:马门多夫
ماموجو:马穆朱
مامودزو:马穆楚
مامونوفو:馬莫諾沃
مامەکی:通傑利
مانائوس:马瑙斯
ماناتوتو:馬納圖托
ماناتوتو:馬納圖托區
مانادو:万鸦老
ماناس ناھىيىسى:Mǎnàsī Xiàn
ماناس ناھىيىسى:玛纳斯县
ماناس ناھىيىسى:瑪納斯縣
ماناس:玛纳斯县
ماناس:瑪納斯縣
ماناغوا:馬那瓜
مانافجات:馬納夫加特
مانامہ:麥納瑪
مانامہ:麥納麥
ماناوس:马瑙斯
ماناوگات:馬納夫加特
ماناگوآ:馬那瓜
ماناگوا:馬那瓜
ماناگۇئا:馬那瓜
مانای:科维利内
مانتروفو:曼圖羅沃
مانتوفا:曼圖亞
مانتوفا:曼托瓦
مانتيروفو:曼圖羅沃
مانتېنېګرو:蒙特內哥羅
مانتېنېګرو:黑山
مانتېنېګرو:黑山 / 蒙特內哥羅
مانجور:满洲里市
مانجور:滿洲里市
مانجونق:曼绒县
مانجونگ:曼绒县
مانخان:曼汗苏木
ماندؤل علاقہ:芒杜爾區
مانداخ:曼达赫苏木
ماندالغوفي:曼达勒戈壁
ماندالغوفي:曼達勒戈壁
ماندالے علاقہ:曼德勒省
ماندال‌اوبو:曼达勒敖包苏木
ماندال‌غوبی:曼达勒戈壁
ماندال‌غوبی:曼達勒戈壁
ماندانبۇلاق:茫丁乡
ماندرشايد:曼德沙伊德
ماندریزیو:門德里西奧
ماندشاید، برنکاستل-ویتلیش:曼德沙伊德
ماندول:芒杜爾區
ماندیرا کاؤنٹی:曼德拉郡
مانزینی علاقہ:曼齊尼區
مانسروور ڍنڍ:Măpángyōng Cuò
مانسروور ڍنڍ:玛旁雍错
مانشان:Mǎ'ānshān Shì
مانشان:馬鞍山市
مانشان:马鞍山市
مانشستر الكبرى:大曼徹斯特
مانشستر الكبرى:大曼徹斯特郡
مانشستر:曼彻斯特
مانشستر:曼徹斯特
مانع غزه و اسرائیل:加沙—以色列隔離牆
مانغالايا:曼加利亚
مانغیستاؤ صوبہ:曼吉斯套州
مانغیستاؤ صوبہ:曼節斯套州
مانغیستاو اوستانی:曼吉斯套州
مانغیستاو اوستانی:曼節斯套州
مانلای:曼莱苏木
مانماؤتھ قلعہ:蒙茅斯城堡
مانهاتان بيتش:曼哈顿海滩
مانهايم:曼海姆
مانو:满浓町
مانو:滿濃町
مانوفاہی:馬努法希區
مانوكواري:马诺夸里
مانىسا ۋىلايىتى:马尼萨省
مانىلا:馬尼拉
مانىلا:马尼拉
مانىلا:马尼拉 / 馬尼拉
مانيارا:曼亞拉區
مانيبور:曼尼普尔邦
مانيبور:曼尼普爾邦
مانيتوبا:曼尼托巴
مانيتوبا:曼尼托巴省
مانيتوبا:緬尼吐巴省
مانيسا:马尼萨省
مانيلا:馬尼拉
مانيلا:马尼拉
مانيلا:马尼拉 / 馬尼拉
مانيما:马涅马省
مانٛٹسیراٹ:蒙哲臘
مانٛٹسیراٹ:蒙塞拉特島
مانٛٹسیراٹ:蒙特塞拉特
مانٹریال:蒙特利尔
مانٹریال:蒙特利爾
مانٹسریٹ:蒙哲臘
مانٹسریٹ:蒙塞拉特島
مانٹسریٹ:蒙特塞拉特
مانټېنېګرو:蒙特內哥羅
مانټېنېګرو:黑山
مانټېنېګرو:黑山 / 蒙特內哥羅
مانچسٹر عظمیٰ:大曼徹斯特
مانچسٹر عظمیٰ:大曼徹斯特郡
مانچسٹر:曼彻斯特
مانچسٹر:曼徹斯特
مانچىڭ:​满城村
مانگ یانگ ضلع:芒杨县
مانگ یانگ ضلع:芒楊縣
مانہائیم:曼海姆
مانیارا علاقہ:曼亞拉區
مانیتوبا:曼尼托巴
مانیتوبا:曼尼托巴省
مانیتوبا:緬尼吐巴省
مانیتۆبا:曼尼托巴
مانیتۆبا:曼尼托巴省
مانیتۆبا:緬尼吐巴省
مانیسا:马尼萨省
مانیل:馬尼拉
مانیل:马尼拉
مانیل:马尼拉 / 馬尼拉
مانیلا:馬尼拉
مانیلا:马尼拉
مانیلا:马尼拉 / 馬尼拉
مانیما:马涅马省
مانیٹوبا:曼尼托巴
مانیٹوبا:曼尼托巴省
مانیٹوبا:緬尼吐巴省
مانیپور:曼尼普尔邦
مانیپور:曼尼普爾邦
مانیکا صوبہ:马尼卡省
مانیکالینڈ صوبہ:馬尼卡蘭省
ماهاجانجا:马哈赞加
ماهاجانگا:马哈赞加
ماهاراشترا:馬哈拉施特拉邦
ماهاراشترا:马哈拉施特拉邦
ماورائے قراقرم علاقہ:沙克思干谷地
ماوریتوس:Máolǐqiúsī
ماوریتوس:模里西斯
ماوریتوس:毛厘士
ماوریتوس:毛里求斯
ماوریتوس:毛里求斯 / 模里西斯
ماوریتیوس:Máolǐqiúsī
ماوریتیوس:模里西斯
ماوریتیوس:毛厘士
ماوریتیوس:毛里求斯
ماوریتیوس:毛里求斯 / 模里西斯
ماوزو:Méizhōu shì
ماوزو:梅州
ماوزو:梅州市
ماولاميين:毛淡棉
ماولاميين:毛淡棉镇区
ماولامیئن:毛淡棉
ماولامیئن:毛淡棉镇区
ماولامیاین:毛淡棉
ماولامیاین:毛淡棉镇区
ماومنگ:Mauming-si
ماومنگ:màomíng shì
ماومنگ:茂名市
ماومينغ:Mauming-si
ماومينغ:màomíng shì
ماومينغ:茂名市
ماومینگ:Mauming-si
ماومینگ:màomíng shì
ماومینگ:茂名市
ماويليكرا:马韦利克卡拉
ماوژوا:Méizhōu shì
ماوژوا:梅州
ماوژوا:梅州市
ماویلی کرا:马韦利克卡拉
ماي مۇحيتى:​马依海村
ماياسكي:邁斯基
ماياك:马雅克生产联合体
مايامى:迈阿密
مايامى:邁亞美
مايامى:邁阿密
مايتاس:玛依塔斯村
مايتاغ رايونى:Dúshānzǐ Qū
مايتاغ رايونى:独山子区
مايتاغ رايونى:獨山子區
مايتشي:梅季希
مايدان:买代尼村
مايدوغوري:迈杜古里
مايزورو، كيوتو:舞鶴市
مايساحۋ:​玛依沙斛村
مايسن:迈森
مايقاباق:​玛依哈巴克村
مايقولتىق:玛依阔勒特克村
مايكرونيزيا:密克罗尼西亚
مايكرونيزيا:密克罗尼西亚 / 密克羅尼西亞
مايكرونيزيا:密克羅尼西亞
مايكل كوروس:邁可·寇斯
مايكو، إيواته:宮古市
مايكوب:迈科普
مايكوب:邁科普
مايلاگىن:玛依拉根村
مايلىاعىن:玛依拉根村
ماين-ولوار:曼恩-卢瓦尔省
ماينا، ياماغوتشي:美祢市
ماينتس:美因茨
ماينتس:美茵茨
مايه-باشي:前桥市
مايه-باشي:前橋市
مايو كيبي الشرقي:東凱比河區
مايو كيبي الغربية:西凱比河區
مايو:馬約島縣
مايوت:馬約特
مايوت:马约特
مايوت:马约特 / 馬約特
مايکوپ:迈科普
مايکوپ:邁科普
ماپوتو صوبہ:马普托省
ماپوتو:馬普托
ماپوتۆ:馬普托
ماپومالانگا:姆普马兰加省
ماپومالانگا:普馬蘭加
ماپوٹو:馬普托
ماچانباو ٹاؤنشپ:玛仓堡镇区
ماچانباو:玛仓堡
ماچاکوس کاؤنٹی:馬查科斯郡
ماچاڭ:马场村
ماچقه:馬奇卡
ماچکا:馬奇卡
ماچیدا، توکیو:町田市
ماچینگ:Máchéng Shì
ماچینگ:麻城
ماچینگ:麻城市
ماژئیکئی:马热伊基艾
ماژندران:馬贊德蘭省
ماژندران:马赞德兰省
ماژیکیای:马热伊基艾
ماکائو:Àomén-shì
ماکائو:澳門
ماکائو:澳門市
ماکائو:澳门
ماکاتی:馬卡蒂
ماکارسکا:馬卡爾斯卡
ماکارسکا:马卡尔斯卡
ماکاپا:馬卡帕
ماکوشینو:馬庫希諾
ماکوف مازوویتسکی:馬佐夫舍地區馬庫夫
ماکوینی کاؤنٹی:馬瓜尼郡
ماکیئیفکا:馬基伊夫卡
ماکیئیفکا:马克耶夫卡
ماکیت:麥蓋提縣
ماکیت:麦盖提县
ماکیف:马克耶夫火箭设计局
ماکینسک:马金斯克
ماګادان:馬加丹
ماګادان:马加丹
ماڭشىن يېزىسى:芒辛鎮
ماڭشىن يېزىسى:芒辛镇
ماڭغىستاۋ ئوبلاستى:曼吉斯套州
ماڭغىستاۋ ئوبلاستى:曼節斯套州
ماڭلاي يىزىسى:芒来乡
ماڭگۇنۇر:曼古奴尔村
ماگادان:馬加丹
ماگادان:马加丹
ماگایانس و لا انتارتیکا چلی علاقہ:麥哲倫—智利南極大區
ماگایانس و لا انتارتیکا چلی علاقہ:麦哲伦—智利南极大区
ماگدبورگ:馬德堡
ماگدبورگ:马格德堡
ماگنیتوگورسک:馬格尼托哥爾斯克
ماگنیتوگورسک:马格尼托哥尔斯克
ماگنیٹوگورس:馬格尼托哥爾斯克
ماگنیٹوگورس:马格尼托哥尔斯克
ماڵۆرکا:馬略卡島
ماہاجانگا:马哈赞加
ماۆرىيتانىييا:Máolǐtǎníyà
ماۆرىيتانىييا:毛里塔尼亚
ماۆرىيتانىييا:毛里塔尼亚 / 茅利塔尼亞
ماۆرىيتانىييا:毛里塔尼亞
ماۆرىيتانىييا:茅利塔尼亞
ماۋرىتانىيە:Máolǐtǎníyà
ماۋرىتانىيە:毛里塔尼亚
ماۋرىتانىيە:毛里塔尼亚 / 茅利塔尼亞
ماۋرىتانىيە:毛里塔尼亞
ماۋرىتانىيە:茅利塔尼亞
ماۋرىتىئۇس:Máolǐqiúsī
ماۋرىتىئۇس:模里西斯
ماۋرىتىئۇس:毛厘士
ماۋرىتىئۇس:毛里求斯
ماۋرىتىئۇس:毛里求斯 / 模里西斯
ماۋزىدوڭ ھەيكىلى:毛主席雕像
مایانگ میاو خود مختار کاؤنٹی:máyáng miáozú zìzhì xiàn
مایانگ میاو خود مختار کاؤنٹی:麻阳县
مایانگ میاو خود مختار کاؤنٹی:麻阳苗族自治县
مایانگ میاو خود مختار کاؤنٹی:麻陽
مایانگ میاو خود مختار کاؤنٹی:麻陽縣
مایانگ میاو خود مختار کاؤنٹی:麻陽苗族自治縣
مایتاغ:独山子区
مایتاغ:獨山子區
مایزاخ:迈萨
مایسن:迈森
مایسکیی:邁斯基
مایشان:Méishān Shì
مایشان:眉山市
مایما:迈马
ماینتس:美因茨
ماینتس:美茵茨
ماینلنگ کاؤنٹی:Mǐlín Shì
ماینلنگ کاؤنٹی:米林市
ماینلینگ:Mǐlín Shì
ماینلینگ:米林市
ماینڅ:美因茨
ماینڅ:美茵茨
مایو کیبی شرقی:東凱比河區
مایو-کیبی مشرقی علاقہ:東凱比河區
مایو-کیبی مغربی علاقہ:西凱比河區
مایوت:馬約特
مایوت:马约特
مایوت:马约特 / 馬約特
مایوتھٹ ٹاؤنشپ:謬迪鎮區
مایوتھٹ:謬迪
مایورکا:馬略卡島
مایورکا:马略卡岛
مایومبا:馬永巴
مایوٹ:馬約特
مایوٹ:马约特
مایوٹ:马约特 / 馬約特
مایکل کورس (طراح مد):邁可·寇斯
مایکوپ:迈科普
مایکوپ:邁科普
مای‌ذام:梅淫市鎮
مای‌ذام:梅淫市镇
مبابان:姆巴巴內
مبابانه:姆巴巴內
مبابانێ:姆巴巴內
مبابنے:姆巴巴內
مبابین:姆巴巴內
مبادله ترمینال مجتمع Parañaque:Parañaque集成终端交换
مبارك:穆博拉克
مبارک:穆博拉克
مبنى إيطاليا:意大利大厦
مبنى البلدية وتمثال رولان في ساحة سوق بريمن:不来梅市市场的市政厅和罗兰城
مبنى الرايشتاغ:德国国会大厦
مبنى غوانزو الدولي:广东国际大厦
مبنى مطار اسطنبول:伊斯坦布尔机场航站楼
مبوجي-مايي:姆布吉马伊
مبوجی-مایی:姆布吉马伊
مبومؤ:姆博穆省
مبومالانجا:姆普马兰加省
مبومالانجا:普馬蘭加
مبیا علاقہ:姆貝亞區
مبیا:姆貝亞區
مبینی:馬比尼
مبینی:马比尼
متاحف الفاتيكان:梵蒂冈博物馆
متاحف موسكو الكرملين:莫斯科克里姆林宫博物馆
متاحف موسكو الكرملين:莫斯科克里姆林宮博物館
متجر الأجهزة:五金店
متجر سفيتلانا:斯韦特兰娜的商店
متحده ایالات آمریکا:Měiguó
متحده ایالات آمریکا:美国
متحده ایالات آمریکا:美國
متحده عربی امارات:Ālābó Liánhé Qiúchángguó
متحده عربی امارات:阿拉伯联合酋长国
متحده عربی امارات:阿拉伯联合酋长国 / 阿拉伯聯合大公國
متحده عربی امارات:阿拉伯聯合大公國
متحده عربی امارات:阿拉伯聯合酋長國
متحدہ عرب امارات کا سفارت خانہ:阿联酋大使馆
متحدہ عرب امارات کے قونصلیٹ جنرل:阿拉伯联合酋长国总领事馆
متحدہ عرب امارات:Ālābó Liánhé Qiúchángguó
متحدہ عرب امارات:阿拉伯联合酋长国
متحدہ عرب امارات:阿拉伯联合酋长国 / 阿拉伯聯合大公國
متحدہ عرب امارات:阿拉伯聯合大公國
متحدہ عرب امارات:阿拉伯聯合酋長國
متحف الآثار التركية والإسلامية:1-12艺术博物馆
متحف التاريخ الطبيعى:自然史博物館
متحف التاريخ الطبيعى:自然史博物馆
متحف التاريخ الطبيعي:自然历史博物馆
متحف التاريخ الطبيعي:自然史博物館
متحف التاريخ الطبيعي:自然史博物馆
متحف الموزاييك:马赛克博物馆
متحف الوطنى:国家博物馆
متحف برانلي:布朗利河岸博物馆
متحف بيرا:佩拉博物馆
متحف بيوك ساراي ميوزاييك:大皇宫镶嵌画博物馆
متحف تبليسي الإثنوغرافي في الهواء الطلق:第比利斯露天民族志博物馆
متحف تبليسي الإثنوغرافي في الهواء الطلق:第比利斯露天民族誌博物館
متحف جامعة أكسفورد للتاريخ الطبيعي:牛津大學自然史博物館
متحف جمال عبد الناصر:加迈勒·阿卜杜勒·纳赛尔博物馆
متحف دبي:迪拜博物馆
متحف ريفرسايد:河濱博物館
متحف سالارجونج:撒拉戎博物馆
متحف طرابزون:特拉布宗博物馆
متحف ليتوانيا الوطنى:立陶宛國家博物館
متحف ليتوانيا الوطني:立陶宛國家博物館
متحف نفق الحياة:萨拉热窝战争隧道博物馆
متحف_العمارة_و_التراث_(فرنسا):法国建筑历史博物馆
متز-1:梅斯-1
متز-2:梅斯-2
متز-3:梅斯-3
متز:梅斯
متسامور:梅察莫尔
متسختا-متیانتی:姆茨赫塔-姆季阿涅季州
متسختا:姆茨赫塔
متسخيتا-متيانيتي:姆茨赫塔-姆季阿涅季州
متشیتا-متیانطی:姆茨赫塔-姆季阿涅季州
متمان:梅特曼
متنزه أودايبا الشاطئي:御台場海濱公園
متنزه فونك نها - كه بانغ القومي:峰牙－己榜國家公園
متنزه ميرليون:鱼尾狮公园
متنزه هيمس الوطني:荷米斯国家公园
متوارا علاقہ:姆特瓦拉區
متوارا علاقہ:姆特華拉區
متکویچ:梅特科維奇
متکویچ:梅特科维奇
مثلث إليمى:埃莱米三角
مثلث حلايب:哈拉伊卜三角区
مثلث حلایب:哈拉伊卜三角区
مثنی اوستانی:穆薩拿省
مثنی اوستانی:穆薩納省
مجارستان:Xiōngyálì
مجارستان:匈牙利
مجارستون:Xiōngyálì
مجارستون:匈牙利
مجسمہ آزادی:自由女神像
مجسمہ اتحاد:团结雕像
مجلس اروپا:欧洲议会
مجلس اروپا:歐洲議會
مجلس الاتحاد الأوروبي:欧洲联盟理事会
مجلس الاتحاد الأوروبي:歐盟理事會
مجلس النواب البولندي:波兰共和国众议院
مجلس النواب البولندي:波蘭共和國眾議院
مجلس سنای مجلس عالی جمهوری ازبکستان:乌兹别克斯坦共和国议会参议院
مجلس شيوخ بيرو:国会 (秘鲁)
مجمع ابن بطوطا:伊本白图泰购物中心
مجمعه:邁季邁阿
مجمعہ:邁季邁阿
مجمع‌الجزایر سیلی:錫利群島
مجمع‌الجزایر سیلی:锡利群岛
مجموعة أسقفيّة لبازيليك السيدة العذارء في وسط بوريك التاريخي:波雷奇历史中心的尤弗拉西苏斯大教堂建筑群
مجموعة دار نشر-محترف-متحف بلانتان موريتوس:帕拉丁莫瑞图斯工场－博物馆建筑群
مجموعة كنائس ماراموريس:馬拉穆列什的木教堂群
مجموعة مقابر الكوغوريو:高句丽古墓群
مجموعة من المعالم الأثرية في هامبي:亨比古迹群
مجموعه اهرام جیزه:吉萨的墓地
مجمَّع الحصن الأحمر، دلهي:德里红堡群
مجنيتاجورسك:馬格尼托哥爾斯克
مجنيتاجورسك:马格尼托哥尔斯克
مجینی مغربی علاقہ:桑給巴爾西區
محافظة آداماوا:阿达马瓦区
محافظة آرماوير:亞馬維爾省
محافظة آرماوير:亞馬維省
محافظة آوموري:青森县
محافظة آوموري:青森縣
محافظة أبين:阿比扬省
محافظة أتابيو:阿速坡省
محافظة أربيل:埃尔比勒省
محافظة أربيل:艾比爾省
محافظة أرخانغاي:Xīnbā'ěrhǔ Yòu Qí
محافظة أرخانغاي:后杭爱省
محافظة أرخانغاي:後杭愛
محافظة أرخانغاي:後杭愛省
محافظة أرخبيل سقطرى:索科特拉省
محافظة أردبيل:阿爾達比勒省
محافظة أصفهان:伊斯法罕省
محافظة ألبرز:厄尔布尔士省
محافظة ألبرز:厄爾布爾士省
محافظة أمنات تشاروين:安納乍倫府
محافظة أمنات تشاروين:安納乍能府
محافظة أنغ ثونغ:紅統府
محافظة أواكا:瓦卡省
محافظة أوبولي:奥波莱省
محافظة أوبولي:奧波萊省
محافظة أوبون راتشاثاني:乌汶府
محافظة أوبون راتشاثاني:烏汶府
محافظة أوتاراديت:程逸府
محافظة أودومكساي:乌多姆塞省
محافظة أورخون:Xīnbā'ěrhǔ Yòu Qí
محافظة أورخون:鄂尔浑省
محافظة أورخون:鄂爾渾
محافظة أورخون:鄂爾渾省
محافظة أوفس:乌布苏省
محافظة أوفس:烏布蘇
محافظة أوفس:烏布蘇省
محافظة أوفوخاناجي:前杭愛
محافظة أوفوخاناجي:前杭愛省
محافظة أوفوخاناجي:前杭爱省
محافظة أومنوغوفي:南戈壁
محافظة أومنوغوفي:南戈壁省
محافظة أوهام-بيندي:瓦姆-彭代省
محافظة إب:伊卜省
محافظة إدلب:伊德利卜
محافظة إدلب:伊德利卜省
محافظة إنهامبان:伊尼扬巴内省
محافظة اب:伊卜省
محافظة ادلب:伊德利卜
محافظة ادلب:伊德利卜省
محافظة اسكندريه:亞歷山大省
محافظة اسكونه:斯科讷省
محافظة اسوان:阿斯旺省
محافظة اسيوط:艾斯尤特省
محافظة الأحمدي:艾哈迈迪省
محافظة الأنبار:安巴尔省
محافظة الأنبار:安巴省
محافظة الاسماعيليه:伊斯梅利亚省
محافظة الاقصر:樂蜀省
محافظة البحر الأحمر:红海省 (埃及)
محافظة البحيره:布海拉省
محافظة البريمي:布賴米省
محافظة البصرة:巴士拉省
محافظة البقاع:貝卡省
محافظة البيضاء:贝达省
محافظة الجنوب:南黎巴嫩省
محافظة الجهراء:傑赫拉省
محافظة الجوف:焦夫省 (也門)
محافظة الحديدة:荷台达省
محافظة الحسكة:哈塞克
محافظة الحسكة:哈塞克省
محافظة الدقهليه:代蓋赫利耶省
محافظة الرقة:拉卡
محافظة الرقة:拉卡省
محافظة السليمانية:苏莱曼尼亚省
محافظة السويداء:苏韦达省
محافظة السويداء:蘇韋達
محافظة السويس:蘇伊士省
محافظة الشرقيه:東部省 (埃及)
محافظة الشمال:北黎巴嫩省
محافظة الضالع:达利阿省
محافظة الظاهرة:扎希拉省
محافظة العاصمة:首都省
محافظة الغربيه:西部省 (埃及)
محافظة الفروانية:費爾瓦尼耶省
محافظة القادسية:卡迪西亚省
محافظة القادسية:卡迪西亞省
محافظة القاهره:开罗
محافظة القاهره:開羅
محافظة القليوبيه:蓋盧比尤省
محافظة القنيطرة:古奈特拉
محافظة القنيطرة:库奈特拉省
محافظة القنيطره:古奈特拉
محافظة القنيطره:库奈特拉省
محافظة اللاذقية:拉塔基亚省
محافظة اللاذقية:拉塔基亞
محافظة اللاذقيه:拉塔基亚省
محافظة اللاذقيه:拉塔基亞
محافظة المثنى:穆薩拿省
محافظة المثنى:穆薩納省
محافظة المحرق:穆哈拉格省
محافظة المحويت:迈赫维特省
محافظة المرقب:迈尔盖卜省
محافظة المنوفيه:米努夫省
محافظة المنيا:明亞省
محافظة المهرة:迈赫拉省
محافظة النبطية:納巴泰省
محافظة النجف:拿謝夫省
محافظة النجف:納傑夫省
محافظة الوادى الجديد:新河谷省
محافظة الوسطى:中部省 (阿曼)
محافظة اوربرو:厄勒布鲁省
محافظة با ريا فنغ تاو:巴地头顿省
محافظة با ريا فنغ تاو:巴地頭頓省
محافظة بابل:巴比倫省
محافظة باثوم ثاني:巴吞他尼府
محافظة باثوم ثاني:巴春他尼府
محافظة باس-كوتو:下科托省
محافظة باك زانغ:北江省
محافظة باك كان:北件省
محافظة باك كان:北𣴓省
محافظة باك ليو:薄寮省
محافظة باك ننه:北宁省
محافظة باك ننه:北寧省
محافظة بامينغوي بانغوران:巴明吉-班戈兰省
محافظة بايان-أولجي:巴彥烏列蓋
محافظة بايان-أولجي:巴彥烏列蓋省
محافظة بايان-أولجي:巴彦乌列盖省
محافظة بايانخونغور:Xīnbā'ěrhǔ Yòu Qí
محافظة بايانخونغور:巴彥洪戈爾盟
محافظة بايانخونغور:巴彥洪戈爾省
محافظة بايانخونغور:巴彦洪戈尔省
محافظة براتشواب خيري خان:巴蜀府
محافظة براتشواب خيري خان:班武里府
محافظة براتشينبوري:佛丕府
محافظة براشينبوري:巴真府
محافظة بعلبك الهرمل:巴勒貝克-希爾米勒省
محافظة بغداد:巴格达省
محافظة بغداد:巴格達省
محافظة بن تشي:槟椥省
محافظة بن تشي:檳椥省
محافظة بنه دنه:平定省
محافظة بنه ديونغ:平阳省
محافظة بنه ديونغ:平陽省
محافظة بنه فوك:平福省
محافظة بنى سويف:贝尼苏韦夫省
محافظة بودكارباتسكي:喀尔巴阡山省
محافظة بودكارباتسكي:喀爾巴阡山省
محافظة بودلاسكي:波德拉謝省
محافظة بودلاسكي:波德拉谢省
محافظة بورسعيد:塞得港省
محافظة بوريرام:武里南府
محافظة بوريرام:武里喃府
محافظة بوشهر:布什爾省
محافظة بوشهر:布舍爾省
محافظة بوكيت:布吉府
محافظة بوكيت:普吉府
محافظة بوكيو:博胶省
محافظة بولغان:Xīnbā'ěrhǔ Yòu Qí
محافظة بولغان:布尔干省
محافظة بولغان:布爾干盟
محافظة بولغان:布爾干省
محافظة بولندا الصغرى:小波兰省
محافظة بولندا الصغرى:小波蘭省
محافظة بولندا الكبرى:大波兰省
محافظة بولندا الكبرى:大波蘭省
محافظة بوليخاماسي:博利坎赛省
محافظة بوميرانيا:波美拉尼亚省
محافظة بوميرانيا:波美拉尼亞省
محافظة بوميرانيا:滨海省
محافظة بوميرانيا:濱海省
محافظة بيروت:贝鲁特省
محافظة بيشة:比沙堡
محافظة بيوكو نورت:北比奥科省
محافظة تاك:來興府
محافظة تاك:達府
محافظة تاووش:塔武什省
محافظة تاووش:塔武殊省
محافظة تاي ننه:西宁省
محافظة تاي ننه:西寧省
محافظة ترات:桐艾府
محافظة ترات:達叻府
محافظة ترانغ:董里府
محافظة تشا فينه:茶榮省
محافظة تشا فينه:茶荣省
محافظة تشامباساك:占巴塞省
محافظة تشانثابوري:尖竹汶府
محافظة تشانثابوري:莊他武里府
محافظة تشايافوم:猜也蓬府
محافظة تشايافوم:猜也賁府
محافظة تشاينات:猜納府
محافظة تشهارمحال وبختياري:恰哈馬哈勒－巴赫蒂亞里省
محافظة تشهارمحال وبختياري:恰哈马哈勒－巴赫蒂亚里省
محافظة تشومفون:春蓬府
محافظة تشونبوري:春武里府
محافظة تشيانغ مي:清迈府
محافظة تشيانغ مي:清邁府
محافظة تشيركاسي:切爾卡瑟州
محافظة تعز:塔伊兹省
محافظة تهاي بنه:太平省
محافظة تهاي غوين:太原省
محافظة توف:中央盟
محافظة توف:中央省
محافظة تيتي:太特省
محافظة تييرا ديل فويغو:火地岛省
محافظة جبل لبنان:黎巴嫩山省
محافظة جرش:傑拉什省
محافظة جنوب الشرقية:東南省
محافظة جوفيسومبر:Xīnbā'ěrhǔ Yòu Qí
محافظة جوفيسومبر:戈壁苏木贝尔省
محافظة جوفيسومبر:戈壁蘇木貝爾
محافظة جوفيسومبر:戈壁蘇木貝爾省
محافظة حجة:哈杰省
محافظة حضرموت:哈德拉毛省
محافظة حلب:阿勒頗
محافظة حلب:阿勒颇省
محافظة حلبجة:哈勒渣省
محافظة حلبجة:哈拉卜贾省
محافظة حماة:哈馬
محافظة حماة:哈馬省
محافظة حماة:哈马省
محافظة حماة:哈马省 / 哈馬省
محافظة حماه:哈馬
محافظة حماه:哈馬省
محافظة حماه:哈马省
محافظة حماه:哈马省 / 哈馬省
محافظة حمص:荷姆斯
محافظة حمص:霍姆斯省
محافظة حولي:哈瓦利省
محافظة خامواني:甘蒙省
محافظة خراسان الجنوبية:南呼罗珊省
محافظة خراسان الجنوبية:南呼羅珊省
محافظة خراسان الشمالية:北呼罗珊省
محافظة خراسان الشمالية:北呼羅珊省
محافظة خراسان رضوي:礼萨呼罗珊省
محافظة خراسان رضوي:禮薩呼羅珊省
محافظة خنتي:Xīnbā'ěrhǔ Yòu Qí
محافظة خنتي:肯特
محافظة خنتي:肯特省
محافظة خوزستان:古澤斯坦省
محافظة خوزستان:胡齐斯坦省
محافظة خوفسغول:库苏古尔省
محافظة خوفسغول:庫蘇古爾省
محافظة خون كاين:坤敬府
محافظة خون كاين:孔敬府
محافظة داك لاك:多乐省
محافظة داك لاك:多樂省
محافظة داك نونغ:得农省
محافظة داك نونغ:得農省
محافظة دانبا:Dānbā Xiàn
محافظة دانبا:丹巴县
محافظة دانبا:丹巴縣
محافظة درخان-وول:Xīnbā'ěrhǔ Yòu Qí
محافظة درخان-وول:达尔汗乌拉省
محافظة درخان-وول:達爾汗烏拉
محافظة درخان-وول:達爾汗烏拉省
محافظة درعا:德拉
محافظة درعا:德拉省
محافظة دمشق:大馬士革省
محافظة دمشق:大马士革省
محافظة دمشق:大马士革省 / 大馬士革省
محافظة دهوك:杜胡克省
محافظة دهوك:杜酷省
محافظة دورنوغوفي:Xīnbā'ěrhǔ Yòu Qí
محافظة دورنوغوفي:东戈壁省
محافظة دورنوغوفي:東戈壁
محافظة دورنوغوفي:東戈壁省
محافظة دون تاب:同塔省
محافظة دوندغوفي:Xīnbā'ěrhǔ Yòu Qí
محافظة دوندغوفي:中戈壁
محافظة دوندغوفي:中戈壁省
محافظة ديالى:地亞拿省
محافظة ديالى:迪亚拉省
محافظة دير الزور:代尔祖尔省
محافظة دير الزور:代爾祖爾
محافظة دين بين:奠边省
محافظة دين بين:奠邊省
محافظة ذمار:扎马尔省
محافظة ذي قار:地加省
محافظة ذي قار:济加尔省
محافظة راتشابوري:叻丕府
محافظة رانونغ:拉廊府
محافظة رايونغ:羅勇府
محافظة رفح:拉法省
محافظة روي إت:橫逸府
محافظة روي إت:黎逸府
محافظة ريف دمشق:大馬士革
محافظة ريف دمشق:大马士革农村省
محافظة ريمة:赖马省
محافظة زا لاي:嘉莱省
محافظة زا لاي:嘉萊省
محافظة زافخان:扎布汗
محافظة زافخان:扎布汗省
محافظة زامبيزيا:赞比西亚省
محافظة زنجان:贊詹省
محافظة زنجان:赞詹省
محافظة زيانغهوانغ:川圹省
محافظة سا كايو:沙繳府
محافظة ساتون:沙敦府
محافظة سارابوري:北標府
محافظة سارابوري:沙拉武里府
محافظة سافاناكيت:沙湾拿吉省
محافظة ساكون ناخون:沙功那空府
محافظة ساكون ناخون:色軍府
محافظة ساموت براكان:北榄府
محافظة ساموت براكان:北欖府
محافظة ساموت ساخون:沙沒沙空府
محافظة ساموت ساخون:龍仔厝府
محافظة ساموت سونغخرام:夜功府
محافظة ساموت سونغخرام:沙沒頌堪府
محافظة سانتا كروز:圣克鲁斯省
محافظة سانغا مبايري الاقتصادية:桑加-姆巴埃雷省
محافظة سايذيبولي:沙耶武里省
محافظة ستوكهولم:斯德哥尔摩省
محافظة ستوكهولم:斯德哥爾摩省
محافظة سفالة:索法拉省
محافظة سنغ بوري:信武里府
محافظة سوبكارباتيا:喀尔巴阡山省
محافظة سوبكارباتيا:喀爾巴阡山省
محافظة سوخباتار:苏赫巴托尔省
محافظة سوخباتار:蘇赫巴托爾省
محافظة سودرمانلاند:南曼兰省
محافظة سورات ثاني:素叻他尼府
محافظة سورات ثاني:素叻府
محافظة سورين:素林府
محافظة سورين:素輦府
محافظة سوفانبوري:素攀府
محافظة سوفانبوري:素攀武里府
محافظة سوك تشانغ:朔庄省
محافظة سوك تشانغ:朔莊省
محافظة سوكوتاي:素可泰府
محافظة سونغكلا:宋卡府
محافظة سوهاج:索哈傑省
محافظة سي سا كت:四色菊府
محافظة سيستان و بلوشستان:錫斯坦－俾路支斯坦省
محافظة سيستان و بلوشستان:锡斯坦和俾路支斯坦省
محافظة سيكونغ:塞公省
محافظة سيلزيا السفلى:下西里西亚省
محافظة سيلزيا السفلى:下西里西亞省
محافظة سيلنج:色楞格
محافظة سيلنج:色楞格省
محافظة سيليزيا:西里西亚省
محافظة سيليزيا:西里西亞省
محافظة شاشوينجساو:北柳府
محافظة شاشوينجساو:差春騷府
محافظة شبوة:舍卜沃省
محافظة شرق ماشونالاند:東馬紹納蘭省
محافظة شفينتوكشيسكي:圣十字省
محافظة شفينتوكشيسكي:聖十字省
محافظة شمال الشرقية:東北省
محافظة شمال سينا:北西奈省
محافظة شمال ماتابيليلاند:北马塔贝莱兰省
محافظة شنبيونغ:新坪郡
محافظة شيراك:希拉克省
محافظة شيراك:斯拉克省
محافظة صعدة:萨达省
محافظة صلاح الدين:萨拉赫丁省
محافظة صلاح الدين:薩拉甸省
محافظة صنعاء:薩那省
محافظة طرابزون قصر العدل:特拉布宗省司法宫
محافظة طرطوس:他圖斯
محافظة طرطوس:塔尔图斯省
محافظة طهران:德黑兰
محافظة عدن:亚丁省
محافظة عكار:阿卡省
محافظة عمران:阿姆蘭省
محافظة عيلام:伊拉姆省
محافظة غرب بوميرانيا:吉野家
محافظة غرب بوميرانيا:西波美拉尼亚省
محافظة غرب بوميرانيا:西波美拉尼亞省
محافظة غلستان:戈勒斯坦省
محافظة غوفي-ألتاي:Xīnbā'ěrhǔ Yòu Qí
محافظة غوفي-ألتاي:戈壁阿勒泰
محافظة غوفي-ألتاي:戈壁阿尔泰省
محافظة غوفي-ألتاي:戈壁阿爾泰省
محافظة غیلان:吉兰省
محافظة غیلان:基蘭省
محافظة فاتالونغ:博他侖府
محافظة فارس:法尔斯省
محافظة فارس:法爾斯省
محافظة فارميا-مازوريا:瓦尔米亚-马祖里省
محافظة فارميا-مازوريا:瓦爾米亞-馬祖里省
محافظة فارمينسكو-مازورسكي:瓦尔米亚-马祖里省
محافظة فارمينسكو-مازورسكي:瓦爾米亞-馬祖里省
محافظة فانغ نغا:攀牙府
محافظة فاياو:帕堯府
محافظة فاياو:拍天府
محافظة فرا ناخون سي أيوتثايا:大城府
محافظة فراي:帕府
محافظة فو أين:富安省
محافظة فوكوكا:Fúgāng Xiàn
محافظة فوكوكا:福冈县
محافظة فوكوكا:福岡縣
محافظة فونغ سالي:丰沙里省
محافظة فيتسانولوك:彭世洛府
محافظة فيتشابون:碧差汶府
محافظة فيتشيت:披集府
محافظة فين لونغ:永隆省
محافظة فيينتيان:万象省
محافظة قم:古姆省
محافظة قم:库姆省
محافظة قنا:基納省
محافظة كا ماو:金瓯省
محافظة كا ماو:金甌省
محافظة كابو ديلغادو:卡布德加多省
محافظة كابو ديلغادو:德尔加杜角省
محافظة كالاسين:加拉信府
محافظة كان هوا:庆和省
محافظة كان هوا:慶和省
محافظة كانتشانابوري:北碧府
محافظة كاو بانغ:高平省
محافظة كرابي:甲米府
محافظة كربلاء:卡巴拉省
محافظة كربلاء:卡爾巴拉省
محافظة كردستان:库尔德斯坦省
محافظة كردستان:庫爾德斯坦省
محافظة كركوك:基卻省
محافظة كركوك:基尔库克省
محافظة كرمان:克尔曼省
محافظة كرمان:克爾曼省
محافظة كرمانشاه:克尔曼沙汗省
محافظة كرمانشاه:克爾曼沙赫省
محافظة كرونوبري:克鲁努贝里省
محافظة كفر الشيخ:謝赫村省
محافظة كهكيلويه وبوير أحمد:科吉盧耶－博韋艾哈邁德省
محافظة كوانغ بنه:广平省
محافظة كوانغ بنه:廣平省
محافظة كوانغ تشي:广治省
محافظة كوانغ تشي:廣治省
محافظة كوكسان:谷山郡
محافظة كويافيا-بوميرانيا:库亚维—波美拉尼亚省
محافظة كويافيا-بوميرانيا:庫亞維—波美拉尼亞省
محافظة كيمو:凱莫省
محافظة لا تشاو:莱州省
محافظة لا تشاو:萊州省
محافظة لام دونغ:林同省
محافظة لامفون:南奔府
محافظة لانغ سون:諒山省
محافظة لانغ سون:谅山省
محافظة لاو كاي:老街省
محافظة لحج:拉赫季省
محافظة لوانغ برابانغ:琅勃拉邦省
محافظة لوانغ برابانغ:龍帕邦省
محافظة لوانغ نامثا:琅南塔省
محافظة لوبوري:華富里府
محافظة لوبوسكي:卢布斯卡省
محافظة لوبوسكي:盧布斯卡省
محافظة لوبيلسكي:卢布林省
محافظة لوبيلسكي:盧布林省
محافظة لوري:洛里省
محافظة لوري:羅里省
محافظة لويي:黎府
محافظة مأرب:马里卜省
محافظة مازندران:馬贊德蘭省
محافظة مازندران:马赞德兰省
محافظة مازوفيا:馬佐夫舍省
محافظة مازوفيا:马佐夫舍省
محافظة ماشونالاند الغربية:西馬紹納蘭省
محافظة مانيكا:马尼卡省
محافظة مانيكالاند:馬尼卡蘭省
محافظة ماها ساراخام:嗎哈沙拉堪府
محافظة ماها ساراخام:馬哈沙拉堪府
محافظة ماي هونغ سون:夜丰颂府
محافظة ماي هونغ سون:夜豐頌府
محافظة ماي هونغ سون:湄宏順府
محافظة مبارك الكبير:大穆巴拉克省
محافظة مبومو:姆博穆省
محافظة مركزي:中央省 (伊朗)
محافظة مسقط:馬斯喀特省
محافظة مسندم:穆桑代姆省
محافظة مطروح:馬特魯省
محافظة موتشينغا:穆欽加省
محافظة موسكو:莫斯科州
محافظة موكداهان:穆達漢府
محافظة موكداهان:莫拉限府
محافظة ميدلاندز:中部省
محافظة ميسان:米桑省
محافظة ميسان:美山省
محافظة ناخون باتوم:佛統府
محافظة ناخون راتشاسيما:呵叻府
محافظة ناخون ساوان:北攬坡府
محافظة ناخون ساوان:那空沙旺府
محافظة ناخون سي تاممارات:洛坤府
محافظة ناخون فانوم:那空拍儂府
محافظة ناخون نايوك:坤西育府
محافظة ناخون نايوك:那空那育府
محافظة ناراتيوات:陶公府
محافظة نام دنه:南定省
محافظة نامبولا:楠普拉省
محافظة نان:楠府
محافظة نان:難府
محافظة نانا مامبيري:納納-曼貝雷省
محافظة ننه توان:宁顺省
محافظة ننه توان:寧順省
محافظة نونثابوري:暖武里府
محافظة نونغ خاي:廊开府
محافظة نونغ خاي:廊開府
محافظة ني أن:乂安省
محافظة نياسا:尼亚萨省
محافظة نياسا:尼亞薩省
محافظة نينوى:尼尼微省
محافظة نینوى:尼尼微省
محافظة ها تنه:河静省
محافظة ها تنه:河靜省
محافظة ها نام:河南省
محافظة هاللاند:哈兰省
محافظة هاي ديونغ:海阳省
محافظة هاي ديونغ:海陽省
محافظة هرمزغان:霍尔木兹甘省
محافظة هرمزغان:霍爾木茲甘省
محافظة همدان:哈馬丹省
محافظة همدان:哈马丹省
محافظة هو زانغ:后江省
محافظة هو زانغ:後江省
محافظة هوا بنه:和平省
محافظة هوا فان:华潘省
محافظة هوت مبومو:上姆博穆省
محافظة هوت-كوتو:上科托省
محافظة هوكايدو:Běihǎi Dào
محافظة هوكايدو:北海道
محافظة هونغ اين:兴安省
محافظة هونغ اين:興安省
محافظة واكاياما:和歌山县
محافظة واكاياما:和歌山縣
محافظة وايوتس تسور:華約茨佐省
محافظة ودون تاني:乌隆府
محافظة ودون تاني:烏隆府
محافظة ورملاند:韦姆兰省
محافظة وسترا يوتالاند:西约塔兰省
محافظة وودج:罗兹省
محافظة وودج:羅茲省
محافظة ياسوثون:益梭通府
محافظة يالا:惹拉府
محافظة يزد:亚兹德省
محافظة يزد:亞茲德省
محافظة يمتلاند:耶姆特兰省
محافظة ين باي:安沛省
محافظة يوثاي ثاني:烏泰他尼府
محافظة يونشوبينغ:延雪平省
محافظة يوي سي:Yuèxī Xiàn
محافظة يوي سي:越嶲縣
محافظة يوي سي:越西县
محافظة:下弗兰肯行政区
محافظه ارخبيل سقطرى:索科特拉省
محافظه الجهراء:傑赫拉省
محافظه الحسكة:哈塞克
محافظه الحسكة:哈塞克省
محافظه الرقه:拉卡
محافظه الرقه:拉卡省
محافظه الزرقا:扎爾卡省
محافظه بغداد:巴格达省
محافظه بغداد:巴格達省
محافظه جنوبيه:南方省
محافظه درعا:德拉
محافظه درعا:德拉省
محافظه شماليه:北方省
محافظه مادبا:馬代巴省
محافظه محرق:穆哈拉格省
محافظه پلازمېنه:首都省
محافظہ اب:伊卜省
محافظہ ابین:阿比扬省
محافظہ احمدی:艾哈迈迪省
محافظہ ادلب:伊德利卜
محافظہ ادلب:伊德利卜省
محافظہ اربیل:埃尔比勒省
محافظہ اربیل:艾比爾省
محافظہ اسیوط:艾斯尤特省
محافظہ اقصر:樂蜀省
محافظہ الاحساء:胡富夫
محافظہ الانبار:安巴尔省
محافظہ الانبار:安巴省
محافظہ البریمی:布賴米省
محافظہ البیضاء:贝达省
محافظہ الجوف:焦夫省 (也門)
محافظہ الحدیدہ:荷台达省
محافظہ الحسکہ:哈塞克
محافظہ الحسکہ:哈塞克省
محافظہ الداخلیہ:內地省
محافظہ الرقہ:拉卡
محافظہ الرقہ:拉卡省
محافظہ السویداء:苏韦达省
محافظہ السویداء:蘇韋達
محافظہ الشرقیہ:東部省 (埃及)
محافظہ الضالع:达利阿省
محافظہ الظاہرہ:扎希拉省
محافظہ العاصمہ:首都省
محافظہ المحویت:迈赫维特省
محافظہ المہرہ:迈赫拉省
محافظہ بابل:巴比倫省
محافظہ بحر احمر:红海省 (埃及)
محافظہ بحیرہ:布海拉省
محافظہ بصرہ:巴士拉省
محافظہ بعلبک الہرمل:巴勒貝克-希爾米勒省
محافظہ بغداد:巴格达省
محافظہ بغداد:巴格達省
محافظہ بقاع:貝卡省
محافظہ بلقاء:拜勒加省
محافظہ بنی سیوف:贝尼苏韦夫省
محافظہ بیروت:贝鲁特省
محافظہ تعز:塔伊兹省
محافظہ جبل لبنان:黎巴嫩山省
محافظہ جرش:傑拉什省
محافظہ جنوبی سینا:南西奈省
محافظہ جنوبی:南黎巴嫩省
محافظہ جنوبیہ:南方省
محافظہ جہراء:傑赫拉省
محافظہ حجہ:哈杰省
محافظہ حضرموت:哈德拉毛省
محافظہ حلب:阿勒頗
محافظہ حلب:阿勒颇省
محافظہ حلبجہ:哈勒渣省
محافظہ حلبجہ:哈拉卜贾省
محافظہ حمص:荷姆斯
محافظہ حمص:霍姆斯省
محافظہ حولی:哈瓦利省
محافظہ دارالحکومت:首都省
محافظہ درعا:德拉
محافظہ درعا:德拉省
محافظہ دقہلیہ:代蓋赫利耶省
محافظہ دمشق:大馬士革省
محافظہ دمشق:大马士革省
محافظہ دمشق:大马士革省 / 大馬士革省
محافظہ دمیاط:杜姆亞特省
محافظہ دھوک:杜胡克省
محافظہ دھوک:杜酷省
محافظہ دیر الزور:代尔祖尔省
محافظہ دیر الزور:代爾祖爾
محافظہ ذمار:扎马尔省
محافظہ رفح:拉法省
محافظہ ریف دمشق:大馬士革
محافظہ ریف دمشق:大马士革农村省
محافظہ ریمہ:赖马省
محافظہ زرقاء:扎爾卡省
محافظہ سقطری:索科特拉省
محافظہ سوہاج:索哈傑省
محافظہ شبوہ:舍卜沃省
محافظہ شمالی:北黎巴嫩省
محافظہ شمالیہ:北方省
محافظہ صعدہ:萨达省
محافظہ صلاح الدین:萨拉赫丁省
محافظہ صلاح الدین:薩拉甸省
محافظہ صنعاء:薩那省
محافظہ طرطوس:他圖斯
محافظہ طرطوس:塔尔图斯省
محافظہ طفیلہ:塔菲拉省
محافظہ ظفار:佐法爾省
محافظہ عجلون:阿傑隆省
محافظہ عدن:亚丁省
محافظہ عقبہ:亞喀巴省
محافظہ عمران:阿姆蘭省
محافظہ غربیہ:西部省 (埃及)
محافظہ فروانیہ:費爾瓦尼耶省
محافظہ فیوم:法尤姆省
محافظہ قادسیہ:卡迪西亚省
محافظہ قادسیہ:卡迪西亞省
محافظہ قلیوبیہ:蓋盧比尤省
محافظہ قنا:基納省
محافظہ قنیطرہ:古奈特拉
محافظہ قنیطرہ:库奈特拉省
محافظہ لحج:拉赫季省
محافظہ مآرب:马里卜省
محافظہ مادبا:馬代巴省
محافظہ مبارک الکبیر:大穆巴拉克省
محافظہ مثنی:穆薩拿省
محافظہ مثنی:穆薩納省
محافظہ محرق:穆哈拉格省
محافظہ مسقط:馬斯喀特省
محافظہ مسندم:穆桑代姆省
محافظہ معان:馬安省
محافظہ مفرق:马弗拉克省
محافظہ منوفیہ:米努夫省
محافظہ منیا:明亞省
محافظہ میسان:米桑省
محافظہ میسان:美山省
محافظہ نبطیہ:納巴泰省
محافظہ نجف:拿謝夫省
محافظہ نجف:納傑夫省
محافظہ نینوی:尼尼微省
محافظہ وادی جدید:新河谷省
محافظہ واسط:瓦西特省
محافظہ واسط:華薛省
محافظہ وسطی:中部省 (阿曼)
محافظہ کرک:卡拉克省
محافظہ کرکوک:基卻省
محافظہ کرکوک:基尔库克省
محافظہ کفر الشیخ:謝赫村省
محبسة مار شربل عنايا:圣夏贝尔修道院
محبه:亲善
محبه:親善
محج قلعة:馬哈奇卡拉
محج قلعة:马哈奇卡拉
محرق:穆哈拉克
محطة أورتاتشالا للطاقة الكهرومائية:奥尔塔恰拉水电站
محطة أورتاتشالا للطاقة الكهرومائية:奧爾塔恰拉水電站
محطة الباص:公车站
محطة الباصات لذهاب الى بانكوك يتنزلك قريب نانا:长途汽车站
محطة بيلويارسك للطاقة النووية:別洛亞爾斯克核能發電廠
محطة بيليبينو للطاقة النووية:比利比诺核电站
محطة حافلات ريتيرو:雷蒂羅巴士總站
محطة داليان:大连
محطة داليان:大连站
محطة زاباروجيا للطاقة النووية:札波羅熱核電廠
محطة سكة حديد الموصل:摩苏尔火车站
محطة سكة حديد الموصل:摩蘇爾火車站
محطة سكة حديد بكين تشاويانغ:北京朝阳站
محطة سكة حديد بكين تشاويانغ:北京朝陽站
محطة سكة حديد تايتش:台州西东站房
محطة سكة حديد تايتش:台州西西站房
محطة سكة حديد راوانج:万挠
محطة سكة حديد راوانج:萬撓
محطة شحن الاستيراد:进口货运航站楼
محطة شحن التصدير:出口货运航站楼
محطة فوستوك:东方站
محطة فوكوشيما النووية الأولى لتوليد الطاقة:福岛第一核电站
محطة فوكوشيما النووية الأولى لتوليد الطاقة:福島第一核電廠
محطة فيكتوريا:伦敦维多利亚站
محطة فيكتوريا:倫敦維多利亞站
محطة فيكتوريا:倫敦維多利亞車站
محطة قطار ريتيرو ميتري لاين:利底罗米特雷线火车站
محطة قطار كركوك:基爾庫克火車站
محطة مترو العتبة:阿塔巴
محطة نيو:塞薩洛尼基
محكمة العدل الدولية:国际法院
محكمة ويستستات:西州法院
محل روبام للملابس:Rupam服装店
محلة الكبرى:大迈哈莱
محلة الكبرى:大迈哈莱/大邁哈萊
محلة الكبرى:大邁哈萊
محله الکبری:大迈哈莱
محله الکبری:大迈哈莱/大邁哈萊
محله الکبری:大邁哈萊
محله دوم:2区
محله سوم:3区
محله ششم:6区
محله مسیحی:基督徒区
محله هشتم:8区
محله هفتم:7区
محله پنجم:5区
محله چهارم:4区
محله یکم:1区
محمد نجيب:内吉布
محمود بوٹی:馬哈模德布提
محمود راقي ولسوالۍ:馬哈茂德埃拉基
محمود راقي ولسوالۍ:马哈茂德埃拉基
محمود راقي ولسوالۍ:马哈茂德埃拉基/馬哈茂德埃拉基
محمود راقی:馬哈茂德埃拉基
محمود راقی:马哈茂德埃拉基
محمود راقی:马哈茂德埃拉基/馬哈茂德埃拉基
محمود لار:馬赫穆特拉爾
محمودراقی ،افغانستان:馬哈茂德埃拉基
محمودراقی ،افغانستان:马哈茂德埃拉基
محمودراقی ،افغانستان:马哈茂德埃拉基/馬哈茂德埃拉基
محمودراقی:馬哈茂德埃拉基
محمودراقی:马哈茂德埃拉基
محمودراقی:马哈茂德埃拉基/馬哈茂德埃拉基
محمودلار:馬赫穆特拉爾
محمية Lindenwood الطبيعية:林登伍德自然保护区
محمية الأُكاب للحيوانات البرية:㺢㹢狓野生生物保护区
محمية وادى الحيتان الطبيعية:鲸鱼峡谷
محویت اوستانی:迈赫维特省
محکمه راوَنگلا:拉旺
محکمه نامچی:纳姆吉
مخاچ قلعہ:馬哈奇卡拉
مخاچ قلعہ:马哈奇卡拉
مخاچ کلا:馬哈奇卡拉
مخاچ کلا:马哈奇卡拉
مخاچ‌قلعه:馬哈奇卡拉
مخاچ‌قلعه:马哈奇卡拉
مخرج الوصول:到达出口
مخزن سد آرگازی:阿爾加濟水庫
مخزن سد قپچاغای:卡普恰盖水库
مخزن لوازم المطبخ ومركز التوزيع:厨房用品储藏配送中心
مخله دوم:2区
مخيم أوسرد:奥塞尔德西撒哈拉难民营
مخيم العيون:阿尤恩西撒哈拉难民营
مخيم بوجدور - 27 فبراير:布支杜尔西撒哈拉难民营
مدئین:麥德林
مدئین:麦德林
مدان:棉兰
مدباخ:梅德巴
مدج:穆杜格州
مدراک ضلع:姆德拉县
مدراک ضلع:姆德拉縣
مدرج بومبي:龐貝競技場
مدرسة الشهيد أونال بيكاكجي الثانوية المهنية والتقنية الأناضولية:烈士乌纳尔比卡奇职业技术安纳托利亚高中
مدرسة تفاريتي:提法里提医院
مدرسة شيراهاما الابتدائية:白滨小学
مدرسة فرانك بارك الابتدائية:弗兰克公园小学
مدرسة هيكاري الابتدائية:光小学校
مدرسة هيكاري الثانوية:光中学校
مدرسه انگلیسی جوی:佳音英語
مدرسه کسب‌وکار لندن:伦敦商学院
مدريد:Mǎdélǐ
مدريد:馬德里
مدريد:馬德里/马德里
مدريد:马德里
مدرِد:Mǎdélǐ
مدرِد:馬德里
مدرِد:馬德里/马德里
مدرِد:马德里
مدرّج الجم الروماني:杰姆的圆形竞技场
مدغشقر:Mǎdájiāsījiā
مدغشقر:馬達加斯加
مدغشقر:马达加斯加
مدغشقر:马达加斯加 / 馬達加斯加
مدفيجيغورسك:麦德维热戈尔斯克
مدنوغورسك:梅德諾戈爾斯克
مدنوگورسک:梅德諾戈爾斯克
مدنين:梅德寧
مدنین:梅德寧
مدنین:梅德寧省
مدورئي:马杜赖
مدورئی:马杜赖
مدوژیگورسک:麦德维热戈尔斯克
مدوی:梅德韋
مديرية بروناي - موارا:摩拉縣
مديرية بروناي - موارا:文莱摩拉县
مديرية بيلايت:馬來奕縣
مديرية بيلايت:马拉奕县
مديرية توتونغ:都东县
مديرية توتونغ:都東縣
مديرية تيمبورونغ:淡布伦区
مديرية تيمبورونغ:淡布隆縣
مديرية تيمبورونغ:淡武廊縣
مديرية كوندور الكترونكس:康朵公司
مديرية موار:麻坡县
مدينة أبردين:阿伯丁
مدينة أبردين:鴨巴甸
مدينة أوش:奧什
مدينة أوكيناوا:冲绳市
مدينة أوكيناوا:沖繩市
مدينة أيوتايا التاريخية:阿育他亚(大城)历史城及相关城镇
مدينة إكسياوجان، هوبى:孝感
مدينة إكسياوجان، هوبى:孝感市
مدينة إيفري الصناعية التي تعود للقرن العشرين:20世纪工业城市伊夫雷亚
مدينة الروما:法国村
مدينة الروما:法國村
مدينة الزهور:城市花
مدينة الصويرة (قديمًا موغادور):索维拉城（原摩加多尔）
مدينة الصويرة:索维拉城
مدينة القدس القديمة وأسوارها:耶路撒冷古城及其城墙
مدينة الكويت:科威特市
مدينة الڤاتيكان:Fàndìgāng
مدينة الڤاتيكان:梵蒂冈
مدينة الڤاتيكان:梵蒂岡
مدينة بابل:巴比伦城
مدينة بازل:巴塞尔城市州
مدينة بازل:巴塞爾城市州
مدينة برستل:布里斯托
مدينة بنما:巴拿馬城
مدينة بنما:巴拿马城
مدينة بنين:贝宁城
مدينة تشينغداو:青岛市
مدينة تشينغداو:青島市
مدينة تورون من القرون الوسطى:中世纪古镇托伦
مدينة تونس العتيقة:突尼斯市的阿拉伯老城
مدينة جينغمن:Jīngmén Shì
مدينة جينغمن:荆门市
مدينة جينغمن:荊門
مدينة جينغمن:荊門市
مدينة دافاو:纳卯市
مدينة دافاو:达沃市
مدينة دافاو:達沃
مدينة دافاو:達沃市
مدينة داليان:Dàlián Shì
مدينة داليان:大连市
مدينة داليان:大連市
مدينة زيبو:淄博市
مدينة سان مارينو:圣马力诺
مدينة سان مارينو:聖馬力諾
مدينة سبو:宿霧市
مدينة سويل المنجمية:塞维尔铜矿城
مدينة غواتيمالا:危地馬拉城
مدينة غواتيمالا:危地马拉城
مدينة غواتيمالا:瓜地馬拉城
مدينة غواتيمالا:瓜地馬拉城/危地馬拉城
مدينة فيسانزا وفلاّت بالاديوفي فينيتو:维琴查城和威尼托的帕拉迪恩别墅
مدينة قاراقول:卡拉科尔
مدينة كركاسون التاريخية الحصينة:卡尔卡松历史城墙要塞
مدينة كوزكو:科斯科古城
مدينة كيتو:基多旧城
مدينة كيزون:计顺市
مدينة كيزون:计顺市/奎松市
مدينة لندن:伦敦市
مدينة لندن:倫敦市
مدينة لونينبورغ القديمة:卢嫩堡旧城
مدينة مايو:马尤
مدينة مصطفى كمال باشا:穆斯塔法凱馬爾帕沙
مدينة مغلقة:封閉城市
مدينة مكسيكو:墨西哥城
مدينة ميستراس:米斯特拉斯考古遗址
مدينة نادي الميناء الأولمبي:奥林匹克阿尔米纳俱乐部城
مدينة نوتنهام:諾定咸
مدينة نوتنهام:诺丁汉
مدينة نيس، المنتجع الشتوي في منطقة الريفييرا:里维埃拉旅游之都尼斯
مدينة نيسيبار القديمة:内塞巴尔古城
مدينة هو تشي منه:胡志明市
مدينة ولز:韋爾斯
مدينة يوشو، تشينغهاي:Yùshù Shì
مدينة يوشو، تشينغهاي:玉树市
مدينة يوشو، تشينغهاي:玉樹市
مدينة ﺑَﺮَﺍﻭَة:巴拉韋區
مدينة ﺑﺮﺍﻭة:布拉瓦
مدينه ليدز:列斯
مدينه نيوبورت:纽波特
مدينو:麦地那
مديوغوريه:黙主哥耶
مدھو پور:马杜普尔
مدھیش پردیش:摩提舍省
مدیترانه دریا:地中海
مدینا دل کامپو:梅迪纳德尔坎波
مدینه اوستانی:麦地那省
مدینه:麦地那
مدینگ:Mò tuō zhèn
مدینگ:mòtuō zhèn
مدینگ:墨脫鎮
مدینگ:墨脱镇
مدینہ:麦地那
مدینیپور:梅迪尼布尔
مدیه اوستانی:麦迪亚省
مدیٖن:麦地那
مدیہ:麦迪亚
مراد آباد:莫拉达巴德
مراد آباد:莫拉达巴德县
مراد باشا:穆拉特帕夏
مراد پاشا:穆拉特帕夏
مرادآباد:莫拉达巴德县
مرادلی:穆拉特勒
مرادي:马拉迪大区
مرادية:穆拉迪耶
مرادی:马拉迪大区
مرادیه:穆拉迪耶
مرادیے:穆拉迪耶
مرادیۓ:穆拉迪耶
مراكش:马拉喀什
مرانق:馬江
مرانق:马江
مرانق:马江县
مراوكي:马老奇
مراکش کا سفارت خانہ:摩洛哥大使馆
مراکش کے قونصلیٹ جنرل:摩洛哥总领事馆
مراکش:Móluògē
مراکش:摩洛哥
مراکش:马拉喀什
مرتفع-وسطی علاقہ:高原-中部大區
مرتفعات قرة باغ:納戈爾諾-卡拉巴赫
مرج (لیبی):迈尔季
مرج ضلع:迈尔季省
مرج:迈尔季
مرجعيون:邁爾季歐雲
مرجعیون، لبنان:邁爾季歐雲
مردان:马尔丹
مردكان:马尔达坎
مرده نيک:格莱
مرده نيک:格萊
مرديك:默迪卡
مرديک 118:默迪卡118
مرزق ضلع:邁爾祖格省
مرزق:邁爾祖格省
مرزيسايد:默西
مرزيسايد:默西賽德郡
مرزيفون:梅爾濟豐
مرزیسائڈ:默西
مرزیسائڈ:默西賽德郡
مرزیساید:默西
مرزیساید:默西賽德郡
مرزیفون:梅爾濟豐
مرسداریو:梅塞達里奧山
مرسى علي:馬爾薩拉
مرسية:木尔西亚
مرسية:木爾西亞
مرسية:穆尔西亚
مرسيليا:馬賽
مرسيليا:马赛
مرسين:梅尔辛省
مرسين:梅爾辛
مرسی کبیر:凱比爾港
مرسیسائیڈ:默西
مرسیسائیڈ:默西賽德郡
مرسین:梅尔辛省
مرسین:梅爾辛
مرسینگ:丰盛港
مرسیہ:木尔西亚
مرسیہ:木爾西亞
مرسیہ:穆尔西亚
مرصد جورديل بانك:卓瑞尔河岸天文台
مرصد راتان الراديوي:RATAN-600
مرصد فيرا روبين:薇拉·魯賓天文台
مرصد هاليكالا:哈萊亞卡拉天文台
مرعش:卡赫拉曼馬拉什
مرغاب:穆尔加布
مرغاب:穆尔加布河
مرغيلان:马尔吉兰
مرغیلان:马尔吉兰
مرفا:梅列法
مرقب ضلع:迈尔盖卜省
مرقد الأمام أحمد بن علي:伊玛目艾哈迈德·本·阿里圣陵
مرقد الأمام أحمد بن علي:伊瑪目艾哈邁德·本·阿里聖陵
مرقد الامام الخميني:霍梅尼陵墓
مركا:马尔卡
مركز أوزدمير بايرقدار للعلوم والقبة السماوية:奥兹德米尔·拜拉克塔尔科学中心与天文馆
مركز الإسعاف الجوي الإقليمي:省级航空急救中心
مركز تابور لإعادة التأهيل:塔博尔康复中心
مركز تابور لإعادة التأهيل:塔博爾康復中心
مركز تشيلم للتسوق:海乌姆购物中心
مركز تطوير الشباب طرابزون سبور قادر أوزجان:特拉布宗体育卡迪尔·厄兹詹青少年发展中心
مركز سامونلاهتي الصحي:薩蒙拉赫蒂健康中心
مركز سامونلاهتي للتسوق:薩蒙拉赫蒂購物中心
مركز شانغهاي المالي العالمي:Shànghǎi huánqiú jīnróng zhōngxīn
مركز شانغهاي المالي العالمي:上海环球金融中心
مركز شانغهاي المالي العالمي:上海環球金融中心
مركز كلس:基利斯
مركز نانجينغ غرينلاند المالي:zǐfēng dàshà
مركز نانجينغ غرينلاند المالي:紫峰大厦
مركز-وادي اللوار:中央-卢瓦尔河谷
مركز-وادي اللوار:中央-羅亞爾河谷
مركز:中心
مركزى (محافظه):中央省 (伊朗)
مرلاین:鱼尾狮
مرماريس:马尔马里斯港
مرماریس:马尔马里斯港
مرمرا إريغليسي:馬爾馬拉埃雷利西
مرمرائی:马尔马拉铁路
مرمراي:马尔马拉铁路
مرمره ارغلیسی:馬爾馬拉埃雷利西
مرمرہ ارغلیسی:馬爾馬拉埃雷利西
مرن:马恩省
مرو اوستانی:马雷州
مرو:木鹿
مرو:梅鲁
مروانة:呒染挖啊嗯啊
مروانه:呒染挖啊嗯啊
مروة:马鲁阿
مروپل:马里乌波尔
مروکي:马老奇
مرکز توانبخشی تابور:塔博尔康复中心
مرکز توانبخشی تابور:塔博爾康復中心
مرکز توسعه جوانان ترابزون‌اسپور قدیر اوزجان:特拉布宗体育卡迪尔·厄兹詹青少年发展中心
مرکز خرید ابن بطوطه:伊本白图泰购物中心
مرکز علمی و آسمان‌نمای اوزدمیر بایراکتار:奥兹德米尔·拜拉克塔尔科学中心与天文馆
مرکز مهار تروریسم:反恐怖主義監禁中心
مرکز ورزشی سین‌کیانگ:新疆体育中心
مرکزي ولایت:中央省 (伊朗)
مرکزی اوستانی:中央省 (伊朗)
مرکزی اوستانی:中部大區
مرکزی سلاویسی پویلین:苏拉威西中央馆
مرکزی عسکری ضلع:中央军区
مرکزی عسکری ضلع:中央軍區
مرکزی علاقہ (ارتریا):中部區 (厄立特里亞)
مرکزی علاقہ:中部區
مرکزی علاقہ:中部地區
مرکزی مغربی علاقہ، برازیل:巴西中西部
مرکه:马尔卡
مرکٔزی اَفریٖکی جموٗریَت:Zhōng Fēi
مرکٔزی اَفریٖکی جموٗریَت:中非
مرکٔزی اَفریٖکی جموٗریَت:中非共和國
مرکہ:马尔卡
مرگو:穆尔古
مریلند:馬里蘭州
مریلند:马里兰州
مرینیک-1:梅里尼亚克-1
مرینیک-2:梅里尼亚克-2
مرینیک:梅里尼亚克
مری‌ویل:瑪麗維爾
مرے:慕禮
مز تاغ ٹاور:慕士塔格塔峰
مزار سلطان:Má zhā ěr zhǒng yáng chǎng
مزار سلطان:麻扎尔种羊场
مزار شريف:馬扎里沙里夫
مزار شريف:马扎里沙里夫
مزار شريف:马扎里沙里夫/馬扎里沙里夫
مزار شریف بین الاقوامی ہوائی اڈا:馬扎里沙里夫國際機場
مزار شریف بین الاقوامی ہوائی اڈا:马扎里沙里夫国际机场
مزار شریف بین الاقوامی ہوائی اڈا:马扎里沙里夫国际机场/馬扎里沙里夫國際機場
مزار شریف:馬扎里沙里夫
مزار شریف:马扎里沙里夫
مزار شریف:马扎里沙里夫/馬扎里沙里夫
مزار فوجيسان هونجو سينجن تايشا:富士山本宫浅间大社
مزار فوجيسان هونجو سينجن تايشا:富士山本宮淺間大社
مزار موراياما سينغن-جينجا:村山浅间神社
مزار موراياما سينغن-جينجا:村山淺間神社
مزار ياماميا سينغن-جينجا:山宫浅间神社
مزار ياماميا سينغن-جينجا:山宮淺間神社
مزرعة الريف للبن الخولاني:Khawlani 咖啡的 Al-Reef 農場
مزرعه لبنیاتی ولایتی:巴州奶牛场
مزن:梅津
مزن:梅津河
مزیتلی:梅齊特利
مزەفەر ئاباد:穆扎法拉巴德
مستشفى ابن جرير:本格里医院
مستشفى الجهراء:杰赫拉医院
مستشفى ساهلغرينسكا الجامعي:萨赫尔格雷斯卡大学医院
مستشفى ساهلغرينسكا الجامعي:薩赫爾格雷斯卡大學醫院
مستشفى مدينة تويو:东阳市立医院
مستشفى ويرافون:威垃蓬医院
مستشفي السلطانة أمينة:苏丹后阿米娜医院
مستعمره‌های بریتانیا در اقیانوس هند:Yīngshǔ Yìndùyáng Lǐngdì
مستعمره‌های بریتانیا در اقیانوس هند:英属印度洋领地
مستعمره‌های بریتانیا در اقیانوس هند:英属印度洋领地 | 英屬印度洋領地
مستعمره‌های بریتانیا در اقیانوس هند:英屬印度洋領地
مستعمره‌های جنوبی فرانسه:法属南部领地
مستغانم:穆斯塔加奈姆
مسجد أردوغدو بك:埃尔多杜贝清真寺
مسجد ابن طولون:伊本·图伦清真寺
مسجد ابن فارس:伊本法里斯清真寺
مسجد الازهر:爱资哈尔清真寺
مسجد التقوى:大園清真寺
مسجد الحسن الثاني:哈桑二世清真寺
مسجد الرحيم:拉希姆清真寺
مسجد بایزید دوم:巴耶塞特二世清真寺
مسجد بوكوي:卜奎清真寺
مسجد بی‌بی خانم:比比哈努姆 清真寺
مسجد تاي شانغ:台中清真寺
مسجد تشانغشا:长沙清真寺
مسجد جامع (لالوان امڤاڠ):占美清真寺
مسجد جامع دهلی:贾玛清真寺
مسجد جامع كوالا لومڤور:吉隆坡占美清真寺
مسجد جامع مسکو:莫斯科大清真寺
مسجد جامع:占美清真寺
مسجد جاميا:些利街清真寺
مسجد جمعه:聚礼清真寺
مسجد جمعه:聚禮清真寺
مسجد جوبلي بيراك السلطان إسماعيل بيترا:苏丹依斯迈柏特拉银禧清真寺
مسجد حنيفة خاتون:哈尼菲·哈通清真寺
مسجد خیابان چی‌یی:Qǐyì Jiē Qīngzhēnsì
مسجد خیابان چی‌یی:ٿِءِ ڭِيَ ٿٍْ‌جٍ‌سِْ
مسجد خیابان چی‌یی:起义街清真寺
مسجد داسي الكبي:台子清真大寺
مسجد دولماباغچه:多爾瑪巴切清真寺
مسجد دونغيينغ‎:小东营清真寺
مسجد دونغيينغ‎:小東營清真寺
مسجد دونهوانغ:敦煌清真寺
مسجد رستم پاشا:鲁斯坦·帕夏清真寺
مسجد سفير:薩菲爾清真寺
مسجد سلطان احمد:苏丹艾哈迈德清真寺
مسجد سلطان احمد:蘇丹艾哈邁德清真寺
مسجد سليم الأول:塞利姆一世清真寺
مسجد سيدي محمد شريف:西迪穆罕默德謝里夫清真寺
مسجد شارع تشي إي:Qǐyì Jiē Qīngzhēnsì
مسجد شارع تشي إي:ٿِءِ ڭِيَ ٿٍْ‌جٍ‌سِْ
مسجد شارع تشي إي:起义街清真寺
مسجد شاهزاده:泽扎德清真寺
مسجد شیخ زاید:谢赫扎耶德大清真寺
مسجد عبد الغفور:阿都卡夫回教堂
مسجد عبدالغفار:阿都卡夫回教堂
مسجد عیدگاه:艾提尕尔清真寺
مسجد موسكو الجامع:莫斯科大清真寺
مسجد ناندويا:Nán dòuyá qīngzhēnsì
مسجد نصیرالملک:莫克粉紅清真寺
مسجد نورعثمانیه:2-1-3努鲁奥斯玛尼耶清真寺
مسر:Āijí
مسر:埃及
مسرج:庫爾塔蘭
مسرح البولشوي:莫斯科大剧院
مسرح الشرق مستشفيين:东战区二级医院
مسرح روماني:罗马剧院
مسرح عرائس ريزو غابريادزه:雷佐·加布里亚泽木偶剧院
مسرح عرائس ريزو غابريادزه:雷佐·加布里亞澤木偶劇院
مسرح كرواتيان ناتيونال اين زاجريب:克羅地亞國家劇院
مسعد:迈萨德
مسقط:马斯喀特
مسكال:莫斯卡尔
مسوری:密苏里州
مسوری:密苏里州/密蘇里州
مسوری:密蘇里州
مسووویتسه:梅斯沃維采
مسيسيبي:密西西比州
مسينة:墨西拿
مسکو:莫斯科
مسکوا تومنی:莫斯科夫斯基区
مسیب:穆赛伊卜
مسیحی محلہ:基督徒区
مسیله:姆西拉省
مسیلہ:姆西拉
مسیلہ:姆西拉省
مشتهى للاسكان:穆什塔哈住宅楼
مشرق عربی:马什里克
مشرقی آئرشائر:东艾尔郡
مشرقی تیمور:东帝汶
مشرقی تیمور:东帝汶 / 東帝汶
مشرقی تیمور:東帝汶
مشرقی سائبیریائی اقتصادی علاقہ:东西伯利亚经济地区
مشرقی صوبہ، روانڈا:东部省
مشرقی صوبہ، زیمبیا:东方省
مشرقی صوبہ، سیرالیون:東方省
مشرقی علاقہ:东部区
مشرقی علاقہ:東部大區
مشرقی قازقستان صوبہ:东哈萨克斯坦州
مشرقی نوسا ٹینگارا پویلین:东努沙登加拉馆
مشرقی ڈیون:東德文區
مشرقی کلیمانتان پویلین:东加里曼丹亭
مشرقی کیمبرجشائر:伊士劍橋
مشرقی کیمبرجشائر:東劍橋郡
مشرقی کیپ:东开普省
مشرقی کیپ:東開普
مشرقی کیپ:東開普省
مشرقی ہیمپشائر:東漢普夏
مشروع حقوق الإنسان الأويغورية:維吾爾人權項目
مشروع عدن:伊甸園計畫
مشهد ريشترسفيلد الثقافي والنباتي:理查德斯维德文化植物景观
مشهد:馬什哈德
مشهد:馬什哈德/马什哈德
مشهد:马什哈德
مشہد:馬什哈德/马什哈德
مشہد:马什哈德
مصادم الهدرونات الكبير:大型強子對撞機
مصادم الهدرونات الكبير:大強子對撞機
مصر کا سفارت خانہ:埃及大使馆
مصر:Āijí
مصر:埃及
مصراتة:米苏拉塔
مصراته:米苏拉塔
مصراتہ:米苏拉塔
مصرف GSB:GSB 银行
مصطفی کمال پاشا:穆斯塔法凱馬爾帕沙
مصنع اسمنت طرابزون:特拉布宗水泥厂
مصنع معالجة الخشب:木材加工厂
مصوع:马萨瓦
مصياف:邁斯亞夫
مصیصہ:摩普綏提亞
مضطاغ اتا:Mùshìtǎgé Fēng
مضطاغ اتا:慕士塔格峰
مضيق بالك:保克海峡
مضيق بونيفاسيو:博尼法喬海峽
مضيق بيل إيل:贝尔岛海峡
مضيق تسوجارو:津輕海峽
مضيق تسوجارو:津轻海峡
مضيق توريس:托雷斯海峡
مضيق جبل طارق:直布罗陀海峡
مضيق جبل طارق:直布羅陀海峽
مضيق جوهور:柔佛海峡
مضيق دافيس:戴維斯海峽
مضيق دافيس:戴维斯海峡
مضيق دوفر:多佛尔海峡
مضيق دوفر:多佛爾海峽
مضيق سوندا:巽他海峡
مضيق صقلية:西西里海峡
مضيق صقلية:西西里海峽
مضيق كارا:卡拉海峽
مضيق لوزون:吕宋海峡
مضيق لوزون:呂宋海峽
مضيق ماتوتشكين:馬托奇金海峽
مضيق ماجلان:麥哲倫海峽
مضيق ماجلان:麦哲伦海峡
مضيق ماجلان:麦哲伦海峡 / 麥哲倫海峽
مضيق مسينة:墨西拿海峡
مضيق ملقا:马六甲海峡
مضیق هرمز:霍尔木兹海峡
مطار أتيراو:阿特勞機場
مطار أثينا الدولي:雅典国际机场
مطار أثينا الدولي:雅典國際機場
مطار أديس أبابا بول الدولي:亚的斯亚贝巴博莱国际机场
مطار أديس أبابا بول الدولي:亞的斯亞貝巴博萊國際機場
مطار أرتورو ميرينو بينيتيز الدولي:阿圖羅·梅里諾·貝尼特斯國際機場
مطار أسمرة الدولي:阿斯馬拉國際機場
مطار أواني:昂儒昂机场
مطار أوردوس عجين حورو:鄂尔多斯伊金霍洛机场
مطار أوردوس عجين حورو:鄂爾多斯伊金霍洛機場
مطار أوريل فلايكو الدولي:布加勒斯特伯尼亚萨－奥雷尔·弗拉伊库国际机场
مطار إسطنبول الجديد:伊斯坦堡新機場
مطار اربيل الدولي:埃尔比勒国际机场
مطار اكجوجت:阿克茹特机场
مطار البصرة الدولى:巴士拉国际机场
مطار البصرة:巴士拉国际机场
مطار الجزائر الدولي هواري بومدين:阿尔及尔胡阿里布梅丁机场
مطار الشارقة الدولي:沙迦國際機場
مطار القاهرة الدولى:开罗国际机场
مطار الكويت الدولي:科威特国际机场
مطار انجمينا الدولي:恩贾梅纳国际机场
مطار انديرا غاندي الدولي:英迪拉甘地国际机场
مطار باتومى الدولى:巴統國際機場
مطار باجا خان الدولي:白沙瓦国际机场
مطار باطومي الدولي:巴統國際機場
مطار باكسي الدولي:巴色國際機場
مطار برشلونة:巴塞罗那机场
مطار بروكسل الدولي:布鲁塞尔机场
مطار بريشتينا الدولي مبنى المسافرين آدم جاشاري:普里什蒂纳国际机场阿德姆·贾沙里航站楼
مطار بريشتينا الدولي:普里斯提納國際機場
مطار بغداد الدولي:巴格達國際機場
مطار بن غوريون:本-古里安机场
مطار بن غوريون:本-古里安機場
مطار بوست:波斯特机场
مطار بوست:波斯特機場
مطار بيروت رفيق الحريري الدولي:贝鲁特-拉菲克·哈里里国际机场
مطار تالقان:塔卢坎机场
مطار تالقان:塔卢坎机场/塔盧坎機場
مطار تالقان:塔盧坎機場
مطار تان سون نهات الدولي:新山一国际机场
مطار تبليسي الدولي:第比利斯国际机场
مطار تروشرابلي الدولي:蒂鲁吉拉伯利国际机场
مطار تشاتراباتي شيفاجي الدولي:贾特拉帕蒂·希瓦吉国际机场
مطار تشوبو سنتراير الدولي:中部國際機場
مطار تفاريتي:提法里提机场跑道
مطار تندوف:廷杜夫机场
مطار تهو خوان:寿春机场
مطار تورونتو بيرسون الدولي:多倫多皮爾遜國際機場
مطار تونس قرطاج الدولي:突尼斯-迦太基国际机场
مطار تيشيت:提希特机场
مطار ثيروفانانثابورام الدولي:特里凡得琅国际机场
مطار جامدو بانجدا:昌都邦达机场
مطار جبل طارق:直布罗陀机场
مطار جلال آباد:賈拉拉巴德機場
مطار جلال آباد:贾拉拉巴德机场
مطار جلال آباد:贾拉拉巴德机场/賈拉拉巴德機場
مطار جناح الدولي:真纳国际机场
مطار حلب الدولي:阿勒颇国际机场
مطار خاركيف الدولي:哈爾科夫國際機場
مطار دا نانغ الدولي:岘港国际机场
مطار دا نانغ الدولي:峴港國際機場
مطار داوجينغ يادينغ:稻城亚丁机场
مطار دبي الدولي:杜拜國際機場
مطار دهوك الدولي:杜胡克国际机场
مطار دوسلدورف الدولي:杜塞尔多夫国际机场
مطار رامون:拉蒙机场
مطار روزاريو الدولية:罗萨里奥国际机场
مطار روغيانغ لولان:若羌楼兰机场
مطار روغيانغ لولان:若羌樓蘭機場
مطار زرنج:扎兰季机场
مطار زرنج:扎兰季机场/扎蘭季機場
مطار زرنج:扎蘭季機場
مطار زيورخ الدولي:蘇黎世機場
مطار سانمينغ شياتشيان:三明沙县机场
مطار سقطرى الدولي:索科特拉機場
مطار سمرقند الدولي:撒馬爾罕國際機場
مطار سيدني:悉尼金斯福德·史密斯国际机场
مطار سيدو شريف:赛杜沙里夫机场
مطار سيلينهوت:锡林浩特机场
مطار سيمفروبول الدولي:辛菲罗波尔国际机场
مطار شانغهاي بودنغ الدولي:Shànghǎi Pǔdōng Guójì Jīchǎng
مطار شانغهاي بودنغ الدولي:上海浦东国际机场
مطار شاه أمانات الدولي:沙赫阿馬納國際機場
مطار شاه أمانات الدولي:沙赫阿马纳国际机场
مطار شاه جلال الدولي:沙阿賈拉勒國際機場
مطار شاه جلال الدولي:沙阿贾拉勒国际机场
مطار شهيد مدني الدولي:大不里士国际机场
مطار شيآن شيانيانغ الدولي:Xī'ān Xiányáng Guójì Jīchǎng
مطار شيآن شيانيانغ الدولي:西安咸阳国际机场
مطار شيتشانغ تشينغشان:西昌青山机场
مطار شيريميتييفو الدولي:谢列梅捷沃国际机场
مطار شيمكنت الدولي:奇姆肯特國際機場
مطار صنعاء الدولي:萨那国际机场
مطار طرابلس العالمي:的黎波里国际机场
مطار عصب الدولي:阿薩布國際機場
مطار علامه إقبال الدولي:阿拉马·伊克巴勒国际机场
مطار غايلي هوانغبينغ:凱里黃平機場
مطار فوتشو + مشكله الدولى:福州长乐国际机场
مطار فوتشو تشانغله الدولي:福州长乐国际机场
مطار فورت واين الدولي:韦恩堡国际机场
مطار فويرتيفنتورا:富埃特文图拉机场
مطار كابل الدولي:哈米德·卡尔扎伊国际机场
مطار كابل الدولي:哈米德·卡尔扎伊国际机场/哈米德·卡爾扎伊國際機場
مطار كابل الدولي:哈米德·卡爾扎伊國際機場
مطار كاليكوت الدولي:科泽科德国际机场
مطار كام رانه الدولي:金兰国际机场
مطار كام رانه الدولي:金蘭國際機場
مطار كانور الدولي:坎努尔国际机场
مطار كلارك الدولي:Kèlākè guójì jīchǎng
مطار كلارك الدولي:克拉克国际机场
مطار كلارك الدولي:克拉克國際機場
مطار كواترو دي فيفيريرو:二月四日国际机场
مطار كواترو دي فيفيريرو:二月四日国际机场 / 二月四日國際機場
مطار كواترو دي فيفيريرو:二月四日國際機場
مطار كوادر الدولي:瓜达尔国际机场
مطار كوبنهاغن:哥本哈根凯斯楚普机场
مطار كوتايسى الدولى:庫塔伊西國際機場
مطار كوتشين الدولي:科钦国际机场
مطار كوكيس الدولي زايد:库克斯国际机场
مطار كولتسوفو الدولي:科利佐沃國際機場
مطار كيش الدولي:基什国际机场
مطار كيشيناو الدولي:基希讷乌国际机场
مطار ل. ف. ويد الدولى:百慕大国际机场
مطار لاسا الدولي:拉萨贡嘎国际机场
مطار لانزاروت:兰萨罗特机场
مطار لايبزيغ هاله:莱比锡/哈雷机场
مطار لندن لوتن:倫敦盧頓機場
مطار لندن لوتون:倫敦盧頓機場
مطار لندن هيثرو:伦敦希思罗机场
مطار لندن هيثرو:倫敦希斯路機場
مطار لينفين غيوالي:临汾尧都机场
مطار ماكاو الدولي:澳門國際機場
مطار ماكاو الدولي:澳门国际机场
مطار مدريد باراخاس الدولي:马德里-巴拉哈斯机场
مطار مدينة جورج بست بلفاست:乔治·贝斯特贝尔法斯特城市机场
مطار مدينة جورج بست بلفاست:貝爾法斯特城市機場
مطار مزار شريف الدولي:馬扎里沙里夫國際機場
مطار مزار شريف الدولي:马扎里沙里夫国际机场
مطار مزار شريف الدولي:马扎里沙里夫国际机场/馬扎里沙里夫國際機場
مطار مسقط الدولي:马斯喀特国际机场
مطار مصوع الدولي:馬薩瓦國際機場
مطار ملتان الدولي:木尔坦国际机场
مطار مليلية:梅利利亚机场
مطار مهرآباد الدولي:梅赫拉巴德國際機場
مطار موكانكا الدولي:穆坎卡国际机场
مطار ميكولايف الدولي:尼古拉耶夫州国际机场
مطار ميكولايف الدولي:尼古拉耶夫州國際機場
مطار نفسهير كابادوكيا:內夫謝希爾-卡帕多細亞機場
مطار نواذيبو الدولي:努瓦迪布国际机场
مطار نور سلطان نزارباييف الدولي:努尔苏丹·纳扎尔巴耶夫国际机场
مطار نيلي:尼力机场
مطار نيلي:尼力机场/尼力機場
مطار نيلي:尼力機場
مطار نينغبو ليش الدولي:Níngbō Lìshè Guójì Jīchǎng
مطار نينغبو ليش الدولي:宁波栎社国际机场
مطار نينغبو ليش الدولي:寧波櫟社國際機場
مطار نينغشهاي ماينلينغ:林芝米林机场
مطار نينغشهاي ماينلينغ:林芝米林機場
مطار هامبورغ:汉堡机场
مطار هامي:哈密伊州机场
مطار هانوفر لانغنهاغن:汉诺威-朗根哈根机场
مطار هيثرو:伦敦希思罗机场
مطار هيثرو:倫敦希斯路機場
مطار يانجي تشاويانغتشوان:延吉朝阳川国际机场
مطرم:马塔兰
مطروح اوستانی:馬特魯省
مطروح:馬特魯省
مطعم أفريقي:Fēizhōu cāntīng KIBUNU
مطعم الف ليله وليله:一千零一夜
مطعم رغيف اللحم المغربي:摩洛哥肉饼餐厅
مظفر آباد ضلعو:穆扎法拉巴德县
مظفر آباد ولسوالۍ:穆扎法拉巴德县
مظفر آباد:穆扎法拉巴德
مظفر نغر:穆扎法尔讷格尔
مظفر نگر:穆扎法尔讷格尔
مظفرآباد:穆扎法拉巴德
مظفربور:穆扎夫法尔普尔
معابد شولا الكبيرة الحية:朱罗王朝现存的神庙
معالم النوبة من أبو سمبل إلى فيلة:阿布辛拜勒至菲莱的努比亚遗址
معان:馬安省
معاون کنسولگری بریتانیا:英国副领事馆
معبد آواشیما:粟嶋宮
معبد أبو الهول:斯芬克斯神庙
معبد أبولون إبيكورويوس في موقع باساي:巴赛的阿波罗•伊壁鸠鲁神庙
معبد أواشيما:粟嶋宮
معبد ابوالهول:斯芬克斯神庙
معبد اقصر:卢克索神庙
معبد الأقصر:卢克索神庙
معبد اللوتس:莲花庙
معبد الوادي لخفرع:哈夫拉河谷庙
معبد ترادكور:昌珠寺
معبد حتشبسوت:哈特謝普蘇特女王廟
معبد حتشپسوت:哈特謝普蘇特女王廟
معبد رامسوارام راماناثاسوامي:拉马纳塔斯瓦米寺
معبد فات فو:瓦普寺
معبد فوشیمی‌ایناری:伏見稻荷大社
معبد فوشیمی‌ایناری:伏见稻荷大社
معبد ميناكشي:米纳克希神庙
معبد نانهوا:南华寺
معبدا أبو سمبل:阿布辛贝神庙
معدوگ کاؤنٹی:Mòtuō Xiàn
معدوگ کاؤنٹی:墨脫縣
معدوگ کاؤنٹی:墨脱县
معرة النعمان:邁阿賴努阿曼
معرض الأسلحة الصيني:中国兵器馆
معرض الاعتقال القديم:萨伊米什特集中营
معرض الصور الوطنيه الاسكتلنديه:蘇格蘭國立肖像美術館
معرض الفاتيكان للفنون:梵蒂冈艺术画廊
معرض ماري:玛丽画廊
معرض ومتحف فنون كيلفينغروف:开尔文格罗夫美术馆和博物馆
معرض ومتحف كيلفينجروف للفنون:开尔文格罗夫美术馆和博物馆
معره نعمان:邁阿賴努阿曼
معسكر إعادة التدريب:再訓練營
معسكر إعادة التدريب:再训练营
معسكر إعادة التدريب:集訓營
معسكر تل السلطان:特尔苏丹难民营
معسكر تل السلطان:特爾蘇丹難民營
معسكر:穆阿斯凯尔
معسكر:穆阿斯凯尔省
معسکر:穆阿斯凯尔
معسکر:穆阿斯凯尔省
معلم ترافيرتينات تروسو الطبيعية:特鲁索石灰华自然遗迹
معلم:慕亚林县
معلومات المغادرة:出发信息
معماری:建筑
معمورة العزيز:埃拉泽省
معهد خاوران للتعليم العالي:Khavaran 高等教育學院
معهد ستيكلوف للرياضيات:斯捷克洛夫数学研究所
معهد موسكو الحكومي للعلاقات الدولية:莫斯科國立國際關係學院
معهد موسكو للفيزياء والتكنولوجيا:莫斯科物理技术学院
مغالجار:穆戈賈雷山
مغدبورغ:馬德堡
مغدبورغ:马格德堡
مغرب عربی:马格里布
مغربي صحارا:西撒哈拉
مغربی اوکسفرڈشائر:西牛津郡
مغربی بارکشائر:西伯克郡
مغربی بنگال:西孟加拉邦
مغربی سماترا پویلین:西苏门答腊馆
مغربی سماٹرا:西苏门答腊省
مغربی سماٹرا:西苏门答腊省 / 西蘇門答臘省
مغربی سماٹرا:西蘇門答臘
مغربی سماٹرا:西蘇門答臘省
مغربی صحارا:西撒哈拉
مغربی صوبہ، روانڈا:西部省
مغربی صوبہ، زیمبیا:西方省
مغربی علاقہ:西部区
مغربی علاقہ:西部大區
مغربی قازقستان صوبہ:西哈萨克斯坦州
مغربی قازقستان صوبہ:西哈薩克州
مغربی لنکاشائر:西蘭開夏
مغربی لوتھین:西洛锡安
مغربی ورجینیا:西弗吉尼亚州
مغربی ورجینیا:西弗吉尼亞州
مغربی ورجینیا:西維吉尼亞州
مغربی ورجینیا:西維珍尼亞州
مغربی پومرانیا صوبہ:吉野家
مغربی پومرانیا صوبہ:西波美拉尼亚省
مغربی پومرانیا صوبہ:西波美拉尼亞省
مغربی پومیرانیا:西波美拉尼亚
مغربی پوکوت کاؤنٹی:西波克特郡
مغربی ڈیون:西德文區
مغربی کردفان:西科尔多凡州
مغربی کلیمانتان پویلین:西加里曼丹亭
مغربی کنارا:約旦河西岸地區
مغربی کنارا:约旦河西岸地区
مغربی کنارا:西岸地區
مغربی کنارہ:約旦河西岸地區
مغربی کنارہ:约旦河西岸地区
مغربی کنارہ:西岸地區
مغربی کیپ:西開普
مغربی کیپ:西開普省
مغربی یارکشائر:西約郡
مغربی یارکشائر:西约克郡
مغری:梅格里
مغسل:遗体清洗室
مغنيتاغورسك:馬格尼托哥爾斯克
مغنيتاغورسك:马格尼托哥尔斯克
مغول سارای:穆加尔萨赖
مغولستان داخلی:Nèi Měnggǔ Zìzhìqū
مغولستان داخلی:內蒙古自治區
مغولستان داخلی:内蒙古自治区
مغولستان:蒙古
مغولستان:蒙古国
مغولستان:蒙古國
مغول‌کوره:昭苏县
مغول‌کوره:昭蘇縣
مفاعل # 2:二号反应堆
مفاعل تشيرنوبل:車諾比核電站
مفاعل رقم 3:三号反应堆
مقاطعة آقدام:阿格達姆區
مقاطعة آقدام:霍賈文德區
مقاطعة أكول:阿科爾區
مقاطعة ألامانس (كارولاينا الشمالية):阿拉曼斯县
مقاطعة ألامانس (كارولاينا الشمالية):阿拉曼斯县/阿拉曼斯縣/阿拉曼斯郡
مقاطعة ألامانس (كارولاينا الشمالية):阿拉曼斯縣
مقاطعة ألامانس (كارولاينا الشمالية):阿拉曼斯郡
مقاطعة ألاميدا (كاليفورنيا):阿拉梅达县
مقاطعة ألاميدا (كاليفورنيا):阿拉梅達縣
مقاطعة ألاميدا (كاليفورنيا):阿拉米達縣
مقاطعة ألاميدا (كاليفورنيا):阿拉米達郡
مقاطعة أليتس:阿利图斯县
مقاطعة ألين:艾伦县
مقاطعة ألين:艾倫縣
مقاطعة أوترخت:乌特勒支
مقاطعة أوترخت:乌特勒支省
مقاطعة أوترخت:烏得勒支
مقاطعة أوترخت:烏特勒支省
مقاطعة أوتينا:乌泰纳县
مقاطعة أوجي:威热省
مقاطعة أوجي:威熱省
مقاطعة أورانج:橘郡
مقاطعة أورانج:橙县
مقاطعة أورانج:橙縣
مقاطعة أوسترغوتلاند:东约特兰省
مقاطعة أوفالي:奧法利郡
مقاطعة أوكتيابر:十月区
مقاطعة إشكاشم:伊什卡希姆县
مقاطعة إلباسان:艾巴申州
مقاطعة الشرق األوسط:上東部大區
مقاطعة الشمال الشرقي:東北區
مقاطعة العاصمة الأسترالية:首都领地
مقاطعة باتكين:巴特肯区
مقاطعة باغجة‌سراي:巴赫奇萨赖区
مقاطعة بانفيلوف:彼尔姆区
مقاطعة بانيفيزيس:帕内韦日斯县
مقاطعة بتلر:巴特勒縣
مقاطعة براكين:布拉肯縣
مقاطعة بريفارد (فلوريدا):布里瓦德县
مقاطعة بريفارد (فلوريدا):布里瓦德縣
مقاطعة بريفارد (فلوريدا):布里瓦德郡
مقاطعة بليكينج:布萊金厄省
مقاطعة بلينز ويلهمز:威廉平原區
مقاطعة بنغو:本哥省
مقاطعة بنغو:本戈省
مقاطعة بنغيلا:本格拉省
مقاطعة بنغيلا:班圭拉省
مقاطعة بوثا-بوث:布塔-布泰區
مقاطعة بورغاس:布尔加斯州
مقاطعة بووانغ:博望区
مقاطعة بووانغ:博望區
مقاطعة بوون:布恩縣
مقاطعة بيرات:培拉特州
مقاطعة بيريا:伯里亞區
مقاطعة بيندلتون:彭德爾頓縣
مقاطعة بينغتونغ:屏东县
مقاطعة بينغتونغ:屏東縣
مقاطعة بيي:比耶省
مقاطعة تايتونغ:Táidong Siàn
مقاطعة تايتونغ:Táidōng Xiàn
مقاطعة تايتونغ:台东县
مقاطعة تايتونغ:臺東縣
مقاطعة تايوان:Táiwan Shěng
مقاطعة تايوان:Táiwān Shěng
مقاطعة تايوان:ㄊㄞˊ ㄨㄢ ㄕㄥˇ
مقاطعة تايوان:台湾省
مقاطعة تايوان:臺灣省
مقاطعة تسوين وان:荃湾
مقاطعة تسوين وان:荃灣
مقاطعة تشانغوا:Jhanghuà Siàn
مقاطعة تشانغوا:Zhānghuà Xiàn
مقاطعة تشانغوا:彰化县
مقاطعة تشانغوا:彰化縣
مقاطعة تشنغ:chéng xiàn
مقاطعة تشنغ:成县
مقاطعة تشنغ:成縣
مقاطعة تشيتري:奇特雷
مقاطعة تولي بي:托列比区
مقاطعة تونق:托恩区
مقاطعة تيبيراري:蒂珀雷里郡
مقاطعة تيرانا:地拉那州
مقاطعة تيرون:蒂龍郡
مقاطعة ثابا-تسيكا:塔巴-采卡區
مقاطعة ثانه هوا:清化省
مقاطعة جاكسون:傑克遜縣
مقاطعة جاكسون:傑克遜郡
مقاطعة جاكسون:杰克逊县
مقاطعة جاييل:加依勒区
مقاطعة جبرائيل:傑布拉伊爾區
مقاطعة جنوب ماتابيليلاند:南馬塔貝萊蘭省
مقاطعة جيجو:济州特別自治道
مقاطعة جيجو:济州特别自治道
مقاطعة جيجو:濟州特別自治道
مقاطعة جينغهو:鏡湖區
مقاطعة جينغهو:镜湖区
مقاطعة خرونينغن:格罗宁根省
مقاطعة خرونينغن:格羅寧根省
مقاطعة دارجيلنغ:大吉岭
مقاطعة دانغتو:Dangtu Xian
مقاطعة دانغتو:当涂县
مقاطعة دانغتو:當塗
مقاطعة دانغتو:當塗縣
مقاطعة داوجينغ:Dàochéng Xiàn
مقاطعة داوجينغ:稻城县
مقاطعة داوجينغ:稻城縣
مقاطعة داون:唐郡
مقاطعة دروازه بالا:上达尔瓦兹县
مقاطعة دوريس:杜勒斯州
مقاطعة دوفال (فلوريدا):杜瓦尔县
مقاطعة دوفال (فلوريدا):杜瓦爾縣
مقاطعة دوفال (فلوريدا):杜瓦爾郡
مقاطعة ديبر:第巴爾州
مقاطعة ديفيدسون:戴维森县
مقاطعة روسكومون:羅斯康芒郡
مقاطعة زائير:扎伊尔省
مقاطعة زائير:薩伊省
مقاطعة زاهدان:扎黑丹县
مقاطعة زغرب:札格雷布縣
مقاطعة زغرب:萨格勒布县
مقاطعة سانت جونز (فلوريدا):圣约翰斯县
مقاطعة سانت جونز (فلوريدا):聖約翰斯縣
مقاطعة سانت جونز (فلوريدا):聖約翰斯郡
مقاطعة سانتا كروز:圣塔克鲁兹县
مقاطعة سانتا كروز:聖塔克魯茲縣
مقاطعة سانتا كروز:聖塔克魯茲郡
مقاطعة سانتا كلارا:圣克拉拉县
مقاطعة سانتا كلارا:聖克拉拉縣
مقاطعة سانتا كلارا:聖塔克拉拉郡
مقاطعة سوفيتسكي:蘇維埃茨卡亞區
مقاطعة سومرست:森麻實郡
مقاطعة سومرست:森麻錫郡
مقاطعة سيونيك:休尼克省
مقاطعة سيونيك:蕭力省
مقاطعة شاهرود:沙鲁德县
مقاطعة شكودر:士科德州
مقاطعة شهرستان:沙赫里斯通区
مقاطعة شوتشنغ:Shūchéng Xiàn
مقاطعة شوتشنغ:舒城
مقاطعة شوتشنغ:舒城县
مقاطعة شوتشنغ:舒城縣
مقاطعة شياي:Jiayì Siàn
مقاطعة شياي:Jiāyì Xiàn
مقاطعة شياي:ㄐㄧㄚ ㄧˋ ㄒㄧㄢˋ
مقاطعة شياي:嘉义县
مقاطعة شياي:嘉義縣
مقاطعة شيزلويني:希塞卢韦尼
مقاطعة طاشقورغان طاجيك:Tǎshíkù'ěrgān Tǎjíkè Zìzhìxiàn
مقاطعة طاشقورغان طاجيك:塔什库尔干塔吉克自治县
مقاطعة طاشقورغان طاجيك:塔什庫爾干塔吉克自治縣
مقاطعة علم الدين:阿拉梅金区
مقاطعة عيني:艾尼区
مقاطعة غراند بورت:大港区
مقاطعة غراند بورت:大港區
مقاطعة غفوروف:加福罗夫区
مقاطعة غيروكاستر:吉羅卡斯特州
مقاطعة فستمانلاند:西曼兰省
مقاطعة فلاسك:弗拉克区
مقاطعة فلاسك:弗拉克區
مقاطعة فلوره:夫羅勒州
مقاطعة فيض آباد:費札巴德
مقاطعة فيض آباد:费扎巴德
مقاطعة فيض آباد:费扎巴德/費札巴德
مقاطعة فيلنيوس:维尔纽斯县
مقاطعة فيير (ألبانيا):非夏爾州
مقاطعة فيينتيان:万象地区
مقاطعة قاخاز نك:加查斯內克區
مقاطعة قدمجاي:卡达姆扎伊区
مقاطعة قلعة نو:瑙堡
مقاطعة قوثنغ:古廷區
مقاطعة قونغيرات:昆格勒区
مقاطعة كابل:喀布尔
مقاطعة كابل:喀布尔/喀布爾
مقاطعة كابل:喀布爾
مقاطعة كابيندا:卡宾达省
مقاطعة كابيندا:喀丙達省
مقاطعة كارغل:卡基尔县
مقاطعة كارلو:卡洛郡
مقاطعة كاشان:卡尚地区
مقاطعة كافان:卡文郡
مقاطعة كالهون:卡爾霍恩縣
مقاطعة كامببيل:坎貝爾縣
مقاطعة كامو:賀茂郡
مقاطعة كامو:贺茂郡
مقاطعة كاوناس:考纳斯县
مقاطعة كرابينا زاغوريه:克拉皮納-扎戈列縣
مقاطعة كرابينا زاغوريه:克拉皮纳-扎戈列县
مقاطعة كري:凱里郡
مقاطعة كغاتلنغ:卡特倫區
مقاطعة كغاركونيك:格加古力省
مقاطعة كغاركونيك:格加爾庫尼克省
مقاطعة كغالاجادي:卡拉哈迪區
مقاطعة كلايبيدا:克莱佩达县
مقاطعة كلايبيدا:克萊佩達縣
مقاطعة كلير:克莱尔郡
مقاطعة كليرمونت:克萊蒙縣
مقاطعة كواندو كوبانغو:宽多-库邦戈省
مقاطعة كواندو كوبانغو:庫安多古班哥省
مقاطعة كوانزا سول:南宽扎省
مقاطعة كوانزا سول:南廣薩省
مقاطعة كوانزا نورت:北宽扎省
مقاطعة كوانزا نورت:北廣薩省
مقاطعة كورتشي:科赤州
مقاطعة كورك:科克郡
مقاطعة كوستروما:科斯特罗马州
مقاطعة كوستروما:科斯特羅馬州
مقاطعة كوكس:库克斯州
مقاطعة كوكس:庫克斯州
مقاطعة كولونيا:科隆行政区
مقاطعة كونيني:库内内省
مقاطعة كونيني:庫內納省
مقاطعة كويننغ:奎嫩區
مقاطعة كيلدير:基尔代尔郡
مقاطعة كيلكيني:基爾肯尼郡
مقاطعة كينتون:肯頓縣
مقاطعة لجه:列澤州
مقاطعة لريب:萊里貝區
مقاطعة لواندا:罗安达省
مقاطعة لواندا:羅安達省
مقاطعة لوبومبو:卢邦博
مقاطعة لوس أنجلس:洛杉矶县
مقاطعة لوس أنجلس:洛杉磯縣
مقاطعة لوس أنجلس:洛杉磯郡
مقاطعة لوغان:洛根縣
مقاطعة لوفا:洛法县
مقاطعة لونجفورد:朗福德郡
مقاطعة لوندا سول:南倫達省
مقاطعة لوندا سول:南隆达省
مقاطعة لوندا نورتي:北倫達省
مقاطعة لوندا نورتي:北隆达省
مقاطعة لونغشوي لي:Língshuǐ Lízú Zìzhìxiàn
مقاطعة لونغشوي لي:陵水
مقاطعة لونغشوي لي:陵水县
مقاطعة لونغشوي لي:陵水縣
مقاطعة لونغشوي لي:陵水黎族自治县
مقاطعة لونغشوي لي:陵水黎族自治縣
مقاطعة ليتريم:利特里姆郡
مقاطعة ليش:萊伊什郡
مقاطعة ليلك:列依列克区
مقاطعة ليمريك:利默里克郡
مقاطعة ليه:列城县
مقاطعة ماجيموريه:梅吉穆列县
مقاطعة ماجيموريه:梅吉穆列縣
مقاطعة ماريلاند:馬里蘭縣
مقاطعة ماسيرو:馬塞盧區
مقاطعة ماشونالاند الوسطى:中馬紹納蘭省
مقاطعة مافتنغ:馬費滕區
مقاطعة مالانجي:馬蘭哲省
مقاطعة مالانجي:马兰热省
مقاطعة مسكوا:莫斯科夫斯基区
مقاطعة موخوتلنغ:莫霍特隆區
مقاطعة موكا:莫卡區
مقاطعة موكسيكو:莫希科省
مقاطعة موكسيكو:莫西古省
مقاطعة مونرو (فلوريدا):門羅郡
مقاطعة مونرو (فلوريدا):门罗县
مقاطعة موهيلز هوك:莫哈萊斯胡克區
مقاطعة ميامي داد:迈阿密-戴德县
مقاطعة ميامي داد:邁亞美戴德縣
مقاطعة ميامي داد:邁阿密-戴德郡
مقاطعة ميث:中土郡
مقاطعة ميث:米斯郡
مقاطعة ميرايامبوله:马里扬波莱县
مقاطعة ناميبي:納米貝省
مقاطعة ناميبي:纳米贝省
مقاطعة نانتو:Nántóu Siàn
مقاطعة نانتو:Nántóu Xiàn
مقاطعة نانتو:南投县
مقاطعة نانتو:南投縣
مقاطعة نانهاي:Nánhǎi Qū
مقاطعة نانهاي:南海区
مقاطعة نانهاي:南海區
مقاطعة نغي آن:乂安省
مقاطعة نوردلاند:北日德兰大区
مقاطعة نيمبا:寧巴縣
مقاطعة هاملتون:汉密尔顿县
مقاطعة هاملتون:漢密爾頓縣
مقاطعة هاملتون:漢密爾頓郡
مقاطعة هانشان:含山
مقاطعة هانشان:含山县
مقاطعة هانشان:含山縣
مقاطعة هواشان:花山区
مقاطعة هواشان:花山區
مقاطعة هوامبو:万博省
مقاطعة هوامبو:萬博省
مقاطعة هونولولو:檀香山市县
مقاطعة هونولولو:檀香山市縣
مقاطعة هويلا:威拉省
مقاطعة هي:和县
مقاطعة هي:和縣
مقاطعة هيغاشيمورو:东牟娄郡
مقاطعة هيغاشيمورو:東牟婁郡
مقاطعة هيلزديل:希爾斯代爾縣
مقاطعة واخان:瓦罕县
مقاطعة وارن:沃伦县
مقاطعة وارن:沃倫縣
مقاطعة وارن:禾倫縣
مقاطعة وارن:華倫郡
مقاطعة وانج:万季区
مقاطعة وترفورد:沃特福德郡
مقاطعة وستميث:韋斯特米斯郡
مقاطعة وكسفورد:韦克斯福德郡
مقاطعة يافلبورغ:耶夫勒堡省
مقاطعة يجيانغ:弋江区
مقاطعة يجيانغ:弋江區
مقاطعة يوشان:雨山区
مقاطعة يوشان:雨山區
مقاطعة يونلين:Yúnlín Siàn
مقاطعة يونلين:Yúnlín Xiàn
مقاطعة يونلين:云林县
مقاطعة يونلين:雲林縣
مقاطعة يوين لونغ:元朗区
مقاطعة يوين لونغ:元朗區
مقاطعةغانزي:杭濟區
مقاطغة شمال غرب:西北區
مقبرة الحرب البولندية في مونتي كاسينو:卡西諾山波兰战争公墓
مقبرة الحرب البولندية في مونتي كاسينو:卡西諾山波蘭戰爭公墓
مقبرة النجف النموذجية:나자프 전형적인 묘지
مقبرة بيك الكبيرة المسيحية القديمة في مدينة سوبيانايي:佩奇的早期基督教陵墓
مقبرة سيول الوطنية:国立首尔显忠院
مقبرة سيول الوطنية:國立首爾顯忠院
مقبرة ليندنوود:林登伍德公墓
مقبرة همايون:胡馬雍陵
مقبره مولای ادریس دوم:伊德里斯二世陵墓
مقبرہ اعتماد الدولہ:小泰姬陵
مقبرہ ہمایوں:胡馬雍陵
مقدادیه:米格达迪耶
مقدونيا الشمالية:Mǎqídùn
مقدونيا الشمالية:北馬其頓
مقدونيا الشمالية:北馬其頓共和國
مقدونيا الشمالية:北马其顿
مقدونيا الشمالية:北马其顿 / 北馬其頓
مقدونیه شمالی:Mǎqídùn
مقدونیه شمالی:北馬其頓
مقدونیه شمالی:北馬其頓共和國
مقدونیه شمالی:北马其顿
مقدونیه شمالی:北马其顿 / 北馬其頓
مقديشو:摩加迪沙
مقر الأمم المتحدة:Liánhéguó Zǒngbù Dàlóu
مقر الأمم المتحدة:联合国总部大楼
مقر الاتحاد الأفريقي:非盟总部
مقهى الحاج علي محي الدين:阿里糖果铺
مقهى السفر:旅行咖啡馆
مكة:麥加
مكة:麦加
مكتب الأمم المتحدة:联合国办公室
مكتب البريد المركزي سايجون:西貢中心郵政局
مكتب البريد المركزي سايجون:西贡中心邮政局
مكتب المبيعات:销售办公室
مكتب المحامي ناكازاوا يوكو:中澤裕子司法書士事務所
مكتب المفقودات:行李认领处
مكتب تذاكر مواقف السيارات:停车票务处
مكتب تمثيل تايوان:台灣代表處
مكتب كاتب العدل سايجون:西贡公证处
مكتبة ألبانيا الوطنية:阿爾巴尼亞國家圖書館
مكتبة بودلي:牛津大学博德利图书馆
مكتبة بولاندا الوطنيه:波兰国家图书馆
مكتبة بولاندا الوطنيه:波蘭國家圖書館
مكتبة يوكوشيباهيكاري العامة:橫芝光町公共圖書館
مكتبه البانيا الوطنيه:阿爾巴尼亞國家圖書館
مكدونالدز:麥當勞
مكدونالدز:麦当劳
مكري:馬加里亞省
مكسر:望加锡
مكلا:穆卡拉
مكلنبورغ فوربمرن:梅克伦堡-前波美拉尼亚
مكلنبورغ فوربمرن:梅克伦堡—前波美拉尼亚州
مكلنبورغ فوربمرن:梅克倫堡—西波美拉尼亞州
مكلنبورغ:梅克伦堡
مكناس:メクネス
مكناس:梅克内斯
مل:馬爾島
ملئوز:梅列烏茲
ملائشیا:Mǎláixīyà
ملائشیا:馬來西亞
ملائشیا:马来西亚
ملائيشيا:馬來西亞
ملائيشيا:马来西亚
ملائیشیا کا اعزازی قونصل خانہ:马来西亚名誉领事馆
ملائیشیا کا سفارت خانہ:马来西亚大使馆
ملائیشیا:馬來西亞
ملائیشیا:马来西亚
ملابو:馬拉博
ملابو:马拉博
ملاذكرد:馬拉茲吉爾特
ملاذكرد:马拉兹吉尔特
ملازگر:馬拉茲吉爾特
ملازگرد:馬拉茲吉爾特
ملازگرد:马拉兹吉尔特
ملاس:薩納托爾諾耶
ملاوي:Mǎlāwéi
ملاوي:馬拉威
ملاوي:馬拉維
ملاوي:马拉维
ملاوي:马拉维 / 馬拉威
ملاوی:Mǎlāwéi
ملاوی:馬拉威
ملاوی:馬拉維
ملاوی:马拉维
ملاوی:马拉维 / 馬拉威
ملاکا:马六甲州
ملاکنډ څانګه‎:马拉坎专区
ملاکی:梅拉基區
ملبورن:墨尔本
ملبورن:墨爾本
ملبورن:墨爾本/墨尔本
ملتان انٹرنیشنل ایئر پورٹ:木尔坦国际机场
ملتان بین الاقوامی ہوائی اڈا:木尔坦国际机场
ملتان:木尔坦
ملجيت:姆列特岛
ملجيت:姆列特島
ملطية:马拉蒂亚
ملطی:马拉蒂亚
ملطیه:马拉蒂亚
ملعب آل خور:艾豪尔体育场
ملعب أحمد بن علي:艾哈迈德·本·阿里体育场
ملعب أنفيلد:安菲尔德球场
ملعب أنفيلد:晏菲路球場
ملعب الشعب الدولي:青年党国际体育场
ملعب جاسم بن حمد:贾西姆·本·哈马德体育场
ملعب سامونلاهتي الرياضي:薩蒙拉赫蒂運動場
ملعب سامونلاهتي لكرة القدم:薩蒙拉赫蒂足球場
ملعب فيلودروم:橙色自行车赛场
ملعب ماي دينه الوطني:美亭國家體育場
ملعب ملبورن المستطيل:墨爾本勝利
ملعب ميتاليست:哈尔科夫梅塔利斯特体育场
ملعب هانغ داي:行待体育场
ملعب هونغ ثانه رقم 1:興盛一號油田
ملعب ويمبلي:温布利球场
ملعب ويمبلي:溫布萊球場
ملقا:馬六甲市
ملقا:马六甲州
ملقا:马六甲市
ملكال:馬拉卡勒
ملكال:马拉卡勒
ملواکی:Mì'ěrwòjī
ملواکی:密尔沃基
ملواکی:密爾瓦基
مليسيا:馬來西亞
مليسيا:马来西亚
مليلية:梅利利亚
مليوز:梅列烏茲
ملکئوک:梅莱凯奥克
ملکئوک:梅萊凱奧克
ملیتوپول:梅利托波爾
ملیجت:姆列特岛
ملیجت:姆列特島
ملیشیا:Mǎláixīyà
ملیشیا:馬來西亞
ملیشیا:马来西亚
ملیله:梅利利亚
ملیلہ:梅利利亚
ملیلیه:梅利利亚
ممبئي:孟买
ممبئي:孟買
ممبئی نو:新孟买
ممبئی:孟买
ممبئی:孟買
ممباسا کاؤنٹی:蒙巴萨
ممباسة:蒙巴萨
ممباسہ:蒙巴萨
ممباواه:喃吧哇
ممبای:孟买
ممبای:孟買
ممدقلعه:馬梅德卡拉
ممر العمالقة وساحله:巨人之路”及其海岸
ممر خيبر:开伯尔山口
ممر دريك:德雷克海峡
ممفيس ومقبرتها منطقة الأهرام من الجيزة إلى دهشور:孟菲斯及其墓地金字塔
مملكة الدنمارك:丹麥王國
مملكة الدنمارك:丹麦王国
مملكة حدائق ديساو- فورليتز:德绍－沃尔利茨园林王国
مملکت متحدہ:英国
مملکت متحدہ:英国 / 英國
مملکت متحدہ:英國
ممنوعگاه دولتی طبیعی بیشه پلنگان:虎谷自然保护区
من-ا-لوآر:曼恩-卢瓦尔省
منابه:梅納貝區
منادو:万鸦老
منار دی کھاڑی:曼納灣
منار دی کھاڑی:曼纳湾
مناره کلان:宣禮塔
مناس:玛纳斯
مناس:瑪納斯
منامه:麥納瑪
منامه:麥納麥
منامہ:麥納瑪
منامہ:麥納麥
مناوغات:馬納夫加特
منبج:曼比季
منتجع تلال تابوري للجولف والاستجمام:塔博里山高尔夫休闲中心
منتجع تلال تابوري للجولف والاستجمام:塔博里山高爾夫休閒中心
منتزه إيغوازو الوطني:伊瓜苏国家公园
منتزه براكين هاواي الوطني:夏威夷火山国家公园
منتزه بركان تال الطبيعي:Tǎěr huǒshān zìrán gōngyuán
منتزه بركان تال الطبيعي:塔爾火山自然公園
منتزه بركان تال الطبيعي:塔阿尔火山自然公园
منتزه تونغاريرو الوطني:汤加里罗国家公园
منتزه داريان الوطني:达连国家公园
منتزه ريدوود الوطني:红杉国家公园
منتزه ريو أبيزيو الوطني:里奥阿比塞奥国家公园
منتزه سيرا دا كابيفارا الوطني:卡皮瓦拉山国家公园
منتزه غابة الثقافة:文化森林公园
منتزه غاراخوناي الوطني:加拉霍艾国家公园
منتزه كهف ماموت الوطني:猛玛洞穴国家公园
منتزه مانو الوطني:玛努国家公园
منتزه متاتسميندا:姆塔茨明达公园
منتزه متاتسميندا:姆塔茨明達公園
منتزه مورن تروا بيتون الوطني:三峰山国家公园
منتزه موهيلي البحري:莫赫里海洋公园
منتزه موهيلي البحري:莫赫里海洋公園
منتزه ميسا فردي الوطني:梅萨维德印第安遗址
منتزه ناهاني الوطني:納漢尼國家公園
منتزه ناهاني الوطني:纳汉尼国家公园
منتزه هواسكاران الوطني:瓦斯卡兰国家公园
منتزه ييلوستون الوطني:黄石国家公园
منتزها إيشيغوالاستو - تالامبايا الطبيعيان:伊沙瓜拉斯托－塔拉姆佩雅自然公园
منثاليس:马尼萨莱斯
منخفض طوران:图兰低地
مندفرا:門德費拉
مندوزا:門多薩
مندوزا:门多萨
مندوسا:門多薩
مندوسا:门多萨
مندي بهاؤ الدين:门迪伯哈乌丁
مندی بهاءالدین:门迪伯哈乌丁
مندی:门迪
مندیفیرا:門德費拉
مندیلو:明德盧
منرالني فودي:礦水城
منرو کاؤنٹی، فلوریڈا:門羅郡
منرو کاؤنٹی، فلوریڈا:门罗县
منزفیلد:曼斯菲
منزفیلد:曼斯菲爾德
منزلي:我的家
منزلینسک:緬澤林斯克
منزيلينسك:緬澤林斯克
منزيني:曼齊尼區
منسفیلد:曼斯菲
منسفیلد:曼斯菲爾德
منسٹر:明斯特
منسک:明斯克
منسڪ:明斯克
منشأة فردو لتخصيب اليورانيوم:福尔多燃料浓缩厂
منصورة:曼苏拉
منصورہ، غردایہ:曼苏拉
منطاد الهواء الساخن:热气球
منطقة أبيى:阿卜耶伊地区
منطقة أدهمبور:乌坦布尔县
منطقة أشانتي:阿散蒂大區
منطقة أعزاز:阿扎兹区
منطقة أنوسي:阿諾西區
منطقة إقريطش:克里特大区
منطقة إيتاسي:伊塔西區
منطقة إيلنغ:伊靈區
منطقة استخراج المناجم من جبل النحاس الكبير في فالون:法伦的大铜山采矿区
منطقة الأتارب:阿塔勒布区
منطقة الأمم المتحدة العازلة:塞浦路斯联合国缓冲区
منطقة الأمم المتحدة العازلة:賽普勒斯聯合國緩衝區
منطقة الأناضول الشرقية:东安纳托利亚地区
منطقة الأورال الاقتصادية:乌拉尔经济区
منطقة الأورال الاقتصادية:烏拉爾經濟區
منطقة الأورو:欧元区
منطقة الأورو:歐元區
منطقة الباب:巴卜区
منطقة الباحة:巴哈省
منطقة البحر الأبيض المتوسط:地中海地区
منطقة البحر الأحمر الجنوب:南紅海區
منطقة البحر الأحمر الشمال:北紅海區
منطقة البحر الأسود:黑海地区
منطقة التبت ذاتية الحكم:Xīzàng Zìzhìqū
منطقة التبت ذاتية الحكم:西藏
منطقة التبت ذاتية الحكم:西藏自治区
منطقة التبت ذاتية الحكم:西藏自治區
منطقة الجنوب:南部区
منطقة الجنوب:南部區
منطقة الجنوب:南部地區
منطقة الجوف:焦夫省
منطقة الحدود الشمالية:北部边疆省
منطقة الرقة:拉卡区
منطقة الرور:鲁尔区
منطقة الرياض:利雅得省
منطقة السفانا:萨凡纳大区
منطقة العاصمة الاتحادية لنيجيريا:聯邦首都特區
منطقة القارية:陆上领地
منطقة القاش وبركا:加什-巴爾卡區
منطقة القامشلي:卡米什利区
منطقة القبائل:卡比利亚
منطقة القدس:耶路撒冷区
منطقة القدس:耶路撒冷區
منطقة القصيم:盖西姆省
منطقة الماغوصة:法马古斯塔区
منطقة المدينة المنورة:麦地那省
منطقة المركز:中部区
منطقة بانمون:板門區
منطقة بانمون:板门区
منطقة برتشكو:布尔奇科区
منطقة برتشكو:布爾奇科區
منطقة بيبور الإدارية الكبرى:皮波行政区
منطقة تبوك:塔布克省
منطقة تدمر:泰德穆尔区
منطقة تشان تشان الأثريّة:昌昌城考古地区
منطقة تشرنوبل المحظورة:切尔诺贝利核电站隔离区
منطقة تشوبو:中部地方
منطقة تشوغوكو:中国地方
منطقة تشوغوكو:中国地方 / 中國地方
منطقة تشوغوكو:中國地方
منطقة تشوي:楚河州
منطقة تعدين الصوان التي تعود لفترة ما قبل التاريخ في كرازمنسكي:科舍米翁奇的史前条纹燧石矿区
منطقة تل أبيب:特拉维夫区
منطقة تل أبيب:臺拉維夫區
منطقة توهوكو:东北地方
منطقة توهوكو:东北地方 / 東北地方
منطقة توهوكو:東北地方
منطقة تيانخه:Tiānhé Qū
منطقة تيانخه:天河区
منطقة تيانخه:天河區
منطقة ج:C区
منطقة ج:C區
منطقة جازان:吉赞省
منطقة جاكرتا العاصمة:雅加达首都特区
منطقة جاكرتا العاصمة:雅加达首都特区 / 雅加達首都特區
منطقة جاكرتا العاصمة:雅加達首都特區
منطقة جبل فوجي:富士山域
منطقة جرابلس‎‎:贾拉布鲁斯区
منطقة حائل:哈伊勒省
منطقة حيفا:海法区
منطقة دوما:杜马区
منطقة ديانا:第亞那區
منطقة روس:罗斯属地
منطقة ساتون:薩頓區
منطقة سافا:薩瓦區
منطقة سانغلي:桑格利
منطقة سربل:萨尔普勒
منطقة سربل:萨尔普勒/薩爾普勒
منطقة سربل:薩爾普勒
منطقة شمال القوقاز الفيدرالية:北高加索联邦管区
منطقة شمال القوقاز الفيدرالية:北高加索聯邦管區
منطقة صوفيا:索非亞區
منطقة عسير:阿西尔省
منطقة عفرين:阿夫林区
منطقة عنسبا:安塞巴區
منطقة عين العرب:艾因阿拉伯区
منطقة غزني:加兹尼
منطقة غزني:加茲尼
منطقة فيدرالية أورالية:乌拉尔联邦管区
منطقة فيدرالية أورالية:烏拉爾聯邦管區
منطقة فيدرالية جنوبية:南部联邦管区
منطقة فيدرالية جنوبية:南部聯邦管區
منطقة قاراماي:Kèlāmǎyī Qū
منطقة قاراماي:克拉玛依区
منطقة قاراماي:克拉瑪依區
منطقة كاخيتي:卡赫季州
منطقة كانتابريا:坎塔布里亚
منطقة كانتو:关东地方
منطقة كانتو:关东地方 / 關東地方
منطقة كانتو:關東地方
منطقة كانساي:近畿
منطقة كانساي:近畿地方
منطقة كاولاك:考拉克区
منطقة كتش:卡奇县
منطقة كمامان:甘马挽县
منطقة كيدوغو:凯杜古区
منطقة كيزيمو:基蘇木郡
منطقة ماسفينغو:馬斯溫戈省
منطقة محرمة:無人區 (一戰)
منطقة مرمرة:马尔马拉大区
منطقة مكة المكرمة:麦加省
منطقة منبج:曼比季区
منطقة نانديد:南德德
منطقة نجران:奈季兰省
منطقة نجورونجورو المحمية:恩戈罗恩戈罗保护区
منطقة نجورونجورو المحمية:恩戈羅恩戈羅保護區
منطقة نيقوسيا:尼科西亚
منطقة نيلور:内洛尔县
منطقة هوكايدو:北海道地方
منطقة وسط الأناضول:中部安那托利亚地区
منطقة يوقياكرتا:日惹特区
منطقه آداماوا:阿达马瓦区
منطقه آنسبا:安塞巴區
منطقه آنسبا:安塞巴地區
منطقه آگادز:阿加德兹大区
منطقه اتفاق:tuánjié jiēdào
منطقه اتفاق:团结街道
منطقه ارونگو:埃龍戈區
منطقه اسکان چاودوک:周德安置区
منطقه الباحه:巴哈省
منطقه الجوف:焦夫省
منطقه الحدود الشماليه:北部边疆省
منطقه الرياض:利雅得省
منطقه القصيم:盖西姆省
منطقه المدينه المنوره:麦地那省
منطقه امهارا:阿姆哈拉州
منطقه اوتجوزوندجوپا:奥乔宗朱帕区
منطقه اورومیا:奧羅米亞州
منطقه اوشانا:奥沙纳区
منطقه اوشیکوتو:奥希科托区
منطقه اوماهکه:奥马海凯区
منطقه اوموساتی:奥穆萨蒂区
منطقه اومون:乌门郡
منطقه اومون:烏門郡
منطقه اوهانگونا:奧漢圭納區
منطقه اکنگ:Àchéng Qū
منطقه اکنگ:阿城区
منطقه اکنگ:阿城區
منطقه ایلینگ لندن:伊靈區
منطقه ایویرغول:Yīzhōu Qū
منطقه ایویرغول:伊州区
منطقه ایویرغول:伊州區
منطقه باغاخانغای:巴嘎杭盖苏木
منطقه باغانور:巴嘎努尔
منطقه بش‌یوتلوک:jiànshè jiēdào
منطقه بش‌یوتلوک:建設街道
منطقه بش‌یوتلوک:建设街道
منطقه بنیشانگول-گوموز:本尚古勒-古馬茲州
منطقه بین‌توی:平水郡
منطقه بی‌طرف:無人區 (一戰)
منطقه تاجوره:塔朱拉州
منطقه تان ترو:新柱縣
منطقه تان سن:新山县
منطقه تان سن:新山縣
منطقه تان فو دونگ:新富東縣
منطقه تان فوک:新福縣
منطقه تان لاک:新乐县
منطقه تان لاک:新樂縣
منطقه تان لین:性靈縣
منطقه تان چاو:新珠縣
منطقه تان کی:新琦县
منطقه تان کی:新琦縣
منطقه تان یوین:新淵縣
منطقه تان یوین:新渊县
منطقه تان یین:新安县
منطقه تان یین:新安縣
منطقه تای گیانگ:西江县
منطقه تای گیانگ:西江縣
منطقه تای‌هوا:西和县
منطقه تای‌هوا:西和縣
منطقه تبوك:塔布克省
منطقه تجاری شهرستان چاودوک:周德县上买中心
منطقه ترا بونگ:茶蓬县
منطقه ترا بونگ:茶蓬縣
منطقه ترانگ دین:長定縣
منطقه ترانگ دین:长定县
منطقه تنگی‌تاغ:tiānshān jiēdào
منطقه تنگی‌تاغ:天山街道
منطقه توتونگ:都东县
منطقه توتونگ:都東縣
منطقه توت‌نوت:禿衂郡
منطقه تین گیا:静嘉县
منطقه تین گیا:靜嘉縣
منطقه تیگرای:提格雷州
منطقه تی‌یس:捷斯区
منطقه جازان:吉赞省
منطقه جدید پینگشان:Píngshān Qū
منطقه جدید پینگشان:坪山区
منطقه جدید پینگشان:坪山區
منطقه جنوب برزیل:南部
منطقه جنوب شرقی برزیل:东南部
منطقه جنوب غربی:西南区
منطقه جنوب:南部区
منطقه جنوبی (اریتره):南部區 (厄立特里亞)
منطقه جنوبی مالاوی:南部区
منطقه جنوبی:南部區
منطقه جنوبی:南部地區
منطقه جنوبی، هنگ کنگ:南区
منطقه جنوبی، هنگ کنگ:南區
منطقه جوهور بهرو:新山县
منطقه جیبوتی:吉布提
منطقه حائل در مرز لهستان و بلاروس:波兰-白俄罗斯边境缓冲区
منطقه حارم:哈利姆區
منطقه حايل:哈伊勒省
منطقه حفاظت‌شده انگورونگورو:恩戈罗恩戈罗保护区
منطقه حفاظت‌شده انگورونگورو:恩戈羅恩戈羅保護區
منطقه خودمختار تبت:Xīzàng Zìzhìqū
منطقه خودمختار تبت:西藏
منطقه خودمختار تبت:西藏自治区
منطقه خودمختار تبت:西藏自治區
منطقه دریای سرخ جنوبی:南紅海區
منطقه دریای سرخ شمالی:北紅海區
منطقه ریچموند آپون تیمز لندن:泰晤士河畔列治文區
منطقه زامبزی:赞比西区
منطقه زیگینچور:济金绍尔区
منطقه ساتن لندن:薩頓區
منطقه ساوان:草原區
منطقه سایباغ:sàyībāgé jiēdào
منطقه سایباغ:萨依巴格街道
منطقه سایباغ:薩依巴格街道
منطقه سلطنتی کنزینگتون و چلسی:肯辛頓和切爾西區
منطقه سومالی:索马里州
منطقه شرق:东部区
منطقه شرقی گول:dōnghú jiēdào
منطقه شرقی گول:东湖街道
منطقه شرقی گول:東湖街道
منطقه شمال برزیل:巴西北部
منطقه شمال دور:極北區
منطقه شمال شرقی برزیل:东北部
منطقه شمال غربی:西北區
منطقه شمال:北部區
منطقه شمالی مالاوی:北部区
منطقه شهری سیمفروپول:辛菲罗波尔市
منطقه شهری سیمفروپول:辛菲罗波尔市 / 辛費羅波爾市
منطقه شهری سیمفروپول:辛費羅波爾市
منطقه صنعتی باغكور:小型工业场所
منطقه صنعتی بزرگ:大工业区
منطقه صنعتی فاتيه:法提赫工业场所
منطقه عسير:阿西尔省
منطقه عفار:阿法尔州
منطقه عفرین:阿夫林区
منطقه غرب:西部区
منطقه فدرال:联邦区
منطقه فدرال:聯邦區
منطقه قامشلی:卡米什利区
منطقه قانزی:杭濟區
منطقه لیتورال:濱海區
منطقه ماریتیم:濱海區 (多哥)
منطقه مانزینی:曼齊尼區
منطقه ماورای قراقروم:沙克思干谷地
منطقه ماژلان و جنوبگان شیلی:麥哲倫—智利南極大區
منطقه ماژلان و جنوبگان شیلی:麦哲伦—智利南极大区
منطقه مرکز-غرب برزیل:巴西中西部
منطقه مرکز:中部区
منطقه مرکزی (اریتره):中部區 (厄立特里亞)
منطقه مرکزی مالاوی:中央区
منطقه مرکزی:中部區
منطقه مرکزی:中部地區
منطقه مرکزی، توگو:中部区 (多哥)
منطقه مكه:麦加省
منطقه ملی حفاظت شده نارین:纳伦国家自然保护区
منطقه موکات‌لانگ:莫霍特隆區
منطقه نارین:纳伦州
منطقه نجران:奈季兰省
منطقه ندونگ:Nǎidōng Qū
منطقه ندونگ:乃东区
منطقه ندونگ:乃東區
منطقه نشفوتزار:Líxiāng Jiēdào
منطقه نشفوتزار:梨香街道
منطقه نین‌کیئو:宁桥郡
منطقه نین‌کیئو:寧橋郡
منطقه هارداپ:哈达普区
منطقه هراری:哈勒爾州
منطقه هرو لندن:哈羅區
منطقه همرسمیت و فولام لندن:咸默史密夫及富咸區
منطقه همرسمیت و فولام لندن:哈默史密斯和富勒姆區
منطقه هواسونگ:和盛区
منطقه هواسونگ:和盛區
منطقه هوانگ‌پو، شانگهای:Huángpǔ Qū
منطقه هوانگ‌پو، شانگهای:黃浦區
منطقه هوانگ‌پو، شانگهای:黄浦区
منطقه هوایروو:Huáiróu Qū
منطقه هوایروو:怀柔区
منطقه هوایروو:懷柔區
منطقه هوت-باسین:上盆地大区
منطقه هیلینگدون لندن:希靈登區
منطقه وینتیان:万象地区
منطقه پلاتو:高原区
منطقه کارا:卡拉区
منطقه کاروو:Kǎruò Qū
منطقه کاروو:卡若区
منطقه کاروو:卡若區
منطقه کای‌ژانگ:丐𪘵郡
منطقه کرویدون لندن:克羅伊登區
منطقه کمدن لندن:劍頓區
منطقه کمدن لندن:卡姆登區
منطقه کوئننگ:奎嫩區
منطقه کوماس:霍马斯区
منطقه کوننه:库内内区
منطقه کگالاگادی:卡拉哈迪區
منطقه گاش-بارکا:加什-巴爾卡區
منطقه گاش-بارکا:加什-巴爾卡地區
منطقه گامبلا:甘貝拉州
منطقه ینگی‌شهر:xīnchéng jiēdào
منطقه ینگی‌شهر:新城街道
منطقه یوئن لانگ:元朗区
منطقه یوئن لانگ:元朗區
منطقهٔ رور:鲁尔区
منظر مابونغوبوي الثقافي:马蓬古布韦文化景观
منظمة الأغذية والزراعة للأمم المتحدة:联合国粮食及农业组织
منظمة الأمم المتحدة للطفولة (اليونيسيف):联合国国际儿童基金会（儿童基金会）/聯合國國際兒童基金會（兒童基金會）
منظمة التعاون الاقتصادي للبحر الأسود:黑海经济合作组织
منظمة الدول التركية:突厥國家組織
منظمة حظر الأسلحة الكيميائية:禁止化学武器组织
منغوليا الداخلية:Nèi Měnggǔ Zìzhìqū
منغوليا الداخلية:內蒙古自治區
منغوليا الداخلية:内蒙古自治区
منغوليا:蒙古
منغوليا:蒙古国
منغوليا:蒙古國
منفلوط:曼費盧特
منمن:米尼曼
منهایم آم راین:莱茵河畔林茨蒙海姆
منهایم آم راین:蒙海姆阿姆赖因
منهتن بیچ:曼哈顿海滩
منهتن:曼哈頓
منهتن:曼哈顿
منوبه:馬努巴省
منوبہ:馬努巴省
منوفهی:馬努法希區
منوفیه اوستانی:米努夫省
منيابولس:明尼亞波利斯
منيابولس:明尼阿波利斯
منيلا:馬尼拉
منيلا:马尼拉
منيلا:马尼拉 / 馬尼拉
منچستر بزرگ:大曼徹斯特
منچستر بزرگ:大曼徹斯特郡
منچستر:曼彻斯特
منچستر:曼徹斯特
منڈی بهاؤالدین‬:门迪伯哈乌丁
منڈی بہاؤالدین:门迪伯哈乌丁
منڈی بہاؤدین:门迪伯哈乌丁
منڈی:门迪
منڊي بهاء الدين:门迪伯哈乌丁
منگلیا:曼加利亚
منگن سب ڈویژن:曼根
منگن ضلع:北锡金县
منگن:曼根
منگولیا کا اعزازی قونصل خانہ:蒙古名誉领事馆
منگولیا کا سفارت خانہ:蒙古大使馆
منگولیا:蒙古
منگولیا:蒙古国
منگولیا:蒙古國
منگچویر:明盖切维尔
منگیچیویر:明盖切维尔
منہانگ ضلع:閔行區
منہانگ ضلع:闵行区
منی پور:曼尼普尔邦
منی پور:曼尼普爾邦
منیا اوستانی:明亞省
منیارا:曼亞拉區
منیسوٹا:明尼苏达州
منیسوٹا:明尼苏达州/明尼蘇達州
منیسوٹا:明尼蘇達州
منیعه:古莱阿
منیلا:馬尼拉
منیلا:马尼拉
منیلا:马尼拉 / 馬尼拉
منیپور:曼尼普尔邦
منیپور:曼尼普爾邦
مهاراجليلا:馬哈拉惹里拉
مهاراجليلا:马哈拉惹里拉
مهبط أم ادريكة:乌姆阿格奈纳机场跑道
مهتارلام:米特拉姆
مهتر لام:米特拉姆
مهترلام ولسوالۍ:米特拉姆
مهترلام:米特拉姆
مهدیه:马赫迪耶
مهرجان البن الدولي السعودي:咖啡節
مهرجان الرجل المحترق:燃燒人
مهره اوستانی:迈赫拉省
مهندسی عمران:土木工程
مهندسی مواد معدنی و متالورژی:采矿与冶金材料工程
مهندسی مکانیک:机械工业
مه‌لاس:薩納托爾諾耶
مو إي رانا:摩城
مو یی رانا:摩城
موؤنگ چآ ضلع:孟查县
موؤنگ چآ ضلع:孟查縣
موئن جو دڑو:摩亨佐-达罗
موئورئا:莫雷阿岛
موئینگا:穆因加
موار:麻坡
موارو:穆瓦洛
موانزا علاقہ:姆宛札區
موانزا علاقہ:姆萬扎區
موانزا:姆宛札區
موانزا:姆萬扎區
موبارا، تشيبا:茂原市
موبارک:穆博拉克
موبتي:莫普提区
موت:穆特
موتسامودو:穆察穆杜
موتسو، آوموري:陸奧市
موتكە اۋىلى:莫特格乡
موتكە قىستاعى:莫特格村
موتكە:莫特格乡
موتلي:莫特利
موتومايا، فوكوشيما:本宮市
موتیلنه:米蒂利尼
موت‌نگان:沒岸市鎮
موت‌نگان:没岸市镇
موجايسك:莫扎伊斯克
موججا:莫日加
موجور:穆朱爾
موجوكيرتو:惹班
موجۇ ايىلى:mùjí xiāng
موجۇ ايىلى:木吉乡
موجۇ ايىلى:木吉鄉
موجۇ قىشتاعى:木吉村
موجۇ:mùjí xiāng
موجۇ:木吉乡
موجۇ:木吉鄉
موجی:mùjí xiāng
موجی:木吉乡
موجی:木吉鄉
موخوتلونگ ضلع:莫霍特隆區
مودانجيانغ:牡丹江市
مودانجیانگ:牡丹江市
مودانيا:穆丹雅
مودانیا:穆丹雅
مودان‌جیانگ:牡丹江市
مودنا:摩德納
مودنا:摩德纳
مودنة:摩德納
مودنة:摩德纳
مودورنو:莫德里纳
مودونوبو:​莫德纳巴村
موديستو:莫德斯托
مودینا:摩德納
مودینا:摩德纳
موراتپاشا:穆拉特帕夏
مورادییه:穆拉迪耶
موراكامي، نييغاتا:村上市
مورامفيا:穆拉姆维亚
مورامویا:穆拉姆维亚
مورانگا کاؤنٹی:穆蘭卡郡
موراياما، ياماغاتا:村山市
مورسکا سبتا:穆尔斯卡索博塔
مورسکا سبتا:穆爾斯卡索博塔
مورسکا سوبوتا:穆尔斯卡索博塔
مورسکا سوبوتا:穆爾斯卡索博塔
مورسکو سردیشچه:穆尔斯科斯雷迪什切
مورسکو سردیشچه:穆爾斯科斯雷迪什切
مورسکۆ سرێدیشچێ:穆尔斯科斯雷迪什切
مورسکۆ سرێدیشچێ:穆爾斯科斯雷迪什切
مورسیا:木尔西亚
مورسیا:木爾西亞
مورسیا:穆尔西亚
مورشانسك:莫爾尚斯克
مورشانسک:莫爾尚斯克
مورلیکس:莫尔莱
مورمانسك:摩尔曼斯克
مورمانسك:摩爾曼斯克
مورمانسک:摩尔曼斯克
مورمانسک:摩爾曼斯克
مورنوایس:莫伦魏斯
موره ورومسدال:默勒-鲁姆斯达尔郡
موره:米雷
موروان، هوكايدو:室蘭市
موروتو:室戶市
موروتو:室户市
موروتو، كوتشي:室戶市
موروتو، كوتشي:室户市
موروزوفسك:莫罗佐夫斯克
موروزوفسک:莫罗佐夫斯克
موروغورو:莫罗戈罗
موروغورو:莫罗戈罗区
موروغورو:莫羅戈羅區
موروم:穆罗姆
موروم:穆羅姆
مورون:木伦
مورون:木伦市
مورون:木伦苏木
مورون:木倫
موروني:莫羅尼
مورونگ‌دوون:武陵桃源面
مورونی:莫羅尼
موروگورو علاقہ:莫罗戈罗区
موروگورو علاقہ:莫羅戈羅區
موروگورو:莫罗戈罗
موروگورو:莫罗戈罗区
موروگورو:莫羅戈羅區
مورى بازىرى:Mùlěi Zhèn
مورى بازىرى:木垒镇
مورى قازاق ئاپتونوم ناھىيىسى:Mùlěi Hāsàkè Zìzhìxiàn
مورى قازاق ئاپتونوم ناھىيىسى:木垒哈萨克自治县
مورى قازاق ئاپتونوم ناھىيىسى:木壘哈薩克自治縣
مورى قازاق ئاپتونوم ناھىيىسى‎:مُ‌لُوِ خَاسَاکْ زِجِ‌ثِیًا‎
مورى قازاق ئاپتونوم ناھىيىسى‎:木垒县
مورى قازاق ئاپتونوم ناھىيىسى‎:木壘縣
مورى:مُ‌لُوِ خَاسَاکْ زِجِ‌ثِیًا‎
مورى:木垒县
مورى:木壘縣
موري قازاق اۆتونوميالى اۋدانى:Mùlěi Hāsàkè Zìzhìxiàn
موري قازاق اۆتونوميالى اۋدانى:مُ‌لُوِ خَاسَاکْ زِجِ‌ثِیًا‎
موري قازاق اۆتونوميالى اۋدانى:木垒县
موري قازاق اۆتونوميالى اۋدانى:木垒哈萨克自治县
موري قازاق اۆتونوميالى اۋدانى:木壘哈薩克自治縣
موري قازاق اۆتونوميالى اۋدانى:木壘縣
موري قالاشىعى:Mùlěi Zhèn
موري قالاشىعى:木垒镇
موريا:莫雷阿岛
موريا، إيباراكي:守谷市
مورياما، شيغا:守山市
موريتانيا:Máolǐtǎníyà
موريتانيا:毛里塔尼亚
موريتانيا:毛里塔尼亚 / 茅利塔尼亞
موريتانيا:毛里塔尼亞
موريتانيا:茅利塔尼亞
موريشس:模里西斯
موريشس:毛厘士
موريشس:毛里求斯
موريشيوس:Máolǐqiúsī
موريشيوس:模里西斯
موريشيوس:毛厘士
موريشيوس:毛里求斯
موريشيوس:毛里求斯 / 模里西斯
موريغوتشي، أوساكا:守口市
موريليا:莫雷利亚
موريوكا، إيواته:盛岡市
مورِشَس:Máolǐqiúsī
مورِشَس:模里西斯
مورِشَس:毛里求斯
مورِشَس:毛里求斯 / 模里西斯
مورکوت:莫爾科特
موریتاني:Máolǐtǎníyà
موریتاني:毛里塔尼亚
موریتاني:毛里塔尼亚 / 茅利塔尼亞
موریتاني:毛里塔尼亞
موریتاني:茅利塔尼亞
موریتانی:Máolǐtǎníyà
موریتانی:毛里塔尼亚
موریتانی:毛里塔尼亚 / 茅利塔尼亞
موریتانی:毛里塔尼亞
موریتانی:茅利塔尼亞
موریتانیہ:Máolǐtǎníyà
موریتانیہ:毛里塔尼亚
موریتانیہ:毛里塔尼亚 / 茅利塔尼亞
موریتانیہ:毛里塔尼亞
موریتانیہ:茅利塔尼亞
موریس:Máolǐqiúsī
موریس:模里西斯
موریس:毛厘士
موریس:毛里求斯
موریس:毛里求斯 / 模里西斯
موریشس جزیرہ:毛里求斯主岛
موریشس:模里西斯
موریشس:毛厘士
موریشس:毛里求斯
موریطانیہ کا اعزازی قونصل خانہ:毛里塔尼亚名誉领事馆
موریطانیہ کا سفارت خانہ:毛里塔尼亚大使馆
موریطانیہ:Máolǐtǎníyà
موریطانیہ:毛里塔尼亚
موریطانیہ:毛里塔尼亚 / 茅利塔尼亞
موریطانیہ:毛里塔尼亞
موریطانیہ:茅利塔尼亞
موریہ:伯罗奔尼撒半岛
مورېسبى پورتى:莫尔兹比港
مورېسبى پورتى:莫爾茲比港
موز چایی:默兹河
موز چایی:默茲河
موزامبىك:Mòsāngbǐkè
موزامبىك:莫三比克
موزامبىك:莫三鼻給
موزامبىك:莫桑比克
موزامبىك:莫桑比克 / 莫三比克
موزامبيق:Mòsāngbǐkè
موزامبيق:莫三比克
موزامبيق:莫三鼻給
موزامبيق:莫桑比克
موزامبيق:莫桑比克 / 莫三比克
موزامبیک بوغازی:莫桑比克海峡
موزامبیک:Mòsāngbǐkè
موزامبیک:莫三比克
موزامبیک:莫三鼻給
موزامبیک:莫桑比克
موزامبیک:莫桑比克 / 莫三比克
موزدوك:莫兹多克
موزدوک:莫兹多克
موزمبيق:Mòsāngbǐkè
موزمبيق:莫三比克
موزمبيق:莫三鼻給
موزمبيق:莫桑比克
موزمبيق:莫桑比克 / 莫三比克
موزمبیق:Mòsāngbǐkè
موزمبیق:莫三比克
موزمبیق:莫三鼻給
موزمبیق:莫桑比克
موزمبیق:莫桑比克 / 莫三比克
موزه تاریخ طبیعی:自然史博物館
موزه تاریخ طبیعی:自然史博物馆
موزه تاریخ طبیعی:阿曼自然歷史博物館
موزه تاریخ هنگ کنگ:香港历史博物馆
موزه تاریخ هنگ کنگ:香港歷史博物館
موزه دبی:迪拜博物馆
موزه سالارجونگ:撒拉戎博物馆
موزه قدیمی:舊博物館
موزه مردم‌نگاری فضای باز تفلیس:第比利斯露天民族志博物馆
موزه مردم‌نگاری فضای باز تفلیس:第比利斯露天民族誌博物館
موزه ملی تاریخی:阿爾巴尼亞國家歷史博物館
موزه ملی تمدن مصر:埃及文明国家博物馆
موزه ملی راه‌آهن:大英鐵路博物館
موزه هرمیتاژ:冬宫
موزه هنر و هنر اسلامی ترکیه:1-12艺术博物馆
موزه و نگارخانه کلوینگروو:开尔文格罗夫美术馆和博物馆
موزه پرا:佩拉博物馆
موزيوم نڬارا سيڠاڤورا:新加坡国家博物院
موزيوم نݢارا:国家博物馆
موزيوم نݢارا:國家博物館
موزَمبِک:Mòsāngbǐkè
موزَمبِک:莫三比克
موزَمبِک:莫三鼻給
موزَمبِک:莫桑比克
موزَمبِک:莫桑比克 / 莫三比克
موس جاو:穆斯乔
موس جاو:穆斯喬
موسالسك:莫薩利斯克
موسالسک:莫薩利斯克
موساميدس:木萨米迪什
موساميدس:木薩米迪什
موسبورغ:伊萨尔河畔莫斯堡
موسبورگ:伊萨尔河畔莫斯堡
موست:木斯特苏木
موستئیروس، کیپ ورڈی:莫什泰魯什縣
موستار:莫斯塔尔
موستار:莫斯塔爾
موستاق آتا:Mùshìtǎgé Fēng
موستاق آتا:慕士塔格峰
موستولس:莫斯托莱斯
موستيروس، الرأس الأخضر:莫什泰魯什縣
موسجاو:穆斯乔
موسجاو:穆斯喬
موسكا سوبوتا:穆尔斯卡索博塔
موسكا سوبوتا:穆爾斯卡索博塔
موسكو:莫斯科
موسكوفسكي:莫斯科夫斯基
موسكۋا وودانى:莫斯科夫斯基区
موسى علي:阿里山
موسينينغ:莫辛宁
موسپینه:莫斯皮諾
موسکو دولتی بیلیم‌یوردو:莫斯科国立大学
موسکو:莫斯科
موسکوفسکی:莫斯科夫斯基
موسینینگ:莫辛宁
موش قصبه سی:mùshí xiāng
موش قصبه سی:木什乡
موش:mùshí xiāng
موش:木什乡
موش:穆什
موش:穆什省
موشان:穆舍恩
موشیکو صوبہ:莫希科省
موشیکو صوبہ:莫西古省
موصل شهر:摩穌爾
موصل شهر:摩苏尔
موصل شهر:摩苏尔/摩穌爾
موصل:摩穌爾
موصل:摩苏尔
موصل:摩苏尔/摩穌爾
موط:穆特
موغاديشو:摩加迪沙
موغادیشو:摩加迪沙
موغادیشوٗ:摩加迪沙
موغال ساراي:穆加尔萨赖
موغاللا:木尕拉村
موغاللا:木尕拉镇
موغود:莫果德苏木
موغولئون:蒙古
موغولئون:蒙古国
موغولئون:蒙古國
موغي:牟岐町
موغيلوف:莫吉廖夫
موقادیشو:摩加迪沙
موقع أولمبيا الأثري:奥林匹亚考古遗址
موقع اختبار الحمض النووي COVID-19:COVID-19核酸检测点
موقع الفريق المينورسو تفاريتي:西撒哈拉提法里提军队驻地
موقع الهومنيدات (متحجّرات الإنسان البدائي) في ستيركفونتين وسوارتكرانس وكرومدراي وأنفيرون:斯泰克方丹、 斯瓦特科兰斯、 科罗姆德拉伊和维罗恩斯的化石遗址
موقع ثلاثية المدن:施派尔、沃尔姆斯和美因茨的犹太社区遗址
موقع روبرتو بورل ماركس:罗伯托·布雷·马克思庄园
موقع سبراطة الأثري:萨布拉塔考古遗址
موقع شافين الأثري:夏文考古遗址
موقع لانس أو ميدوز الوطني التاريخي:拉安斯欧克斯梅多国家历史遗址
موقع ليون التاريخي:里昂历史遗迹
موقف سيارات المطار:机场停车场
موقف سيارات بونتة:移民局，办理签证延期
موكا، توتشيغي:真岡市
موكاجيفا:穆卡切沃
موكه:沐胶
موكه:沐胶省
موكه:沐膠
موكو، كيوتو:向日市
موكۇيلا يىزىسى:木奎拉乡
مول العرب:阿拉伯购物中心
مول كبير:新达城购物中心
مولامياين:毛淡棉
مولامياين:毛淡棉镇区
مولان کاؤنٹی:Mùlán Xiàn
مولان کاؤنٹی:木兰县
مولان کاؤنٹی:木蘭縣
مولتان:木尔坦
مولتاي:莫雷泰
مولتای:莫雷泰
مولداوی:Móěrduōwă
مولداوی:摩尔多瓦
مولداوی:摩尔多瓦 / 摩爾多瓦
مولداوی:摩爾多瓦
مولدوفا:Móěrduōwă
مولدوفا:摩尔多瓦
مولدوفا:摩尔多瓦 / 摩爾多瓦
مولدوفا:摩爾多瓦
مولدوڤا:Móěrduōwă
مولدوڤا:摩尔多瓦
مولدوڤا:摩尔多瓦 / 摩爾多瓦
مولدوڤا:摩爾多瓦
مولدوۋا:Móěrduōwă
مولدوۋا:摩尔多瓦
مولدوۋا:摩尔多瓦 / 摩爾多瓦
مولدوۋا:摩爾多瓦
مولشيم:莫尔塞姆
موللاتوختايۈزى:武功乡
موللامباعى:毛拉木贝格村
موللامبېغى:毛拉木贝格村
مولن:默伦
مولهايم على الرور:米尔海姆
مولهايم على الرور:魯爾河畔米爾海姆
مولهايم على الرور:鲁尔​河​畔​米尔海姆
مولوجا:莫洛加河
مولوقا:莫洛加河
مولوچانسک:莫洛昌斯克
مولوگا:莫洛加河
مولڈوا:Móěrduōwă
مولڈوا:摩尔多瓦
مولڈوا:摩尔多瓦 / 摩爾多瓦
مولڈوا:摩爾多瓦
مولڑاوِیا:Móěrduōwă
مولڑاوِیا:摩尔多瓦
مولڑاوِیا:摩尔多瓦 / 摩爾多瓦
مولڑاوِیا:摩爾多瓦
مولیتئی:莫雷泰
مومباسا:蒙巴萨
مومباى:孟买
مومباى:孟買
مومباي:孟买
مومباي:孟買
مومبای:孟买
مومبای:孟買
مون سن-میشل:勒蒙圣米歇尔
مون سن-میشل:勒蒙聖米歇爾
موناراگالا:莫訥勒格勒
موناراگالا:莫讷勒格勒
موناستيريشتشي:莫納斯特里謝
موناكاتا، فوكوكا:宗像市
موناكو:Mónàgē
موناكو:摩納哥
موناكو:摩纳哥
موناکو:Mónàgē
موناکو:摩納哥
موناکو:摩纳哥
موناڪو:摩纳哥
مونبيتسو، هوكايدو:紋別市
مونبيلييه-1:蒙彼利埃-1
مونبيلييه-2:蒙彼利埃-2
مونبيلييه-3:蒙彼利埃-3
مونبيلييه-4:蒙彼利埃-4
مونبيلييه-5:蒙彼利埃-5
مونبيلييه:蒙佩利爾
مونبيلييه:蒙彼利埃
مونت كيارا:满家乐
مونتانا:蒙塔納
مونتانا:蒙大拿州
مونتبليار:蒙贝利亚尔
مونتبلیر:蒙贝利亚尔
مونترآل:蒙特利尔
مونترآل:蒙特利爾
مونترئال:蒙特利尔
مونترئال:蒙特利爾
مونتريال:蒙特利尔
مونتريال:蒙特利爾
مونتریا:蒙特里亞
مونترېئال:蒙特利尔
مونترېئال:蒙特利爾
مونتسرات:蒙哲臘
مونتسرات:蒙塞拉特島
مونتسرات:蒙特塞拉特
مونتسيرات:蒙哲臘
مونتسيرات:蒙塞拉特島
مونتسيرات:蒙特塞拉特
مونتسەررات:蒙哲臘
مونتسەررات:蒙塞拉特島
مونتسەررات:蒙特塞拉特
مونتشيغورسك:芒切哥尔斯克
مونتغومري:蒙哥馬利
مونتغومري:蒙哥马利
مونتلیمر-1:蒙特利馬爾-1
مونتلیمر-2:蒙特利馬爾-2
مونتلیمر:蒙特利馬爾
مونتن فيو:山景城
مونته‌نگرو:蒙特內哥羅
مونته‌نگرو:黑山
مونته‌نگرو:黑山 / 蒙特內哥羅
مونته‌ویدئو:蒙得維的亞
مونتوبان:蒙托邦
مونتوك:文島
مونتيري:蒙特雷
مونتيريا:蒙特里亞
مونتيفيديو:蒙得維的亞
مونتينيجرو:蒙特內哥羅
مونتينيجرو:黑山
مونتينيجرو:黑山 / 蒙特內哥羅
مونتگمری:蒙哥馬利
مونتگمری:蒙哥马利
مونتیریا:蒙特里亞
مونتېۋىدېئو:蒙得維的亞
مونثون:芒桑
مونثون:蒙宗
مونجر:蒙格埃尔
مونجوليا:蒙古
مونجوليا:蒙古国
مونجوليا:蒙古國
مونخ‌خان:蒙赫汗苏木
مونخ‌خایرخان:门海尔汗苏木
موندركينغن:蒙德尔金根
موندرکینگن:蒙德尔金根
مونرو کاؤنٹی، فلوریڈا:門羅郡
مونرو کاؤنٹی، فلوریڈا:门罗县
مونروفيا:蒙羅維亞
مونروويا:蒙羅維亞
مونروویا:蒙羅維亞
مونزان:芒桑
مونزان:蒙宗
مونزون:芒桑
مونزون:蒙宗
مونس:蒙斯
مونستر:明斯特
مونسو:文須里
مونسو:文须里
مونشنغلدبخ:門興格拉德巴赫
مونشنغلدبخ:门兴格拉德巴赫
مونشىق:蒙其克村
مونغ كوك:Mong Kok
مونغ كوك:Wong6 Gok3
مونغ كوك:旺角
مونغومو:蒙戈莫
مونو محکمہ:莫諾省
مونٹریال:蒙特利尔
مونٹریال:蒙特利爾
مونٹسیراٹ:蒙哲臘
مونٹسیراٹ:蒙塞拉特島
مونٹسیراٹ:蒙特塞拉特
مونٹسیراڈا کاؤنٹی:蒙特塞拉多县
مونٹی نیگرو کا اعزازی قونصل خانہ:黑山名誉领事馆
مونٹی نیگرو کا سفارت خانہ:黑山大使馆
مونٹی نیگرو:蒙特內哥羅
مونٹی نیگرو:黑山
مونٹی نیگرو:黑山 / 蒙特內哥羅
مونٹینیگرو:蒙特內哥羅
مونٹینیگرو:黑山
مونٹینیگرو:黑山 / 蒙特內哥羅
مونٹیویڈیو:蒙得維的亞
مونټريال:蒙特利尔
مونټريال:蒙特利爾
مونټي ویډو:蒙得維的亞
مونٽي ويڊيو:蒙得維的亞
مونچون:文川市
مونچگورسک:芒切哥尔斯克
مونگالا:蒙加拉省
مونگر:蒙格埃尔
مونگون‌موریت:蒙根莫里特苏木
مونگیر:蒙格埃尔
مونیخ:慕尼黑
مونیراگالا:莫訥勒格勒
مونیراگالا:莫讷勒格勒
مونیٚکو:Mónàgē
مونیٚکو:摩納哥
مونیٚکو:摩纳哥
مون‌پلیه-1:蒙彼利埃-1
مون‌پلیه-2:蒙彼利埃-2
مون‌پلیه-3:蒙彼利埃-3
مون‌پلیه-4:蒙彼利埃-4
مون‌پلیه-5:蒙彼利埃-5
مون‌پلیه:蒙佩利爾
مون‌پلیه:蒙彼利埃
موهلی:莫埃利岛
موهيلي:莫埃利岛
موهيليف بوديليسكي:莫希利夫-波季利斯基
موهينجو دارو:摩亨佐-达罗
موهیلیف-پودیلسکیی:莫希利夫-波季利斯基
مووریا:莫雷阿岛
مووسڵ:摩穌爾
مووسڵ:摩苏尔
مووسڵ:摩苏尔/摩穌爾
مويرس:默爾斯
مويكوفاتش:莫伊科瓦茨
موينجا:穆因加
موينغا:穆因加
مويىنقۇم اۋدانى:莫伊恩库姆区
موًجی قصبه‌سی:mùjí xiāng
موًجی قصبه‌سی:木吉乡
موًجی قصبه‌سی:木吉鄉
موًجی:mùjí xiāng
موًجی:木吉乡
موًجی:木吉鄉
موُش قصبه‌سی:mùshí xiāng
موُش قصبه‌سی:木什乡
موُش:mùshí xiāng
موُش:木什乡
موٹونیٛگِریو:蒙特內哥羅
موٹونیٛگِریو:黑山
موٹونیٛگِریو:黑山 / 蒙特內哥羅
موٹھ:莫特
موپتی اوستانی:莫普提区
موپسوئست:摩普綏提亞
موپونگ:茅丰里
موپونگ:茅豐里
موچنگا صوبہ:穆欽加省
موژائیسک:莫扎伊斯克
موژگا:莫日加
موکا ضلع:莫卡區
موکاچفو:穆卡切沃
موکداہان صوبہ:穆達漢府
موکداہان صوبہ:莫拉限府
موګادیشو:摩加迪沙
موګیلف:莫吉廖夫
موڭعۇلكۇرە اسكەري ات الاڭىنداعى:昭苏军马场
موڭعۇلكۇرە اۋدانى:Zhāosū Xiàn
موڭعۇلكۇرە اۋدانى:昭苏县
موڭعۇلكۇرە اۋدانى:昭蘇縣
موڭعۇلكۇرە قالاشىعى:zhāosū zhèn
موڭعۇلكۇرە قالاشىعى:昭苏镇
موڭعۇلكۇرە قالاشىعى:昭蘇鎮
موڭغۇلكۈرە بازىرى:zhāosū zhèn
موڭغۇلكۈرە بازىرى:昭苏镇
موڭغۇلكۈرە بازىرى:昭蘇鎮
موڭغۇلكۈرە ناھىيىسى:Zhāosū Xiàn
موڭغۇلكۈرە ناھىيىسى:昭苏县
موڭغۇلكۈرە ناھىيىسى:昭蘇縣
موڭغۇلكۈرە ھەربىي ئات مەيدانى:昭苏军马场
موڭغۇلكۈرە:Zhaosu Xian
موڭغۇلكۈرە:昭苏县
موڭغۇلكۈرە:昭蘇縣
موڭغۇلىيە:蒙古
موڭغۇلىيە:蒙古国
موڭغۇلىيە:蒙古國
موگادیشو:摩加迪沙
موگیلف:莫吉廖夫
موگیلیف:莫吉廖夫
موہر چٹانیں:莫赫悬崖
موہر چٹانیں:莫赫懸崖
موہیلی:莫埃利岛
موین-شاری علاقہ:中沙里區
مویکوواتس:莫伊科瓦茨
مویکوواس:莫伊科瓦茨
مویینقا، بوروندی:穆因加
مویینگا، بوروندی:穆因加
مىدوڭ رايونى:Mǐdōng Qū
مىدوڭ رايونى:米东区
مىدوڭ رايونى:米東區
مىدوڭ:Mǐdōng Qū
مىدوڭ:米东区
مىدوڭ:米東區
مىرەن بازىرى‎:米兰镇
مىس-نىكېل كېنى:铜镍矿社区
مىس-نىكەل كەنى:铜镍矿社区
مىس:木斯鎮
مىس:木斯镇
مىسىر:Āijí
مىسىر:埃及
مىشا بازىرى:mǐxià zhèn
مىشا بازىرى:米夏镇
مىشا يېزىسى:米夏乡
مىكا 1-تاۋ-كەن جاڭا قىستاعى:云母一矿新村
مىكا 1-كانچىلىق يېڭى كەنتى:云母一矿新村
مىكا 3-تاۋ-كەن جاڭا قىستاعى:云母三矿新村
مىكا 3-كانچىلىق يېڭى كەنتى:云母三矿新村
مىكرونېزىيە فېدېراتسىيىسى:密克罗尼西亚
مىكرونېزىيە فېدېراتسىيىسى:密克罗尼西亚 / 密克羅尼西亞
مىكرونېزىيە فېدېراتسىيىسى:密克羅尼西亞
مىللەتلەر كوچىسى:民族风俗步行街
مىلياڭچۈەن خۇيزۇ يېزىسى:米粮泉回族乡
مىلياڭچۈەن:mǐliángquán huízú xiāng
مىلياڭچۈەن:米粮泉回族乡
مىلەڭچۇەن حۇيزۋ ۇلتتىق اۋىلى:米粮泉回族乡
مىلەڭچۇەن:mǐliángquán huízú xiāng
مىلەڭچۇەن:米粮泉回族乡
مىنىسكى:明斯克
مىنىفېنوك كۆلى:Hú Mǐ ní fú nuò jī hú
مىنىفېنوك كۆلى:湖米尼弗諾基湖
مىينام:比纳木村
مىچىغ يېزىسى:米吉克乡
مىڭ تىكە:Míng tiě gài
مىڭ تىكە:明铁盖
مىڭگىبۇلاق:明根布拉格村
ميئخايليفكا:米哈伊利夫卡
مياجاوا:宮川
ميازاكي:Gōngqí Xiàn
ميازاكي:宫崎县
ميازاكي:宮崎縣
ميازو، كيوتو:宮津市
مياس:米阿斯
مياس:米阿斯河
ميافارقين:錫爾萬
مياكوجيما، أوكيناوا:宫古岛市
مياكوجيما، أوكيناوا:宮古島市
مياكونوجو، ميازاكي:都城市
مياما، فوكوكا:三山市
ميامي بيتش:迈阿密海滩
ميامي بيتش:邁阿密海灘
ميامي:迈阿密
ميامي:邁亞美
ميامي:邁阿密
مياندواب:米揚道阿卜
ميانمار:Miǎndiàn
ميانمار:緬甸
ميانمار:缅甸
ميانوالي:米扬瓦利
مياواكا، فوكوكا:宫若市
مياواكا، فوكوكا:宮若市
مياوتشي:宮内
ميتا تى شوڤ:米塔黑糖
ميتاكا، طوكيو:三鷹市
ميترو ڤريما:美娜园
ميترو ڤريما:美娜園
ميتروفيتسا:米特罗维察
ميتسوكا، نييغاتا:見附市
ميتشورينسك:米丘林斯克
ميتكوفيتش:梅特科維奇
ميتكوفيتش:梅特科维奇
ميتو:米图
ميتو، إيباراكي:水戶市
ميتويو، كاغاوا:三丰市
ميتويو، كاغاوا:三豐市
ميتيليني:米蒂利尼
ميجدوريتشينسك:梅日杜列琴斯克
ميجون:梅吉翁
ميخايلوف (ريازان أوبلاست):米哈伊洛夫
ميخايلوفسك:米哈伊洛夫斯克
ميخايلوفكا:米哈伊洛夫卡
ميخايلوفكا:米哈伊洛夫斯克
ميدان الجمهوريه:共和国广场 (伊兹密尔)
ميدان القديس بطرس:圣伯多禄广场
ميدان القديس بطرس:聖伯多祿廣場
ميدان المهد‎:馬槽廣場
ميدان المهد‎:马槽广场
ميدان بيسارابسكا:比萨拉比亚广场
ميدان بيسارابسكا:比薩拉比亞廣場
ميدان شهر:迈丹城
ميدان شهر:迈丹城/邁丹城
ميدان شهر:邁丹城
ميدان فكتوريا:維多利亞公園
ميدان فكتوريا:维多利亚公园
ميدان وردگ ولايت:瓦尔达克省
ميدان وردگ ولايت:瓦爾達克省
ميدان وردگ ولايت:華達省
ميدان ښار ولسوالۍ:迈丹城
ميدان ښار ولسوالۍ:迈丹城/邁丹城
ميدان ښار ولسوالۍ:邁丹城
ميدان:棉兰
ميدستون:梅德斯通
ميدستون:美善同
ميدلزبرة:米德爾斯堡
ميدلزبرة:米杜士堡
ميدلزبره:米德爾斯堡
ميدلزبره:米杜士堡
ميدلسكس:米德尔塞克斯
ميدلسكس:美度石士郡
ميدلوثيان:中洛锡安
ميدن توانكو:美丹端姑
ميدن سليرا چريا 303:欢喜来美食中心
ميدوم:美杜姆
ميدي بيرينه:南部-比利牛斯
ميديلبورخ:米德尔堡
ميديلبورخ:米德爾堡
ميديللين:麥德林
ميديللين:麦德林
ميديلين:麥德林
ميديلين:麦德林
ميدينا ديل كامبو:梅迪纳德尔坎波
ميدينيبور:梅迪尼布尔
ميدۏيلي:谷中城
مير بور:米尔布尔
ميرادونق:马拉端
ميران:米兰遗址
ميراندا دي إيبرو:埃布罗河畔米兰达
ميربور خاص:米尔布尔哈斯
ميرت:密拉特
ميرت:密拉特县
ميرسنق:丰盛港
ميرسنق:丰盛港县
ميرليون:鱼尾狮
ميرناغرد:米爾諾格勒
ميرني:米尔内
ميري:美里
ميري:美里省
ميريالاغودا:密亚拉古达
ميريامبولي:馬里揚泊列
ميرينبتاه:KV8
ميرپور خاص څانګه‎:米尔布尔哈斯专区
ميرپور خاص ڊويزن:米尔布尔哈斯专区
ميرپور خاص:米尔布尔哈斯
ميزباخ:米斯巴
ميزتلي:梅齊特利
ميزورام:米佐拉姆邦
ميزوري:密苏里州
ميزوري:密苏里州/密蘇里州
ميزوري:密蘇里州
ميزين:梅津
ميزين:梅津河
ميساتو:三鄉市
ميسان (محافظه):米桑省
ميسان (محافظه):美山省
ميساوا، آوموري:三澤市
ميسور:迈索尔
ميسوپوٽيميا:美索不达米亚
ميشكولتس:米什科尔茨
ميشيغان:Mìxiēgēn Zhōu
ميشيغان:密歇根州
ميشيغان:密芝根州
ميشيغان:密西根州
ميشيما:三岛市
ميشيما:三島市
ميشيما، شيزوكا:三岛市
ميشيما، شيزوكا:三島市
ميغالايا:梅加拉亚邦
ميغورو، طوكيو:目黑區
ميكاسا، هوكايدو:三笠市
ميكرونيزيا:密克罗尼西亚
ميكرونيزيا:密克罗尼西亚 / 密克羅尼西亞
ميكرونيزيا:密克羅尼西亞
ميكرونيسيا:密克罗尼西亚
ميكرونيسيا:密克罗尼西亚 / 密克羅尼西亞
ميكرونيسيا:密克羅尼西亞
ميكسيكو سيتى:墨西哥城
ميكولايف أوبلاست:尼古拉耶夫州
ميكولايف:尼古拉耶夫
ميكولايف:米科拉伊夫
ميكوليفكا:尼古拉耶夫卡
ميكوليفكا:米科萊夫卡
ميكون:米昆
ميكي، هيوغو:三木市
ميلاس:米拉斯
ميلاكي:梅拉基區
ميلانو:米兰
ميلانو:米蘭
ميلبورن:墨尔本
ميلبورن:墨爾本/墨尔本
ميلة:米拉省
ميلكيوك:梅莱凯奥克
ميلكيوك:梅萊凱奧克
ميلواكي:Mì'ěrwòjī
ميلواكي:密尔沃基
ميلواكي:密爾瓦基
ميلوز:米卢斯
ميليتوبول:梅利托波爾
ميليروفو:米列羅沃
ميما، توكوشيما:美馬市
ميما، توكوشيما:美马市
ميماتا:三股町
ميمنه ولسوالۍ:迈马纳
ميمنه ولسوالۍ:迈马纳/邁馬納
ميمنه ولسوالۍ:邁馬納
ميمينسينغ:迈门辛市
مين:緬因州
مين:缅因州
مينا كريك:梅納溪
مينا كريك:梅纳溪
ميناء بايكونور الفضائي:拜哥努勒航天發射場
ميناء بايكونور الفضائي:拜科努尔航天发射场
ميناء بول:普爾港
ميناء فيكتوريا:維多利亞港
ميناء فيكتوريا:维多利亚港
ميناء مقديشو الدولي:摸嘎低俗 國際港
ميناتو، طوكيو:港区
ميناتو، طوكيو:港區
ميناس جيرايس:米纳斯吉拉斯州
ميناماتا، كوماموتو:水俁市
ميناماتا، كوماموتو:水俣市
مينامايكيوشو، كاغوشيما:南九州市
مينامبيوسو، تشيبا:南房總市
مينامي-أربوسو، ياماناشي:南阿爾卑斯市
مينامي-شينجوكو:南新宿站
مينامياواجي، هيوغو:南淡路市
ميناميتانه:南种子町
ميناميتانه:南種子町
ميناميزو:南伊豆町
ميناميساتسوما، كاغوشيما:南萨摩市
ميناميساتسوما، كاغوشيما:南薩摩市
ميناميسوما، فوكوشيما:南相馬市
ميناميشيمبارا، ناغاساكي:南岛原市
ميناميشيمبارا، ناغاساكي:南島原市
مينبوري:迈恩布里
ميندلهايم:明德尔海姆
ميندلو:明德盧
مينسك:明斯克
مينغاشوير:明盖切维尔
مينغورا:明戈拉
مينمين:米尼曼
مينوه، أوساكا:箕面市
مينيابوليس:明尼亞波利斯
مينيابوليس:明尼阿波利斯
مينيار:米尼亞爾
مينيسوتا:明尼苏达州
مينيسوتا:明尼苏达州/明尼蘇達州
مينيسوتا:明尼蘇達州
ميهرجا:美和家
ميورا:三浦市
ميورقة:帕尔马
ميورقة:帕爾馬
ميوشي:三好市
ميوشي، توكوشيما:三好市
ميوكو، نييغاتا:妙高市
ميولابوه:米拉务
ميولابوه:美拉務
ميونخ:慕尼黑
ميونق دونق - سوق الماركات:明洞1街
ميڊرڊ:Mǎdélǐ
ميڊرڊ:馬德里
ميڊرڊ:馬德里/马德里
ميڊرڊ:马德里
ميڪسيڪو شهر:墨西哥城
مٍهْ خُوِذُو تُوذُو ذِجِشِیًا:chuānkǒu zhèn
مٍهْ خُوِذُو تُوذُو ذِجِشِیًا:民和县
مٍهْ خُوِذُو تُوذُو ذِجِشِیًا:民和縣
مٍیُوًا خُوِذُو ذِجِشِیًا:Ményuán Huízú Zìzhìxiàn
مٍیُوًا خُوِذُو ذِجِشِیًا:亹源回族自治縣
مٍیُوًا خُوِذُو ذِجِشِیًا:门源回族自治县
مَانَاسِ ﺷِﯿًﺎ:玛纳斯县
مَانَاسِ ﺷِﯿًﺎ:瑪納斯縣
مَخروط جنوبی:南錐體
مَشرِقی تایمور:东帝汶
مَشرِقی تایمور:东帝汶 / 東帝汶
مَشرِقی تایمور:東帝汶
مَلیشِیا:Mǎláixīyà
مَلیشِیا:馬來西亞
مَلیشِیا:马来西亚
مَنٛگولِیا:蒙古
مَنٛگولِیا:蒙古国
مَنٛگولِیا:蒙古國
مَنگَن:曼根
مَیدَان:迈丹公园
مَیَنما بٔرما:Miǎndiàn
مَیَنما بٔرما:緬甸
مَیَنما بٔرما:缅甸
مَییٹ:馬約特
مَییٹ:马约特
مَییٹ:马约特 / 馬約特
مُتحدہ عرَب امارات:Ālābó Liánhé Qiúchángguó
مُتحدہ عرَب امارات:阿拉伯联合酋长国
مُتحدہ عرَب امارات:阿拉伯联合酋长国 / 阿拉伯聯合大公國
مُتحدہ عرَب امارات:阿拉伯聯合大公國
مُتحدہ عرَب امارات:阿拉伯聯合酋長國
مُلتان:木尔坦
مِسر:Āijí
مِسر:埃及
مٹوارا:姆特瓦拉區
مٹوارا:姆特華拉區
مپوتو:馬普托
مپومالانگا:姆普马兰加省
مپومالانگا:普馬蘭加
مٿيون دير ضلعو:上第尔县
مڈ سافک:中修福
مڈ ڈیون:中德文區
مڈغاسکر:Mǎdájiāsījiā
مڈغاسکر:馬達加斯加
مڈغاسکر:马达加斯加
مڈغاسکر:马达加斯加 / 馬達加斯加
مڈلا افریقی لوک راج:Zhōng Fēi
مڈلا افریقی لوک راج:中非
مڈلا افریقی لوک راج:中非共和國
مڈلزبرا:米德爾斯堡
مڈلزبرا:米杜士堡
مڈلسیکس:米德尔塞克斯
مڈلسیکس:美度石士郡
مڈلوتھین:中洛锡安
مڈلینڈز صوبہ:中部省
مڊل بورا:米德爾斯堡
مڊل بورا:米杜士堡
مژدورچانسک:梅日杜列琴斯克
مژدورچنسک:梅日杜列琴斯克
مژقوری:梅日戈里耶
مژگوریه:梅日戈里耶
مکاؤ:Àomén-shì
مکاؤ:澳門
مکاؤ:澳門市
مکاؤ:澳门
مکاتی:馬卡蒂
مکان تدفین معبد خفرع:哈夫拉葬祭庙
مکزیک:墨西哥
مکزیکو سیتی:墨西哥城
مکسیکو ښار:墨西哥城
مکلنبرگ-ورپورمرن:梅克伦堡-前波美拉尼亚
مکلنبرگ-ورپورمرن:梅克伦堡—前波美拉尼亚州
مکلنبرگ-ورپورمرن:梅克倫堡—西波美拉尼亞州
مکلنبورگ-فورپومرن:梅克伦堡-前波美拉尼亚
مکلنبورگ-فورپومرن:梅克伦堡—前波美拉尼亚州
مکلنبورگ-فورپومرن:梅克倫堡—西波美拉尼亞州
مکناس:メクネス
مکناس:梅克内斯
مکه اوستانی:麦加省
مکه معظمه:麦加省
مکه مکرمه:麥加
مکه مکرمه:麦加
مکه:麥加
مکه:麦加
مکہ:麥加
مکہ:麦加
مکہٕ:麥加
مکہٕ:麦加
مک‌دونالد:麦当劳
مڪو:麥加
مڪو:麦加
مگالایا:梅加拉亚邦
مگیون:梅吉翁
مہا ساراکھام صوبہ:嗎哈沙拉堪府
مہا ساراکھام صوبہ:馬哈沙拉堪府
مہاجن فیلڈ فائرنگ رینج:马哈詹实弹射击训练场
مہترلام:米特拉姆
مہدیہ:馬赫迪耶省
مہدیہ:马赫迪耶
مہرآباد بین الاقوامی ہوائی اڈا:梅赫拉巴德國際機場
مہیندرنگر:马亨德拉讷格尔
مۆبأرک:穆博拉克
مۆتگې كەنتى:莫特格村
مۆتگې يېزىسى:莫特格乡
مۆرۆنی:莫羅尼
مۆریتانیا:Máolǐtǎníyà
مۆریتانیا:毛里塔尼亚
مۆریتانیا:毛里塔尼亚 / 茅利塔尼亞
مۆریتانیا:毛里塔尼亞
مۆریتانیا:茅利塔尼亞
مۆریس:模里西斯
مۆریس:毛厘士
مۆریس:毛里求斯
مۆزامبیک:Mòsāngbǐkè
مۆزامبیک:莫三比克
مۆزامبیک:莫三鼻給
مۆزامبیک:莫桑比克
مۆزامبیک:莫桑比克 / 莫三比克
مۆزەخانەی نیشتیمانی:国家博物馆
مۆسکۆ:莫斯科
مۆلدۆڤا:Móěrduōwă
مۆلدۆڤا:摩尔多瓦
مۆلدۆڤا:摩尔多瓦 / 摩爾多瓦
مۆلدۆڤا:摩爾多瓦
مۆناکۆ:Mónàgē
مۆناکۆ:摩納哥
مۆناکۆ:摩纳哥
مۆنتریال:蒙特利尔
مۆنتریال:蒙特利爾
مۆنتینیگرۆ:蒙特內哥羅
مۆنتینیگرۆ:黑山
مۆنتینیگرۆ:黑山 / 蒙特內哥羅
مۆنتێڤیدیۆ:蒙得維的亞
مۆنرۆڤیا:蒙羅維亞
مۆنۆمێنتی شەهید:巴格达殉教者纪念碑
مۆگادیشو:摩加迪沙
مۇباراك:穆博拉克
مۇبارەك:穆博拉克
مۇجى اۋىلى:mùjí xiāng
مۇجى اۋىلى:木吉乡
مۇجى اۋىلى:木吉鄉
مۇجى بازىرى:木吉镇
مۇجى قىستاعى:木吉村
مۇجى كەنتى:木吉村
مۇجى يېزىسى:mùjí xiāng
مۇجى يېزىسى:木吉乡
مۇجى يېزىسى:木吉鄉
مۇجى:mùjí xiāng
مۇجى:木吉乡
مۇجى:木吉鄉
مۇحۇر 1-قىستاق:木乎尔一村
مۇحۇر 2-قىستاق:木乎尔二村
مۇحۇر:​木乎尔村
مۇخۇر دېھقانچىلىق مەيدانى:莫合农场
مۇخۇر:莫乎尔村
مۇدەنجياڭ شەھىرى:牡丹江市
مۇز تاغ ئاتا:Mùshìtǎgé Fēng
مۇز تاغ ئاتا:慕士塔格峰
مۇزارت دەرياسى:mùzhātí hé
مۇزارت دەرياسى:木扎提河
مۇزلۇق تۆگە:冰川駱駝
مۇزلۇق قاراگۇل:卡拉古尔冰川
مۇزلۇق قاراگۇل:卡拉格玉勒冰川
مۇسكات:馬斯喀特省
مۇسكات:马斯喀特
مۇسۇما ئاچاپىلال:​木苏玛阿恰皮拉勒村
مۇسۇما كوچا:木苏玛阔恰村
مۇسۇما:木苏玛村
مۇش ايىلى:mùshí xiāng
مۇش ايىلى:木什乡
مۇش اۋىلى:mùshí xiāng
مۇش اۋىلى:木什乡
مۇش يېزىسى:mùshí xiāng
مۇش يېزىسى:木什乡
مۇش:mùshí xiāng
مۇش:木什乡
مۇغاللا بازىرى:木尕拉镇
مۇقاللا بازىرى:于田县
مۇقاللا بازىرى:于闐縣
مۇنادوڭ:穆纳东村
مۇناقا مەھەللە:木乃克买里村
مۋلتان:木尔坦
می تو ضلع:美秀县
می تو ضلع:美秀縣
می تو:美萩市
می سویین ضلع:美川县
می سویین ضلع:美川縣
میئشان:Méishān Shì
میئشان:眉山市
میئو واک ضلع:苗旺县
میئو واک ضلع:苗旺縣
میئیژوؤ:Méizhōu shì
میئیژوؤ:梅州
میئیژوؤ:梅州市
میاؤنگ ٹاؤنشپ:苗镇区
میائنگ ٹاؤنشپ:棉因鎮區
میائنگ:棉因
میازاکی:宫崎市
میازاکی:宮崎市
میاس:米阿斯
میامی بیچ، فلوریدا:迈阿密海滩
میامی بیچ، فلوریدا:邁阿密海灘
میامی بیچ، فلوریڈا:迈阿密海滩
میامی بیچ، فلوریڈا:邁阿密海灘
میامی-ڈیڈ کاؤنٹی:迈阿密-戴德县
میامی-ڈیڈ کاؤنٹی:邁亞美戴德縣
میامی-ڈیڈ کاؤنٹی:邁阿密-戴德郡
میامی-ڈیڈ کاؤنٹی، فلوریڈا:迈阿密-戴德县
میامی-ڈیڈ کاؤنٹی، فلوریڈا:邁亞美戴德縣
میامی-ڈیڈ کاؤنٹی، فلوریڈا:邁阿密-戴德郡
میامی:迈阿密
میامی:邁亞美
میامی:邁阿密
میامی، فلوریدا:迈阿密
میامی، فلوریدا:邁亞美
میامی، فلوریدا:邁阿密
میاندوآب:米揚道阿卜
میاندواو:米揚道阿卜
میانغاد:明嘎德苏木
میانمار - بھارت:緬甸 - 印度
میانمار - بھارت:緬甸與印度邊界
میانمار - بھارت:缅甸 - 印度
میانمار - بھارت:缅甸与印度边界
میانمار - هیندیستان:緬甸 - 印度
میانمار - هیندیستان:緬甸與印度邊界
میانمار - هیندیستان:缅甸 - 印度
میانمار - هیندیستان:缅甸与印度边界
میانمار [برما]:Miǎndiàn
میانمار [برما]:緬甸
میانمار [برما]:缅甸
میانمار:Miǎndiàn
میانمار:緬甸
میانمار:缅甸
میانمر:Miǎndiàn
میانمر:緬甸
میانمر:缅甸
میانوالی:米扬瓦利
میان٘والی:米扬瓦利
میاوڈے:妙瓦底
میاوڈے:苗瓦迪
میتاکا، توکیو:三鷹市
میتروویتسا:米特罗维察
میترویتسا:米特罗维察
میتز-1:梅斯-1
میتز-2:梅斯-2
میتز-3:梅斯-3
میتز:梅斯
میتنوالد:米滕瓦尔德
میتو:米图
میتکوویچ:梅特科維奇
میتکوویچ:梅特科维奇
میتھ:中土郡
میتھ:米斯郡
میتیشچی:梅季希
میتیلینی:米蒂利尼
میجدوریچینسک:梅日杜列琴斯克
میجیموریے کاؤنٹی:梅吉穆列县
میجیموریے کاؤنٹی:梅吉穆列縣
میخائیلوف، اوبلاست ریازان:米哈伊洛夫
میخائیلوفسک:米哈伊洛夫斯克
میخائیلوفکا:米哈伊洛夫卡
میخلن:梅赫伦
میدان اروپا:欧洲广场
میدان اروپا:歐洲廣場
میدان ایستگاه-۲:2號車站廣場站
میدان بازار:中央集市廣場
میدان باغبانی سایدونگ:巴州沙依东园艺场
میدان باغبانی چرچی:库尔楚园艺场
میدان بذرکاری:良种场
میدان تحریر:巴格達解放廣場
میدان دام‌پروری اقتصاد:经济牧场
میدان دام‌پروری پوهوئی:普惠牧场
میدان زراعتی آوات:巴州阿瓦提农场
میدان زراعتی باوتووهو:包头湖农场
میدان زراعتی پوهوئی:普惠农场
میدان سرخ:紅場
میدان سرخ:红场
میدان سن پیترو:圣伯多禄广场
میدان سن پیترو:聖伯多祿廣場
میدان سنت اسحاق:圣彼得堡的广场
میدان شهدا:烈士广场
میدان شهدا:烈士廣場
میدان شهر:迈丹城
میدان شهر:迈丹城/邁丹城
میدان شهر:邁丹城
میدان شہر:迈丹城
میدان شہر:迈丹城/邁丹城
میدان شہر:邁丹城
میدان هوائی مزار شریف:馬扎里沙里夫國際機場
میدان هوائی مزار شریف:马扎里沙里夫国际机场
میدان هوائی مزار شریف:马扎里沙里夫国际机场/馬扎里沙里夫國際機場
میدان هوایی بگرام:巴格拉姆空军基地
میدان هوایی بگرام:巴格拉姆空軍基地
میدان هوایی بین‌المللی حامد کرزی:哈米德·卡尔扎伊国际机场
میدان هوایی بین‌المللی حامد کرزی:哈米德·卡尔扎伊国际机场/哈米德·卡爾扎伊國際機場
میدان هوایی بین‌المللی حامد کرزی:哈米德·卡爾扎伊國際機場
میدان ښار:迈丹城
میدان ښار:迈丹城/邁丹城
میدان ښار:邁丹城
میدانی ئاوايی دهۆک بیندووولی:杜胡克国际机场
میدرد:馬德里
میدستون:梅德斯通
میدستون:美善同
میدلزبرو:米德爾斯堡
میدلزبرو:米杜士堡
میدلسکس:米德尔塞克斯
میدلسکس:美度石士郡
میدلودین:中洛锡安
میراندا د ابرو:埃布罗河畔米兰达
میرت:密拉特
میرت:密拉特县
میرنشینە یەکگرتووە عەرەبییەکان:Ālābó Liánhé Qiúchángguó
میرنشینە یەکگرتووە عەرەبییەکان:阿拉伯联合酋长国
میرنشینە یەکگرتووە عەرەبییەکان:阿拉伯联合酋长国 / 阿拉伯聯合大公國
میرنشینە یەکگرتووە عەرەبییەکان:阿拉伯聯合大公國
میرنشینە یەکگرتووە عەرەبییەکان:阿拉伯聯合酋長國
میرنوهراد:米爾諾格勒
میرنی:米尔内
میرنیی:梅尔纳
میرهورود:米爾霍羅德
میرو کاؤنٹی:梅魯郡
میرو:未老面
میرونیفکا:米罗尼夫卡
میرٹھ:密拉特
میرپور خاص ڈویژن:米尔布尔哈斯专区
میرپور خاص:米尔布尔哈斯
میرپور:米尔布尔
میرپورے:米尔布尔
میرہوروڈ:米爾霍羅德
میری لینڈ کاؤنٹی، لائبیریا:馬里蘭縣
میری لینڈ:馬里蘭州
میری لینڈ:马里兰州
میری ٹائم علاقہ:濱海區 (多哥)
میزباخ:米斯巴
میزن:梅津河
میزورام:米佐拉姆邦
میزورم:米佐拉姆邦
میزوری:密苏里州
میزوری:密苏里州/密蘇里州
میزوری:密蘇里州
میزیتلی:梅齊特利
میسان اوستانی:米桑省
میسان اوستانی:美山省
میسر:Āijí
میسر:埃及
میسور:迈索尔
میسیسیپی چایی:密西西比河
میسیسیپی:密西西比州
میشکولتس:米什科尔茨
میشکینو:米什基诺
میشیان:méixiàn qū
میشیان:méixiàn ōu
میشیان:梅县区
میشیان:梅縣
میشیان:梅縣區
میشیما، شیزوئوکا:三岛市
میشیما، شیزوئوکا:三島市
میشیگان:Mìxiēgēn Zhōu
میشیگان:密歇根州
میشیگان:密芝根州
میشیگان:密西根州
میصر:Āijí
میصر:埃及
میلائیفکا:尼古拉耶夫卡
میلائیفکا:米科萊夫卡
میلاس:米拉斯
میلان:米兰
میلان:米蘭
میلاکا:梅拉基區
میلر لندینگ:荷马
میلروفو:米列羅沃
میلو (پل):米約高架橋
میلو ویادو:米約高架橋
میلواکی:Mì'ěrwòjī
میلواکی:密尔沃基
میلواکی:密爾瓦基
میلی تبتی خود مختار کاؤنٹی:Mùlǐ Zàngzú Zìzhìxiàn
میلی تبتی خود مختار کاؤنٹی:木里藏族自治县
میلی تبتی خود مختار کاؤنٹی:木里藏族自治縣
میلیانفان:米粮川
میمن سنگھ ڈیویژن:迈门辛
میمن سنگھ:迈门辛市
میمنه:迈马纳
میمنه:迈马纳/邁馬納
میمنه:邁馬納
میمنہ:迈马纳
میمنہ:迈马纳/邁馬納
میمنہ:邁馬納
میمن‌سینگ:迈门辛
میمن‌سینگ:迈门辛市
مین-اے-لوار:曼恩-卢瓦尔省
مینابے:梅納貝區
میناس گرایس:米纳斯吉拉斯州
مینامی توری شیما:南鸟岛
مینامی‌ایزو:南伊豆町
مینامی‌تانه:南种子町
مینامی‌تانه:南種子町
مینداناؤ:棉兰老岛
میندلهایم:明德尔海姆
مینرالنیه وودی:礦水城
مینز:美因茨
مینز:美茵茨
مینسفیلڈ:曼斯菲
مینسفیلڈ:曼斯菲爾德
مینسک:明斯克
مینهانگ:閔行區
مینهانگ:闵行区
مینه‌سوتا:明尼苏达州
مینه‌سوتا:明尼苏达州/明尼蘇達州
مینه‌سوتا:明尼蘇達州
مینپوری:迈恩布里
مینگشی:Míngxī Xiàn
مینگشی:明溪
مینگشی:明溪县
مینگشی:明溪縣
مینگه‌چئویر:明盖切维尔
مینگه‌چویر:明盖切维尔
مینگورہ‎:明戈拉
مینگیان ٹاؤنشپ:敏建鎮區
مینہٹن بیچ:曼哈顿海滩
مینیاتور واندرلند:微缩景观世界
مینیار:米尼亞爾
مینیاپولیس:明尼亞波利斯
مینیاپولیس:明尼阿波利斯
مینیرالنئے ووڈی:礦水城
مینے:緬因州
مینے:缅因州
مینےمن:米尼曼
مین‌لیونگ:明良市鎮
میه اوستانی:三重县
میه اوستانی:三重縣
میهیون:美岘里
میهیون:美峴里
میورا:三浦市
میورا،_کاناگاوا:三浦市
میوری:米奧雷
میوز:默兹河
میوز:默茲河
میوشي، هیروشیما:三次市
میونخ:慕尼黑
میونمار:Miǎndiàn
میونمار:緬甸
میونمار:缅甸
میٹروپولیٹن بورو بارنسلے:巴恩斯利都市自治市
میٹروپولیٹن فرانس:法国本土
میٹروپولیٹن فرانس:法國本土
میٹروپولیٹن فرانس:法國本土/法国本土
میٹرہارن:馬特洪峰
میٹرہارن:马特洪峰
میٹز-1:梅斯-1
میٹز-2:梅斯-2
میٹز-3:梅斯-3
میٹز:梅斯
میچوان-کوکتاغ:Mǐdōng Qū
میچوان-کوکتاغ:米东区
میچوان-کوکتاغ:米東區
میچورینسک:米丘林斯克
میڈایا ٹاؤنشپ:马德亚镇区
میڈرڈ:Mǎdélǐ
میڈرڈ:馬德里
میڈرڈ:馬德里/马德里
میڈرڈ:马德里
میڈریگال ڈی لاس الٹاس ٹوریس:馬德里加爾德拉薩爾塔斯托雷斯
میڈریگال ڈی لاس الٹاس ٹوریس:马德里加尔德拉萨尔塔斯托雷斯
میڈسٹون:梅德斯通
میڈسٹون:美善同
میڈوی کاؤنٹی:Mǎduō Xiàn
میڈوی کاؤنٹی:玛多县
میڈوی کاؤنٹی:瑪多縣
میڈوے:梅德韋
میڈیئن:麥德林
میڈیئن:麦德林
میڈیلن:麥德林
میڈیلن:麦德林
میڈینگو-کاییس:馬丁戈-卡耶斯
میڑاگاسکار:Mǎdájiāsījiā
میڑاگاسکار:馬達加斯加
میڑاگاسکار:马达加斯加
میڑاگاسکار:马达加斯加 / 馬達加斯加
میژیانگ:Méijiāng Qū
میژیانگ:梅江
میژیانگ:梅江区
میژیانگ:梅江區
میکرونزی:密克罗尼西亚
میکرونزی:密克罗尼西亚 / 密克羅尼西亞
میکرونزی:密克羅尼西亞
میکسیکو شہر:墨西哥城
میکسیکو کا اعزازی قونصل خانہ:墨西哥名誉领事馆
میکسیکو کا سفارت خانہ:墨西哥大使馆
میکسیکو:墨西哥
میکولائیف اوبلاست:尼古拉耶夫州
میکولائیف:尼古拉耶夫
میکون:米昆
میکوووو:米科武夫
میکۆلایڤ:尼古拉耶夫
میکینکل انجینئرنگ:机械工业
میگوری کاؤنٹی:米戈利郡
میگھالیہ:梅加拉亚邦
می‌آن:美安
می‌تان:美盛
می‌توان:美顺
می‌دوم:美杜姆
می‌سوین:美川市鎮
می‌سوین:美川市镇
می‌نامی-توری-شیما:南鸟岛
می‌هوا:美和
مێتسامۆر:梅察莫尔
مێتکۆڤیچ:梅特科維奇
مێتکۆڤیچ:梅特科维奇
مێردینک:格萊
مێرسین:梅爾辛
مێغری:梅格里
مېكسىكا شەھىرى:墨西哥城
مېكسىكا:墨西哥
مېھمان يولى داۋان باغلانماسى:明曼尤里山口公路
مېھمان يولى داۋانى:明曼尤里山口
مەجارستان:Xiōngyálì
مەجارستان:匈牙利
مەجمەعە:邁季邁阿
مەخمەل:玛合玛勒村
مەدىنە ئۆلكىسى:麦地那省
مەدىنە:麦地那
مەدینە:麦地那
مەدەنىيەت شەرقىي يولى مەھەللىسى:文化东路社区
مەدەنىيەت غەربىي يولى مەھەللىسى:文化西路社区
مەدەنىيەت كوچىسى:​文化街社区
مەدەنىيەت يولى:文化东路
مەدەنىيەت يولى:文化西路
مەدەنىيەت يولى:文化路
مەركى اۋدانى:梅尔基区
مەركىزى باغچا:街心公园
مەركەچ:麦尔开其村
مەرياڭ دىيۇر:马尔洋乡
مەرھابا يولى كوچا باشقارمىسى:迎宾大道街道
مەرھابا يولى كوچا باشقارمىسى:迎賓大道街道
مەرھابا يولى مەھەللىسى:迎宾路社区
مەرھابا يولى:迎宾大道
مەرھابا يولى:迎宾路
مەرۋايىت مەھەللىسى:明珠社区
مەریلەند:馬里蘭州
مەریلەند:马里兰州
مەزاری ئیمام ئەحمەد بن عەلی:伊玛目艾哈迈德·本·阿里圣陵
مەزاری ئیمام ئەحمەد بن عەلی:伊瑪目艾哈邁德·本·阿里聖陵
مەسقەت:马斯喀特
مەسچىتى:清真寺
مەشریقی عەرەبی:马什里克
مەشىت:​美什特村
مەشىت:买什特村
مەشھەد:馬什哈德/马什哈德
مەشھەد:马什哈德
مەغریب:Móluògē
مەغریب:摩洛哥
مەككە ئۆلكىسى:麦加省
مەككە:麥加
مەككە:麦加
مەكىت - قەشقەر يۇقىرى سۈرئەتلىك يولى:麦喀高速
مەكىت بازىرى:麥蓋提縣
مەكىت بازىرى:麦盖提县
مەكىت باغۋەنچىلىك مەيدانى:màigětí xiàn yuányìcháng
مەكىت باغۋەنچىلىك مەيدانى:麦盖提县园艺场
مەكىت ناھىيىسى:Markit Xian
مەكىت ناھىيىسى:Màigàití Xiàn
مەكىت ناھىيىسى:麥蓋提縣
مەكىت ناھىيىسى:麦盖提县
مەلەتی:马拉蒂亚
مەلەتیی کۆن:巴特爾加齊
مەنامە:麥納瑪
مەنامە:麥納麥
مەنچستەر:曼彻斯特
مەنچستەر:曼徹斯特
مەنگۆلیا:蒙古
مەنگۆلیا:蒙古国
مەنگۆلیا:蒙古國
مەهدیە:馬赫迪耶省
مەهدیە:马赫迪耶
مەيدان:买代尼村
مەيسەن:迈森
مەينام:比纳木村
مەکسیک:墨西哥
مەکسیکۆ سیتی:墨西哥城
مەککە:麥加
مەککە:麦加
مەۋسىل:摩穌爾
مەۋسىل:摩苏尔
مەۋسىل:摩苏尔/摩穌爾
مەۋلانە ئەرشىدىن مازىرى:默拉纳额什丁麻扎
مەیدانی ئازادی:巴格達解放廣場
مەیکۆنگ:湄公河
