هئی‌هه:Hēihé Shì
هئی‌هه:黑河市
ها فونغ:海防市
ها گیانگ:河江市
هاؤثؤرن:霍桑
هائوته ماتسیاترا:上馬齊亞特拉區
هائیتی:海地
هابسالو:哈普萨卢
هابيكينو، أوساكا:羽曳野市
هاتسوکایجي، هیروشیما:廿日市市
هاتشيؤوجي، طوكيو:八王子市
هاتشيمانتاي، إيواته:八幡平市
هاتشينوه، آوموري:八戶市
هاتیئن:河仙市
هاجانگ:下長面
هاجانگ:下长面
هار:哈尔
هارادوک:戈羅多克
هارارى:哈拉雷
هاربن:Hā'ěrbīn Shì
هاربن:哈尔滨市
هاربن:哈爾濱
هاربن:哈爾濱市
هاربین:Hā'ěrbīn Shì
هاربین:哈尔滨市
هاربین:哈爾濱
هاربین:哈爾濱市
هارت ایم زیلرتال:奇勒谷地哈特
هارت بای گراتس:格拉茨附近哈特
هارتبرغ:哈特貝格
هارتبرگ:哈特貝格
هارتفورد:哈特福
هارتنشتآين:哈尔滕斯泰因
هارتنشتاین:哈尔滕斯泰因
هارتنفلس:哈尔滕费尔斯
هارتنفيلس:哈尔滕费尔斯
هارتن‌اشتاین:哈滕施泰因
هاردان‌گرفیورد:哈当厄峡湾
هاردت:哈尔特
هاردرفايك:哈尔德韦克
هاردرویک:哈尔德韦克
هاردين:哈丁
هاردينغ:哈丁
هاردین:哈丁
هارزفلد:哈尔塞费尔德
هارزهفينكل:哈尔塞温克尔
هارزه‌وینکل:哈尔塞温克尔
هارزوم:哈尔苏姆
هارستاد:哈尔斯塔
هارفلور:阿夫勒尔
هارلم:哈倫
هارلم:哈勒姆
هارلو:哈勞
هارلو:哈洛
هارن:哈伦
هارنوساند:海訥桑德
هاروجيت:哈罗盖特
هاروغيت:哈罗盖特
هارولد:哈羅德
هاريانا:哈里亚纳邦
هاريدوار:赫里德瓦尔
هاريل بيك:哈勒尔贝克
هارين:哈伦
هارپشتدت:哈尔普斯特
هارگه سینا:南西奈省
هاریاوالتا:哈爾亞瓦爾塔
هاریدوار:赫里德瓦尔
هاسكوي:哈斯柯伊
هاسندورف:哈森多夫
هاسودا، سايتاما:蓮田市
هاس‌کوی:哈斯柯伊
هاشیموتو:桥本市
هاشیموتو:橋本市
هاغويناو:阿盖诺
هاغي، ياماغوتشي:萩市
هافانا:哈瓦那
هافانا:夏灣拿
هافر، المدينة التي شيّدها أوغست بيرّي:勒阿弗尔，奥古斯特•佩雷重建之城
هاكوداته، هوكايدو:函館市
هاكوداته، هوكايدو:函馆市
هاكوسان، إيشيكاوا:白山市
هاكونه، كاناغاوا:箱根町
هالديا:霍尔迪亚
هالف موون باي، سان ماتيو، كاليفورنيا:半月湾
هالف موون باي، سان ماتيو، كاليفورنيا:半月灣
هالمستاد:哈尔姆斯塔德
هالنډ:Hélán
هالنډ:荷兰
هالنډ:荷兰 / 荷蘭
هالنډ:荷蘭
هاليفاكس:哈利法克斯
هالیفاکس:哈利法克斯
هامادا، شيمانه:濱田市
هامبانتوتا:汉班托塔
هامبانتوتا:汉班托特
هامبانتوتا:漢班托塔
هامبشاير الشرقية:東漢普夏
هامبورغ:汉堡
هامبورغ:漢堡
هامبورګ:汉堡
هامبورګ:漢堡
هامبورگ:汉堡
هامبورگ:漢堡
هامبي:亨比
هاملن:哈默爾恩
هامورا، توکیو:羽村市
هامورا، طوكيو:羽村市
هامي:Hāmì Shì
هامي:哈密市
هاميلتون:哈密尔顿
هاميلتون:汉密尔顿县
هاميلتون:漢密爾頓
هاميلتون:漢密爾頓縣
هاميلتون:漢密爾頓郡
هامينا:哈米納
هامينلينا:海门林纳
هامی:Hāmì Shì
هامی:哈密市
هامینا:哈米納
هامیڵتۆن:哈密尔顿
هامیڵتۆن:汉密尔顿县
هامیڵتۆن:漢密爾頓
هامیڵتۆن:漢密爾頓縣
هامیڵتۆن:漢密爾頓郡
هان هه تینگ:韓鶴亭
هان پییساک:汉皮耶萨克
هان پییساک:漢皮耶薩克
هاناماكي، إيواته:花卷市
هاناک:哈纳克
هانباندو:韓半島面
هانباندو:韩半岛面
هانتشونغ:Hànzhōng Shì
هانتشونغ:汉中市
هانتشونغ:漢中
هانتشونغ:漢中市
هانجا روا:安加罗阿
هانجیانگ:hánjiāng qū
هانجیانگ:涵江
هانجیانگ:涵江区
هانجیانگ:涵江區
هاندا، آيتشي:半田市
هانغتشو:Hángzhōu
هانغتشو:杭州
هانغتشو:杭州市
هانو، سايتاما:飯能市
هانوفر ری:汉诺威再保险
هانوفر:汉诺威
هانوفر:漢諾威
هانوى:河內市
هانوى:河内市
هانوي:河內市
هانوي:河内
هانوي:河内市
هانوی:河內市
هانوی:河内市
هانډوراس:宏都拉斯
هانډوراس:洪都拉斯
هانژونگ:Hànzhōng Shì
هانژونگ:汉中市
هانژونگ:漢中
هانژونگ:漢中市
هانګ کانګ:Heung Gong
هانګ کانګ:Hoeng1 gong2
هانګ کانګ:Xiānggǎng
هانګ کانګ:香港
هانگ ڪانگ:Heung Gong
هانگ ڪانگ:Hoeng1 gong2
هانگ ڪانگ:Xiānggǎng
هانگ ڪانگ:香港
هانگا روآ:安加罗阿
هانگژو:Hángzhōu
هانگژو:杭州
هانگژو:杭州市
هانۆڤەر:汉诺威
هانۆڤەر:漢諾威
هانی:哈尼
هاوائی:夏威夷县
هاوائی:夏威夷州
هاوائی:夏威夷縣
هاوائی:夏威夷郡
هاوانا:哈瓦那
هاوانا:夏灣拿
هاواي:夏威夷县
هاواي:夏威夷州
هاواي:夏威夷縣
هاواي:夏威夷郡
هاوای:夏威夷州
هاوایی:夏威夷县
هاوایی:夏威夷州
هاوایی:夏威夷縣
هاوایی:夏威夷郡
هاوت امبومو:上姆博穆省
هاوت لومامی:上洛马米省
هاوته-کوتو:上科托省
هاوتورن:霍桑
هاورا:豪拉
هاوسا:哈夫薩
هاوسۆرنی:霍桑
هاولبرغ:哈费尔贝尔格
هاولبرق:哈费尔贝尔格
هاولبرگ:哈费尔贝尔格
هاوکان:后劲
هاياما:叶山町
هاياما:葉山町
هايتي:海地
هايدلبرغ:海德堡
هايفورون:海沃龍
هايكو:Hǎikǒu Shì
هايكو:海口
هايكو:海口市
هايلاند:高地
هاينان:hǎinán shěng
هاينان:海南省
هايوارد:海沃德
هايوغا، ميازاكي:日向市
هايوغا، ميازاكي:日嚮市
هاييتى:海地
هاپاراندا:哈帕兰达
هاپسالو:哈普萨卢
هاچی‌اوجی، توکیو:八王子市
هاکونه:箱根町
هاکچون:鶴川里
هاکچون:鹤川里
هاگی:萩市
هاگیو:下桥里
هاگیو:下橋里
هایاما:叶山町
هایاما:葉山町
هایترا:海能达
هایتي:海地
هایتی:海地
هایرابولو:海拉博盧
هایفونگ:海防市
هایلند:高地
هایلیگن‌هاوس:海利根豪斯
هایم هاوزن:海姆豪森
هایمین:Hǎimén
هایمین:海門
هایمین:海門區
هایمین:海门区
هاینان:hǎinán shěng
هاینان:海南省
هایوورون:海沃龍
هایژو:Hǎizhū Qū
هایژو:海珠区
هایژو:海珠區
هایکانگ:Hǎicāng qū
هایکانگ:海沧区
هایکانگ:海滄
هایکانگ:海滄區
هایکو:Hǎikǒu Shì
هایکو:海口
هایکو:海口市
های‌آن:海安区
های‌بین:海平
های‌تان:海新
های‌دانگ:海灯
های‌دین:海营
های‌سون:海山
های‌فوک:海福
های‌لام:海林
های‌لاک:海乐
های‌لوک:海禄
های‌ها «۲»:海河2
های‌چونگ:海中
هبئی:Héběi
هبئی:河北省
هبيا:霍比奥区
هترا:哈特拉
هتل ریدو:麗都飯店
هتل فولرتون سنگاپور:富丽敦酒店
هتودا:黑道达
هجینگ:和静县
هجینگ:和靜縣
هدینگتون، لوتیان شرقی:哈丁敦
هراة:赫拉特
هراة:赫拉特省
هرات ولايت:赫拉特省
هرات ولسوالۍ:赫拉特
هرات ویلایت:赫拉特省
هرات:赫拉特
هرات:赫拉特省
هرادتس كرالوفه:赫拉德茨-克拉洛韦
هرادتس کرالووه:赫拉德茨-克拉洛韦
هراديك ناد نيسو:尼斯河畔赫拉德克
هرادک ناد نیسو:尼斯河畔赫拉德克
هراره:哈拉雷
هراري:哈拉雷
هرازدان:拉兹丹河
هرازدان:赫拉茲丹
هربرتسهاوزن:黑贝尔茨豪森
هرت:赫特
هرتزلیا:海尔兹利亚
هرتزلیا:海爾茲利亞
هرتزلیا:荷兹利亚
هرتسا:格爾察
هرتسبرغ أم هارتس:哈茨山麓黑尔茨贝格
هرتسبرق آم هارتس:哈茨山麓黑尔茨贝格
هرتسبرگ آم هارتس:哈茨山麓黑尔茨贝格
هرتسليا:海尔兹利亚
هرتسليا:海爾茲利亞
هرتسليا:荷兹利亚
هرتسګ نووي:新海尔采格
هرتسګ نووي:新海爾采格
هرتسگ نووی:新海尔采格
هرتسگ نووی:新海爾采格
هرجيسا:哈尔格萨
هرجيسا:哈尔格萨 / 哈爾格薩
هرجيسا:哈爾格薩
هرجیسا:哈尔格萨
هرجیسا:哈尔格萨 / 哈爾格薩
هرجیسا:哈爾格薩
هرر:哈勒尔
هرر:哈勒爾州
هرسك نوفي:新海尔采格
هرسك نوفي:新海爾采格
هرفرد:黑爾福德
هرفورد:禧福
هرفورد:赫里福德
هرفورد:黑尔福德
هرفورد:黑爾福德
هرفورد، انگلستان:禧福
هرفورد، انگلستان:赫里福德
هرفورد، اینگیلیس:禧福
هرفورد، اینگیلیس:赫里福德
هرم بزرگ جیزه:胡夫金字塔
هرم خفرع:卡夫拉金字塔
هرم خمیده:彎曲金字塔
هرم خوفو:胡夫金字塔
هرم زوسر المدرج:阶梯金字塔 Djoser Pyramid
هرم سنفرو:彎曲金字塔
هرم منقرع:孟卡拉金字塔
هرم منقرع:門卡拉金字塔
هرم منکورع:孟卡拉金字塔
هرم منکورع:門卡拉金字塔
هرم:赫姆島
هرمان هيسه:赫尔曼·黑塞
هرمانسبورگ:赫尔曼斯堡
هرمزجان (محافظه):霍尔木兹甘省
هرمزجان (محافظه):霍爾木茲甘省
هرمزگان ولایت:霍尔木兹甘省
هرمزگان ولایت:霍爾木茲甘省
هرموسا بیچ:赫莫萨比奇
هرنوسند:海訥桑德
هرو لندن منطقه‌سی:哈羅區
هروقت:哈罗盖特
هروگت:哈罗盖特
هريبينكى:赫雷宾基
هريبينكي:赫雷宾基
هريشكيفتسى:赫里什基夫齊
هريشكيفتسي:赫里什基夫齊
هرگيسا:哈尔格萨
هرگيسا:哈尔格萨 / 哈爾格薩
هرگيسا:哈爾格薩
هسن:黑森州
هسپانیه:Xībānyá
هسپانیه:西班牙
هسیش لیشتناو:黑西斯希利希特瑙
هشتغرد:哈什特蓋爾德
هشتگرد:哈什特蓋爾德
هضبة الجولان:戈兰高地
هضبة الجولان:戈蘭高地
هضبة بالاتين:帕拉提諾之丘
هضبة لانجريس:朗格勒高原
هضدار:胡兹达尔
هفئی:Héféi Shì
هفئی:合肥
هفئی:合肥市
هفار:赫瓦尔
هفار:赫瓦尔岛
هفار:赫瓦爾
هفار:赫瓦爾島
هفاردييسكي:近卫军村
هكاري:哈卡里
هكاري:哈卡里省
هلدن:希爾登
هلز کیچن:地獄廚房
هلسنكي:赫尔辛基
هلسنكي:赫爾辛基
هلسنڪي:赫尔辛基
هلسنڪي:赫爾辛基
هلسينغبورغ:赫尔辛堡
هلسينکي:赫尔辛基
هلسينکي:赫爾辛基
هلسینکی:赫尔辛基
هلسینکی:赫爾辛基
هلسینگبوری:赫尔辛堡
هلمند ولايت:希奧曼省
هلمند ولايت:赫尔曼德省
هلمند ولايت:赫尔曼德省/赫爾曼德省
هلمند ولايت:赫爾曼德省
هلمند ویلایت:希奧曼省
هلمند ویلایت:赫尔曼德省
هلمند ویلایت:赫爾曼德省
هلمند:赫尔曼德河
هلند:Hélán
هلند:荷兰
هلند:荷兰 / 荷蘭
هلند:荷蘭
هلوكيفتسي:赫盧希夫齊
هلينياني:赫利尼亞內
هلیبوکایه:格盧博科耶
هلینیانی:赫利尼亞內
هماچل پرديش:喜马偕尔邦
همدان (محافظه):哈馬丹省
همدان (محافظه):哈马丹省
همدان اوستانی:哈馬丹省
همدان اوستانی:哈马丹省
همدان ولايت:哈馬丹省
همدان ولايت:哈马丹省
همدان:哈马丹
همرسمیت و فولام لندن منطقه‌سی:咸默史密夫及富咸區
همرسمیت و فولام لندن منطقه‌سی:哈默史密斯和富勒姆區
همشین:赫姆欣
همن‌لینا:海门林纳
همیلتون:哈密尔顿
همیلتون:汉密尔顿县
همیلتون:漢密爾頓
همیلتون:漢密爾頓縣
همیلتون:漢密爾頓郡
همینگن:黑明根
هن:阿克恰阿巴德
هنترتاون:Hēng tè dūn
هنترتاون:亨特敦
هند - پاکستان:印度 - 巴基斯坦
هند - پاکستون:印度 - 巴基斯坦
هند:Yìndù
هند:印度
هندسة التعدين والفلزات المعدنية:采矿与冶金材料工程
هندسة مدنية:土木工程
هندسة معمارية:建筑
هندسة ميكانيكي:机械工业
هندوراس:宏都拉斯
هندوراس:洪都拉斯
هنغيانغ:Héngyáng Shì
هنغيانغ:Héngyáng Shìh
هنغيانغ:衡阳市
هنغيانغ:衡陽
هنغيانغ:衡陽市
هنيفان:赫尼萬
هنګ کنګ:Heung Gong
هنګ کنګ:Hoeng1 gong2
هنګ کنګ:Xiāng gǎng
هنګ کنګ:香港
هنګري:Xiōngyálì
هنګري:匈牙利
هنگ کنگ:Heung Gong
هنگ کنگ:Hoeng1 gong2
هنگ کنگ:Xiānggǎng
هنگ کنگ:香港
هنگیانگ:Héngyáng Shì
هنگیانگ:Héngyáng Shìh
هنگیانگ:衡阳市
هنگیانگ:衡陽
هنگیانگ:衡陽市
هنگ‌کنگ:Heung Gong
هنگ‌کنگ:Hoeng1 gong2
هنگ‌کنگ:Xiāng gǎng
هنگ‌کنگ:香港
هنیوان:赫尼萬
هنیچسک:海尼切斯克
هه‌گانگ:Hègǎng Shì
هه‌گانگ:鶴崗市
هه‌گانگ:鹤岗市
هو شنگ گوانگ چانگ:厚生廣場
هو چي منھ شهر:胡志明市
هوئسکا:韦斯卡
هوئه:順化
هوئه:順化市
هوئه:顺化
هوئه:顺化市
هوئیانگ:淮阳邑
هوئیانگ:淮陽邑
هوا ثان:和城市社
هوابین:和平市鎮
هوابین:和平市镇
هوازو:Faazau-si
هوازو:Huàzhōu Shì
هوازو:化州市
هواسان:花山里
هوالاین:Hualián Siàn
هوالاین:Huālián Xiàn
هوالاین:Huɑ̄liɑ́n Xiɑ̀n
هوالاین:花莲县
هوالاین:花蓮縣
هوالونگ:花龙
هوالين:Hualián Siàn
هوالين:Huālián Xiàn
هوالين:Huɑ̄liɑ́n Xiɑ̀n
هوالين:花莲县
هوالين:花蓮縣
هوانا:哈瓦那
هوانا:夏灣拿
هوانغشان:Huángshān Shì
هوانغشان:黃山市
هوانغشان:黄山市
هوانغشي:Huángshí Shì
هوانغشي:黃石市
هوانغشي:黄石市
هوانغقانغ:Huánggāng Shì
هوانغقانغ:黃岡
هوانغقانغ:黃岡市
هوانغقانغ:黄冈市
هوانغهاي الشمالية:黃海北道
هوانغهاي الشمالية:黄海北道
هوانگانگ:Huánggāng Shì
هوانگانگ:黃岡
هوانگانگ:黃岡市
هوانگانگ:黄冈市
هوانگشان:Huángshān Shì
هوانگشان:黃山市
هوانگشان:黄山市
هوانگشی:Huángshí Shì
هوانگشی:黃石市
هوانگشی:黄石市
هوانگپو:Huángpǔ Qū
هوانگپو:黃埔區
هوانگپو:黄埔区
هوانگ‌جاو:黄交
هوانگ‌لونگ:黄龙
هواهوی:和会
هواوي:华为
هوايان:Huáiyīn Shì
هوايان:淮安
هوايان:淮安市
هوايرو:Huáiróu qū
هوايرو:怀柔区
هوايرو:懷柔區
هواينان:Huáinán Shì
هواينان:淮南
هواينان:淮南市
هوايهوا:Huáihuà Shì
هوايهوا:怀化市
هوايهوا:懷化
هوايهوا:懷化市
هواژو، گوانگ‌دونگ:Faazau-si
هواژو، گوانگ‌دونگ:Huàzhōu Shì
هواژو، گوانگ‌دونگ:化州市
هوایان:Huáiyīn Shì
هوایان:淮安
هوایان:淮安市
هواینان:Huáinán Shì
هواینان:淮南
هواینان:淮南市
هوبئی:Húběi
هوبئی:湖北省
هوبارت:荷巴特
هوبارټ:荷巴特
هوبوكين:霍博肯
هوبوکن:霍博肯
هوت ماتسياترا:上馬齊亞特拉區
هوتن سيمڤنن بوکيت تيمه:武吉知马自然保护区
هوثورن:霍桑
هوجا:湖州
هوجا:湖州市
هود هشارون:霍德夏沙隆
هورت:赫特
هوردالان:霍达兰郡
هوركي:戈爾基
هورليفكا:戈爾洛夫卡
هورليفكا:霍爾利夫卡
هورلیفکا:戈爾洛夫卡
هورلیفکا:霍爾利夫卡
هورموزقان اوستانی:霍尔木兹甘省
هورموزقان اوستانی:霍爾木茲甘省
هورودكيفكا:霍羅德基夫卡
هورودنيا:霍羅德尼亞
هوروديشتشي:霍羅迪謝
هوستومل:戈斯托梅利
هوستوميل:戈斯托梅利
هوسوم:胡苏姆
هوسڤيتل كوالا لومڤور:吉隆坡医院
هوسڤيتل كوالا لومڤور:吉隆坡醫院
هوشی‌مین:胡志明市
هوغو بوس:雨果博斯
هوفا، ياماغوتشي:防府市
هوكوتا، إيباراكي:鉾田市
هوكوتو، هوكايدو:北斗市
هوكوتو، ياماناشي:北杜市
هولا بريستان:霍拉普里斯坦
هولا پریستان:霍拉普里斯坦
هولای:Húlǐ Qū
هولای:湖裏區
هولای:湖里
هولای:湖里区
هولغوين:奧爾金
هولند:Hélán
هولند:荷兰
هولند:荷兰 / 荷蘭
هولند:荷蘭
هولندا:Hélán
هولندا:荷兰
هولندا:荷兰 / 荷蘭
هولندا:荷蘭
هولو بيراق:上霹靂县
هولو ترنقانو:乌鲁登嘉楼县
هولو سلانقور:乌鲁雪兰莪县
هولو سلڠور:乌鲁雪兰莪县
هولو لانقت:乌鲁冷岳县
هولو لاڠت:乌鲁冷岳县
هولوفانيفسك:霍洛瓦尼夫斯克
هولوفنى:霍洛夫內
هولوفني:霍洛夫內
هولوفيني:霍洛維涅
هولوكو، القرية القديمة ومحيطها:霍洛克古村落及其周边
هوليايبولي:胡利亞伊波萊
هوليوود:好莱坞
هولیایپوله:胡利亞伊波萊
هومادا:乌马达
هومادا:烏馬達
هومرا:胡梅拉
هومير:荷马
هون:胡恩
هوناز:霍納茲
هونان:Húnán Shěng
هونان:Húnán-Shěng
هونان:湖南省
هونتشون:珲春市
هونتشون:琿春市
هوندوراس:宏都拉斯
هوندوراس:洪都拉斯
هونشو:本州
هونغ كونغ:Heung Gong
هونغ كونغ:Hoeng1 gong2
هونغ كونغ:Xiāng gǎng
هونغ كونغ:Xiānggǎng
هونغ كونغ:香港
هونولولو بؤلگه‌سی:檀香山市县
هونولولو بؤلگه‌سی:檀香山市縣
هونولولو:檀香山
هونيارا:荷尼阿拉
هونيارا:霍尼亚拉
هونگ ین:兴安市
هونگ ین:興安市
هونگن:洪根
هونیارا:荷尼阿拉
هونیارا:霍尼亚拉
هون‌تای‌لون:大才岛
هون‌تای‌نو:小才岛
هون‌دات:块坦市镇
هون‌دات:塊坦市鎮
هون‌چون:珲春市
هون‌چون:琿春市
هوهن پایسنبرگ:霍恩派森贝格
هوهوت:呼和浩特市
هووراه:豪拉
هوي أن:会安市
هوي أن:會安市
هوي فوك معبد:Hoi Phuoc寶塔
هوي:于伊
هوي:順化市
هوي:顺化市
هويتي:韦特
هويريونغ:会宁市
هويريونغ:會寧市
هويزو:Huìzhōu Shì
هويزو:Vuiziu-si
هويزو:惠州
هويزو:惠州市
هوپا:霍帕
هوپیونگ:后坪里
هوپیونگ:後坪里
هوچام:湖沾
هوگو باس:雨果博斯
هویر:豪威尔
هوین هیو‌نگیا:黃有義市鎮
هویچنگ:Huìchéng Qū
هویچنگ:惠城
هویچنگ:惠城区
هویچنگ:惠城區
هویژو:Huìzhōu Shì
هویژو:Vuiziu-si
هویژو:惠州
هویژو:惠州市
هوی‌می:会美
هيتا:日田市
هيتا، أويتا:日田市
هيتاتشي-أوتا، إيباراكي:常陸太田市
هيتاتشي-أوميا، إيباراكي:常陸大宮市
هيتاتشي-ناكا، إيباراكي:常陆那珂市
هيتاتشي-ناكا، إيباراكي:常陸那珂市
هيتودا:黑道达
هيتويوشي، كوماموتو:人吉市
هيت‎:希特
هيراتسوكا، كاناغاوا:平塚市
هيرادو، ناغاساكي:平戶市
هيرادو، ناغاساكي:平户市
هيراكاتا:枚方市
هيراكاوا، آوموري:平川市
هيران:希兰州
هيرتسا:格爾察
هيرسكي:希爾斯凱
هيرسكي:戈爾斯科耶
هيرشابيل:希尔谢贝利
هيرفورد:禧福
هيرفورد:赫里福德
هيرمانوس:赫爾馬努斯
هيرموسا بيتش:赫莫萨比奇
هيروساكي، آوموري:弘前市
هيروشيما:广岛市
هيروشيما:廣島市
هيرولت:埃罗省
هيزو:Hézuò Shì
هيزو:合作市
هيشان:Hoeksaan-si
هيشان:Hèshān Shì
هيشان:鶴山市
هيشان:鹤山市
هيشو:Hoezou-si
هيشو:Hézhōu Shì
هيشو:賀州
هيشو:賀州市
هيشو:贺州市
هيشي:Héchí Shì
هيشي:河池
هيشي:河池市
هيغاشي ياماتو، طوكيو:東大和市
هيغاشي-أوساكا، أوساكا:東大阪市
هيغاشي-ماتسوشيما، مياغي:東松島市
هيغاشيكاغاوا، كاغاوا:东香川市
هيغاشيكاغاوا، كاغاوا:東香川市
هيغاشيكورومه، طوكيو:東久留米市
هيغاشيماتسوياما، سايتاما:東松山市
هيغاشيموراياما، طوكيو:東村山市
هيغاشينا، ياماغاتا:東根市
هيغاشيومي، شيغا:东近江市
هيغاشيومي، شيغا:東近江市
هيغانغ:Hègǎng Shì
هيغانغ:鶴崗市
هيغانغ:鹤岗市
هيفى:Héféi Shì
هيفى:合肥
هيفى:合肥市
هيكاري:光市
هيكاري، ياماغوتشي:光市
هيكاوا:冰川町
هيكونا، شيغا:彥根市
هيكونا، شيغا:彦根市
هيكينان، آيتشي:碧南市
هيلسينكى:赫尔辛基
هيلسينكى:赫爾辛基
هيلميازيف:赫利米亞濟夫
هيلونغجيانغ:Hēilóngjiāng
هيلونغجيانغ:黑龍江省
هيلونغجيانغ:黑龙江省
هيلير بيراق:下霹雳县
هيليرود:希勒勒
هيماجل برديش:喜马偕尔邦
هينجانغهات:欣冈格阿特
هينو، طوكيو:日野市
هينيتشيسك:海尼切斯克
هيوان:Héyuán Shì
هيوان:河源
هيوان:河源市
هيوستن:休士頓
هيوستن:休斯敦
هيوكي، كاغوشيما:日置市
هيگ:海牙
هَیْیُوًا ﺷِﯿًﺎ‎:Hǎiyuán Xiàn
هَیْیُوًا ﺷِﯿًﺎ‎:海原县
هَیْیُوًا ﺷِﯿًﺎ‎:海原縣
هڠ تواه:汉都亚
هڠ تواه:漢都亞
هۆبارت:荷巴特
هۆشی‌مین:胡志明市
هۆنۆلولو:檀香山
هۊسۊم:胡苏姆
هیئپ‌تان:协成
هیئپ‌لونگ:协隆
هیئپ‌کیونگ:协强村
هیت:希特
هیتودا:黑道达
هیتویوشی:人吉市
هیراکاتا:枚方市
هیرسکه:希爾斯凱
هیرسکه:戈爾斯科耶
هیرمند, هلمند:赫尔曼德河
هیرنیک:戈爾尼亞克
هیروشیما:广岛市
هیروشیما:廣島市
هیشن:Hoeksaan-si
هیشن:Hèshān Shì
هیشن:鶴山市
هیشن:鹤山市
هیغاشیهیروشیما، هیروشیما:東廣島市
هیلدن:希爾登
هیلونگ‌جیانگ:Hēilóngjiāng
هیلونگ‌جیانگ:黑龍江省
هیلونگ‌جیانگ:黑龙江省
هیلینقدون لندن منطقه‌سی:希靈登區
هیماچال پرادش:喜马偕尔邦
هیمنه:哈伊馬納
هیندوستان - پاکیستان:印度 - 巴基斯坦
هیندوستان:Yìndù
هیندوستان:印度
هینو، توکیو:日野市
هینگانگهات:欣冈格阿特
هینگ‌جاو:兴交
هینگ‌لونگ:兴隆
هینگ‌لوی:興利市鎮
هیه‌سان:惠山市
هیوان:Héyuán Shì
هیوان:河源
هیوان:河源市
هیوایهوا:Huáihuà Shì
هیوایهوا:怀化市
هیوایهوا:懷化
هیوایهوا:懷化市
هیوستون:休士頓
هیوستون:休斯敦
هیون Haven, نوی هیون:Niǔ hēi wén
هیون Haven, نوی هیون:紐黑文
هیون Haven, نوی هیون:纽黑文
هیون:县里
هیون:縣里
هیونگ‌تان:香新
هیونگ‌جانگ:香江
هیونگ‌دیئن:香田
هیونگ‌سون:香山
هیچی:Héchí Shì
هیچی:河池
هیچی:河池市
هیژو:Hoezou-si
هیژو:Hézhōu Shì
هیژو:賀州
هیژو:賀州市
هیژو:贺州市
هیکاری:光市
هیگاشی‌مورایاما، توکیو:東村山市
هیگاشی‌کورومه، توکیو:東久留米市
هیگاشی‌یاماتو، توکیو:東大和市
هیگوروتی:伊格羅特
هېياتي:海地
هەرێمی کوردستان:库尔德斯坦
هەزەخ:伊迪爾
هەولێر:艾比爾
هەولێر:阿尔贝拉
هەکاری:哈卡里省
ه‌رتىس وزەنى:额河社区
