Çabahar:哈赫巴哈尔
Çaban:恰班
Çabehar:哈赫巴哈尔
Çad Büyükelçiliği:乍得大使馆
Çad səfirliyi:乍得大使馆
Çad:Zhàdé
Çad:乍得
Çad:乍得 / 查德
Çad:查德
Çadi:乍得
Çadi:乍得 / 查德
Çadi:查德
Çadyň ilçihanasy:乍得大使馆
Çadır Lunga:恰德爾倫加
Çadır:恰德爾倫加
Çahar-Mahal və Bəxtiyari ostanı:恰哈馬哈勒－巴赫蒂亞里省
Çahar-Mahal və Bəxtiyari ostanı:恰哈马哈勒－巴赫蒂亚里省
Çaharmahal ve Bahtiyari Eyaleti:恰哈馬哈勒－巴赫蒂亞里省
Çaharmahal ve Bahtiyari Eyaleti:恰哈马哈勒－巴赫蒂亚里省
Çakmak-Suu:恰克马克苏
Çakovec:查科韋茨
Çakovec:查科韦茨
Çakovets:查科韋茨
Çakovets:查科韦茨
Çakılık:Ruoqiang Xian
Çakılık:婼羌縣
Çakılık:若羌县
Çaldıran:恰爾德蘭
Çamaş:恰馬什
Çamlıdere:恰姆勒代雷
Çamlıhemşin:恰姆勒赫姆欣
Çampasak Bölgesi:占巴塞省
Çampasak:占巴塞省
Çan:恰恩
Çanakalaja:恰納卡萊
Çanakkale Savaşları Gelibolu Tarihî Alanı:加里波利半岛历史遗址
Çanakkale Savaşları Gelibolu Tarihî Alanı:加里波利半岛历史遗址 / 加里波利半島歷史遺址
Çanakkale Savaşları Gelibolu Tarihî Alanı:加里波利半島歷史遺址
Çanakkale Şehitler Abidesi:恰纳卡莱烈士纪念碑
Çanakkale:恰納卡萊
Çanaqqala şəhidləri abidəsi:恰纳卡莱烈士纪念碑
Çanaqqala:恰納卡萊
Çanaxqele:恰納卡萊
Çandîgar:昌迪加尔
Çandîgar:昌迪加尔中央直辖区
Çangçun:Chángchūn Shì
Çangçun:長春
Çangçun:長春市
Çangçun:长春市
Çangşa:Chángsha-Shìh
Çangşa:Chángshā Shì
Çangşa:長沙
Çangşa:長沙市
Çangşa:长沙市
Çankırı:恰恩
Çankırı:昌克勒
Çankırı:昌克勒省
Çanqıriye:昌克勒
Çanqırı:昌克勒
Çansa:Chángsha-Shìh
Çansa:Chángshā Shì
Çansa:長沙
Çansa:長沙市
Çansa:长沙市
Çançun:Chángchūn Shì
Çançun:長春
Çançun:長春市
Çançun:长春市
Çapayevsk:恰帕耶夫斯克
Çaplina:查普利納
Çaplina:查普利纳
Çapçal Şibe Özerk İlçesi:Chábùchá'ěr Xībó Zìzhìxiàn
Çapçal Şibe Özerk İlçesi:察布查尔锡伯自治县
Çapçal Şibe Özerk İlçesi:察布查爾錫伯自治縣
Çapçal:Qapqal Xibe Zizhixian
Çapçal:察布查尔县
Çapçal:察布查尔锡伯自治县
Çapçal:察布查爾縣
Çapçal:察布查爾錫伯自治縣
Çaquanas:查瓜納斯
Çar Topu:沙皇炮
Çar Topu:沙皇砲
Çaragoça:札拉哥沙
Çaragoça:萨拉戈萨
Çardak:恰爾達克
Çarentsavan:恰伦察万
Çarli Kontrol Noktası:查理檢查哨
Çarmihal û Bextiyarî:恰哈馬哈勒－巴赫蒂亞里省
Çarmihal û Bextiyarî:恰哈马哈勒－巴赫蒂亚里省
Çarıklı Kilise:便鞋教堂
Çarıklı Kirche:便鞋教堂
Çarşamba:恰爾尚巴
Çarşıbaşı:恰爾舍巴舍
Çasov Yar:恰索夫亞爾
Çatak:恰塔克
Çatalca:恰塔尔贾
Çatkal:恰特卡尔河
Çatır Gölü:察提尔湖
Çay:恰伊
Çaycuma:恰伊朱馬
Çaycümə:恰伊朱馬
Çayeli:哈耶利
Çayıralan:恰耶拉兰
Çazma:察兹马
Çazma:察茲馬
Çaçaku:查查克
Çağantogay:Yumin Xian
Çağantogay:Yùmín Xiàn
Çağantogay:裕民县
Çağantogay:裕民縣
Çağlayancerit:恰拉揚傑里特
Çebarkul:切巴爾庫爾
Çebarkul:切巴爾庫爾湖
Çeberköl:切巴爾庫爾
Çeboksarı:切博克萨雷
Çeboksarı:切博克薩雷
Çegem:切格姆
Çeharmehal u Bextıyari (eyalet):恰哈馬哈勒－巴赫蒂亞里省
Çeharmehal u Bextıyari (eyalet):恰哈马哈勒－巴赫蒂亚里省
Çehiya:Jiékè
Çehiya:捷克
Çehiýa:Jiékè
Çehiýa:捷克
Çehiýanyň Baş konsullygy:捷克共和国总领事馆
Çehiýanyň hormatly konsullygy:捷克共和国名誉领事馆
Çehiýanyň ilçihanasy:捷克共和国大使馆
Çehov:契訶夫
Çek Cumhuriyeti Başkonsolosluğu:捷克共和国总领事馆
Çek Cumhuriyeti Büyükelçiliği:捷克共和国大使馆
Çek Cumhuriyeti Fahri Konsolosluğu:捷克共和国名誉领事馆
Çek Cumhuriyeti:Jiékè
Çek Cumhuriyeti:捷克
Çekerek:切凱雷克
Çekıstan:Jiékè
Çekıstan:捷克
Çelikhan:切利克汗
Çelsi FK:切尔西足球俱乐部
Çelsi FK:車路士足球會
Çelsi futbol kluby:切尔西足球俱乐部
Çelsi futbol kluby:車路士足球會
Çelsi futbol taqımı:切尔西足球俱乐部
Çelsi futbol taqımı:車路士足球會
Çelyabinsk Havalimanı:車里雅賓斯克機場
Çelyabinsk Oblastı:車里雅賓斯克州
Çelyabinsk Oblastı:车里雅宾斯克州
Çelyabinsk vilayəti:車里雅賓斯克州
Çelyabinsk vilayəti:车里雅宾斯克州
Çelyabinsk:車里雅賓斯克
Çelyabinsk:车里雅宾斯克
Çelyuskin burnu:切柳斯金角
Çelâbinsk vilâyeti:車里雅賓斯克州
Çelâbinsk vilâyeti:车里雅宾斯克州
Çelâbinsk:車里雅賓斯克
Çelâbinsk:车里雅宾斯克
Çelê:丘庫爾賈
Çemberlitaş Hammam:2-1-1君士坦丁纪念柱
Çemberlitaş Sütunu:君士坦丁纪念柱
Çemê Kongoyê:刚果河
Çemê Miradê:土耳其河流
Çemê Seyhan:塞伊漢河
Çemê Ûralê:乌拉尔河
Çemê Ûralê:烏拉河
Çendu:Chéngdū Shì
Çendu:成都市
Çengdu Dev Panda Yetiştiriciliği Araştırma Üssü:成都大熊猫繁育研究基地
Çengdu Dev Panda Yetiştiriciliği Araştırma Üssü:成都大熊貓繁育研究基地
Çengdu:Chéngdū Shì
Çengdu:成都市
Çengçou:Zhèngzhōu Shì
Çengçou:zhèngzhōu shì
Çengçou:郑州市
Çengçou:鄭州
Çengçou:鄭州市
Çeqem:切格姆
Çerdın:切尔登
Çeremhovo:切列姆霍沃
Çeremuha:切列穆哈
Çeremxovo:切列姆霍沃
Çerepanovo:切列帕諾沃
Çerepovets:切列波韋茨
Çerkassi:切尔卡瑟
Çerkası Oblastı:切爾卡瑟州
Çerkası vilâyeti:切爾卡瑟州
Çerkası:切尔卡瑟
Çerkessk:切尔克斯克
Çerkessk:切爾克斯克
Çerkezköy:吉爾吉斯柯伊
Çermik:切爾米克
Çermug:切爾米克
Çernigiv vilâyeti:切尔尼戈夫州
Çernigiv vilâyeti:切爾尼戈夫州
Çernigiv:切尔尼戈夫
Çernihiv Oblastı:切尔尼戈夫州
Çernihiv Oblastı:切爾尼戈夫州
Çernihiv:切尔尼戈夫
Çerniqiv vilayəti:切尔尼戈夫州
Çerniqiv vilayəti:切爾尼戈夫州
Çerniqiv:切尔尼戈夫
Çernivtsi vilâyeti:切爾諾夫策州
Çernivtsi:切爾諾夫策
Çernobayevka:喬爾諾巴伊夫卡
Çernobil Nükleer Santrali:車諾比核電站
Çernobil:切尔诺贝利
Çernobıl AES:車諾比核電站
Çernogoriya:蒙特內哥羅
Çernogoriya:黑山
Çernogoriya:黑山 / 蒙特內哥羅
Çernogoriýa:蒙特內哥羅
Çernogoriýa:黑山
Çernogoriýa:黑山 / 蒙特內哥羅
Çernogoriýanyň Baş konsullygy:黑山总领事馆
Çernogoriýanyň hormatly konsullygy:黑山名誉领事馆
Çernogoriýanyň ilçihanasy:黑山大使馆
Çernoqoriya:蒙特內哥羅
Çernoqoriya:黑山
Çernoqoriya:黑山 / 蒙特內哥羅
Çernovtsi Oblastı:切爾諾夫策州
Çernovtsı:切爾諾夫策
Çernuşka:切爾努什卡
Çernyahovsk:切尔尼亚霍夫斯克
Çernyaxovsk:切尔尼亚霍夫斯克
Çernâhiv:切爾尼亞希夫
Çernâtın:切爾尼亞京
Çervonıy Gay:切爾沃尼蓋
Çervonıy Stepok:切爾沃尼斯捷波克
Çerçen Nehri:且末河
Çerçen Nehri:车尔臣河
Çerçen:Qiěmò xiàn
Çerçen:且末县
Çerçen:且末縣
Çerçen:且末鎮
Çerçen:且末镇
Çetine:切庭耶
Çetine:策提涅
Çetine:采蒂涅
Çetinye:切庭耶
Çetinye:策提涅
Çetinye:采蒂涅
Çewlîg:賓格爾
Çewlîk:賓格爾
Çex Respublikasının Baş Konsulluğu:捷克共和国总领事馆
Çex Respublikasının fəxri konsulluğu:捷克共和国名誉领事馆
Çex respublikası:Jiékè
Çex respublikası:捷克
Çexiya səfirliyi:捷克共和国大使馆
Çexiya:Jiékè
Çexiya:捷克
Çexov:契訶夫
Çeçenia:车臣共和国
Çeçenistan:車臣共和國
Çeçenistan:车臣共和国
Çeçeniya:車臣共和國
Çeçeniya:车臣共和国
Çeçenıstan:車臣共和國
Çeçenıstan:车臣共和国
Çeşme:切什梅
Çeşmeci Parkı:西斯米吉烏花園
Çeşmə:切什梅
Çeșme:切什梅
Çheer ny Gaeil:高地
Çifteler:奇夫泰萊爾
Çiftlikköy:奇夫特利克伊
Çikago:芝加哥
Çikaqo:芝加哥
Çildar:彻尔德尔
Çile:智利
Çili səfirliyi:智利大使馆
Çili:智利
Çilimli:奇利姆利
Çilinin fəxri konsulluğu:智利名誉领事馆
Çiliniň hormatly konsullygy:智利名誉领事馆
Çiliniň ilçihanasy:智利大使馆
Çilyan:奇廉
Çim Alanı:草坪广场
Çimentepe fire lookout tower:Çimentepe YGK
Çimkent Uluslararası Havalimanı:奇姆肯特國際機場
Çimkent:希姆肯特
Çimkent:苫勤
Çimkənd:希姆肯特
Çimkənd:苫勤
Çin - Tacikistan:中国与塔吉克斯坦边界
Çin Başkonsolosluğu:中国驻纽约总领事馆
Çin Büyükelçiliği:中国大使馆
Çin Halk Cumhuriyeti Büyükelçiliği:中华人民共和国大使馆
Çin Halk Cumhuriyeti Büyükelçiliği:中華人民共和國大使館
Çin Halk Cumhuriyeti:Zhōngguó
Çin Halk Cumhuriyeti:中国
Çin Halk Cumhuriyeti:中國
Çin Halk Cumhuriyeti:中華人民共和國
Çin Halq Cumhuriyeti:Zhōngguó
Çin Halq Cumhuriyeti:中国
Çin Halq Cumhuriyeti:中國
Çin Halq Cumhuriyeti:中華人民共和國
Çin Seddi:Chángchéng
Çin Seddi:长城
Çin Ulusal Karayolu 312:312国道 沪霍线
Çin Ulusal Karayolu 312:312國道 滬霍線
Çin Xalq Respublikasının Səfirliyi:中华人民共和国大使馆
Çin səfirliyi:中国大使馆
Çin:Zhōngguó
Çin:中国
Çin:中國
Çin:中華人民共和國
Çinar:徹納爾
Çinarcıq:徹納爾哲克
Çine:奇內
Çinggil:Qīnghé Xiàn
Çinggil:青河县
Çinggil:青河縣
Çinghay-Tibet demiryolu:qīngzàng tiělù
Çinghay:Qīnghǎi Shěng
Çinghay:青海省
Çinin Baş Konsulluğu:中国驻纽约总领事馆
Çipro:Sàipǔlùsī
Çipro:塞浦路斯
Çipro:塞浦路斯/賽普勒斯
Çipro:賽普勒斯
Çira:Cèlè Xiàn
Çira:策勒县
Çira:策勒縣
Çistay:奇斯托波尔
Çita:赤塔
Çitral:吉德拉尔县
Çittæ do Cavo:开普敦
Çittæ do Cavo:開普敦
Çittæ do Cavo:開普敦/开普敦
Çittæ do Mescico:墨西哥城
Çittæ do Vatican:Fàndìgāng
Çittæ do Vatican:梵蒂冈
Çittæ do Vatican:梵蒂岡
Çivril:奇夫里尔
Çiyayê Agirî:亞拉拉特山
Çiyayê Everest:Zhūmùlǎngmǎ Fēng
Çiyayê Everest:珠穆朗玛峰
Çiyayê Everest:珠穆朗瑪峰
Çiyayên Ûralê:乌拉尔山脉
Çiçekdağı:奇切克達厄
Çjentszyan:Zhènjiāng Shì
Çjentszyan:鎮江
Çjentszyan:鎮江市
Çjentszyan:镇江市
Çjençjou:Zhèngzhōu Shì
Çjençjou:zhèngzhōu shì
Çjençjou:郑州市
Çjençjou:鄭州
Çjençjou:鄭州市
Çjetszyan:Zhèjiāng
Çjetszyan:浙江
Çjetszyan:浙江省
Çkalovsk:契卡洛夫斯克
Çoban:卡索斯岛
Çobanlar:喬班拉爾
Çohatauri:喬哈陶里
Çolig:賓格爾
Çonburi:春武里府
Çongqing:Chóngqìng shì
Çongqing:重庆市
Çongqing:重慶市
Çongçing:Chóngqìng shì
Çongçing:重庆市
Çongçing:重慶市
Çonğ-Alay ilçesi:琼阿赖区
Çop:喬普
Çoqraq:斯特里尔科韦
Çormoz:喬爾莫茲
Çornobyl:切尔诺贝利
Çornobıl:切尔诺贝利
Çornomorsk:喬爾諾莫爾斯克
Çorox:喬魯赫河
Çoroxi:喬魯赫河
Çoruh Nehri:喬魯赫河
Çoruh River:喬魯赫河
Çoruh:喬魯赫河
Çorum:乔鲁姆省
Çoybalsan:乔巴山
Çoybalsan:喬巴山
Çoyr:乔伊尔
Çoyr:喬伊爾
Çoşi Ticarət və Sənaye İtətirakçıları İnkişaf Bankı:銚子商工信用組合
Çristmas Adası:圣诞岛
Çristmas Adası:圣诞岛 / 聖誕島
Çristmas Adası:聖誕島
Çu:楚河
Çudniv:丘德尼夫
Çudovo:丘多沃
Çuha Adası:基西拉岛
Çuhloma:丘赫洛馬
Çukurca:丘庫爾賈
Çumra:丘姆拉
Çungar-Aladağ Millî Parkı:准噶尔-阿拉套国家公园
Çuntsin:Chongqing
Çuntsin:Chóngqìng shì
Çuntsin:重庆市
Çuntsin:重慶市
Çusovoy:丘索沃伊
Çutove:丘托韋
Çuvaş Cumhuriyeti:楚瓦什共和国
Çuvaş Cumhuriyeti:楚瓦什共和國
Çuy ili:楚河州
Çuy vilayəti:楚河州
Çyormoz:喬爾莫茲
Çyu Cou:Zhūzhōu Shì
Çyu Cou:株洲
Çyu Cou:株洲市
Çêlabînsk:車里雅賓斯克
Çêrme:耶迪苏
Çêrmûg:切爾米克
Çêrmûge:切爾米克
Çêrnîhîv:切尔尼戈夫
Çîn:Zhōngguó
Çîn:中国
Çîn:中國
Çîn:中華人民共和國
Çînwali:茨欣瓦利
Çöçek:Tǎchéng Shì
Çöçek:塔城市
Çĕн Çĕпĕр облаçĕ:新西伯利亚州
Çĕн Çĕпĕр облаçĕ:新西伯利亞州
Çĕнĕ Çĕпĕр:新西伯利亚
Çĕнĕ Çĕпĕр:新西伯利亞
Çĕнĕ Çĕр:新地岛
Çĕнĕ Англи:新英格兰
Çĕнĕ Англи:紐英倫
Çĕнĕ Афон:新阿豐
Çĕнĕ Гэмпшир:新罕布什尔州
Çĕнĕ Гэмпшир:新罕布什尔州 / 新罕布夏州 / 新罕布什爾州
Çĕнĕ Гэмпшир:新罕布什爾州
Çĕнĕ Гэмпшир:新罕布夏州
Çĕнĕ Гэмпшир:新罕布夏州 / 新罕布什爾州
Çĕнĕ Джерси:新泽西州
Çĕнĕ Джерси:新澤西州
Çĕнĕ Джерси:紐澤西州
Çĕнĕ Зеланди:新西兰
Çĕнĕ Зеланди:新西蘭
Çĕнĕ Зеланди:紐西蘭
Çĕнĕ Зеланди:紐西蘭/新西兰
Çĕнĕ Йорк:紐約州
Çĕнĕ Йорк:纽约州
Çĕнĕ Куйбышевск:新古比雪夫斯克
Çĕнĕ Мексика:新墨西哥州
Çĕнĕ Чĕмпĕр:新烏里揚諾夫斯克
Çıldır:彻尔德尔
Çınar:徹納爾
Çınarcık:徹納爾哲克
Çıplaklı:Çıplaklı (Alanya)
Çаzmа:察兹马
Çаzmа:察茲馬
Çернур:谢尔努尔
Çтерлĕ:斯捷爾利塔馬克
Çурçĕр Дакота:北达科他州
Çурçĕр Дакота:北達科他州
Çурçĕр Двина:北德维纳河
Çурçĕр Ирланди:北愛爾蘭
Çурçĕр Ирланди:北爱尔兰
Çурçĕр Ирланди:北爱尔兰 / 北愛爾蘭
Çурçĕр Каролина:北卡罗来纳州
Çурçĕр Каролина:北卡羅萊那州
Çурçĕр Осети:北奥塞梯-阿兰共和国
Çурçĕр Осети:北奥塞梯—阿兰共和国
Çурçĕр Осети:北奧塞梯—阿蘭
Çурçĕр Осети:北奧塞梯—阿蘭共和國
Çурçĕр Рейн-Вестфали:北莱茵-威斯特法伦州
Çурçĕр Рейн-Вестфали:北萊茵－威斯特法倫
Çурçĕр тинĕсĕ:北海
Çурутрав:勘察加半岛
Çурутрав:堪察加半島
Çӗрпӳ:齊維利斯克
