Î-iâu-chhī:Yúyáo Shì
Î-iâu-chhī:余姚市
Î-iâu-chhī:餘姚
Î-iâu-chhī:餘姚市
Î-lêng-khu:Yílíng Qū
Î-lêng-khu:夷陵区
Î-lêng-khu:夷陵區
ÎNN-suann-lōo 1-tuānn:員山路一段
ÎNN-suann-lōo 2-tuānn:員山路二段
ÎNN-suann-lōo 3-tuānn:員山路三段
Îcêvan:伊杰万
Îdir:厄德尔
Îdlîb:伊德利卜
Îlam:伊拉姆省
Île Aigle:伊格尔群岛
Île Alejandro Selkirk:亞歷山大塞爾扣克島
Île Amsterdam:阿姆斯特丹岛
Île Ardley:阿德利島
Île Atlassov:阿賴度島
Île Atlassov:阿赖度岛
Île Aïon:艾翁岛
Île Baker:比卡島
Île Baker:贝克岛国家野生动物保护区
Île Banks:班克斯岛
Île Bathurst:巴瑟斯特岛
Île Beike:Beike Dao
Île Beike:貝殼島
Île Beike:贝壳岛
Île Berkner:伯克納島
Île Berkner:伯克纳岛
Île Berkner:伯克纳岛 / 伯克納島
Île Bolchevique:布尔什维克岛
Île Bolchevique:布爾什維克島
Île Bouvet:布韦岛
Île Béring:白令岛
Île Camorta:格莫尔达岛
Île Carrée:Hudie Dao
Île Carrée:胡蝶岛
Île Carrée:胡蝶島
Île Charcot:沙爾科島
Île Christmas:圣诞岛
Île Christmas:圣诞岛 / 聖誕島
Île Christmas:聖誕島
Île Cornwallis:康沃利斯岛
Île Cu Xu:姑苏岛
Île Dawson:道森島
Île Deux Sommets:Shuāngfēng Dǎo
Île Deux Sommets:双峰岛
Île Deux Sommets:双峰島
Île Devon:德文岛
Île Diomedea:信天翁島
Île Etorofu:擇捉島
Île Feklistova:费克利斯托夫岛
Île Fitzroy:菲茨罗伊岛
Île Fitzroy:菲茨羅伊島
Île Foch:福煦岛
Île Gorgona:戈尔戈纳岛
Île Gough:戈夫岛
Île Gough:歌賦島
Île Graham Bell:格雷厄姆貝爾島
Île Henderson:亨德森岛
Île Howland:豪蘭島
Île Hébāo:Hébāo dǎo
Île Hébāo:荷包
Île Hébāo:荷包岛
Île Inaccessible:伊納克瑟布爾島
Île Inaccessible:伊纳克塞瑟布尔岛
Île Inexpressible:难以形容岛
Île Inexpressible:難以形容島
Île Ioujny:尤日內島
Île Iō:硫磺岛
Île Iō:硫磺島
Île Jan Mayen:扬马延岛
Île Jarvis:贾维斯岛
Île Juan de Nova:新胡安岛
Île Kodiak:科迪亚克岛
Île Komsomolets:共青团员岛
Île Komsomolets:共青團員島
Île Kotelny:科捷利內岛
Île Kotelny:科捷利內島
Île Kotelny:科捷利内岛
Île Londonderry:伦敦德里岛
Île Londonderry:伦敦德里岛 / 伦敦德里島
Île Londonderry:伦敦德里島
Île Macquarie:麦夸里岛
Île Maurice:毛里求斯主岛
Île Medny:梅德內島
Île Mejdoucharski:梅日杜沙爾斯基島
Île Melville:梅尔维尔岛
Île Minamitori:南鳥島
Île Minamitori:南鸟岛
Île Nancowry:楠考里岛
Île Nau-Chau:zhōu dǎo
Île Nau-Chau:硇洲岛
Île Navarino:纳瓦里诺岛
Île Nelson:納爾遜島
Île Nokono:能古島
Île Norfolk:诺福克岛
Île Ouchakov:乌沙科夫岛
Île Petite Diomède:小代奧米德島
Île Prince-Charles:查爾斯王子島
Île Rodrigues:罗德里格斯岛
Île Rousski:俄罗斯岛
Île Rousski:俄羅斯島
Île Rudolf:魯道夫島
Île Saint-Laurent:聖勞倫斯島
Île Saint-Louis:圣路易岛
Île Saint-Louis:聖路易島
Île Saint-Matthieu:圣马修岛
Île Saint-Matthieu:聖馬修島
Île Saint-Matthieu:聖馬修島 / 圣马修岛
Île Sala y Gómez:薩拉戈麥斯島
Île San Félix:聖費利克斯島
Île San Lorenzo:聖洛倫索島
Île Schmidt:施密特岛
Île Severny:謝韋爾內島
Île Shikotan:色丹島
Île Sibiriakov:西比里亞科夫島
Île Somerset:索默塞特岛
Île Spratley:南威岛
Île Stefansson:斯特凡松島
Île Stewart:斯圖爾特島
Île Sturge:斯特奇岛
Île Tanega:种子岛
Île Tanega:種子島
Île Teressa:特蕾莎岛
Île Thursday:星期四島
Île Traill:特雷爾島
Île Tristan da Cunha:崔斯坦達庫尼亞島
Île Tristan da Cunha:特里斯坦—达库尼亚岛
Île Tromelin:特罗姆兰岛
Île Vache Marine:海牛岛
Île Verte:Lǜ​dǎo​ Xiāng
Île Verte:綠島
Île Verte:綠島鄉
Île Victoria:维多利亚岛
Île Vizé:维泽岛
Île Wellington:惠靈頓島
Île Withem:懷特姆島
Île Wrangel:弗兰格尔岛
Île Yaku:屋久島
Île Yonaguni:与那国岛
Île Zamami:座间味岛
Île Zhenbao:Zhēnbǎo dǎo
Île Zhenbao:珍宝岛
Île Zhenbao:珍寶島
Île aux Ours:熊岛
Île d'Alboran:阿爾沃蘭島
Île d'Arran:亞蘭島
Île d'Arran:阿倫島
Île d'Arros:达罗斯岛
Île d'Elbe:厄尔巴岛
Île d'Ellesmere:埃尔斯米尔岛
Île d'Islay:艾拉島
Île d'Oeno:奥埃诺岛
Île d'Okinawa:冲绳本岛
Île d'Okinawa:沖繩島冲绳本岛
Île d'Okinawa:沖繩本島
Île de Baffin:巴芬岛
Île de Baffin:巴芬島
Île de Barbuda:巴布达岛屿
Île de Barbuda:巴布達島嶼
Île de Bathurst:巴瑟斯特岛
Île de Disko:迪斯科岛
Île de Faial:法亞爾島
Île de Flores:弗洛雷斯岛
Île de Gerlache:傑拉許島
Île de Gueishan:龜山島
Île de Gueishan:龟山岛
Île de Hong Kong:香港岛
Île de Hong Kong:香港島
Île de Khortytsia:霍尔蒂奇亚岛
Île de Lamma:南丫岛
Île de Lamma:南丫島
Île de Lampedusa:兰佩杜萨岛
Île de Malpelo:马尔佩洛岛
Île de Man:曼島
Île de Man:馬恩島
Île de Man:马恩岛
Île de Man:马恩岛 / 曼島
Île de Mannar:曼納島
Île de May:五月島
Île de Montréal:蒙特利尔岛
Île de Mull:馬爾島
Île de Nan'ao:南澳岛
Île de North Sentinel:北哨兵岛
Île de North Sentinel:北哨兵島
Île de Nouvelle-Sibérie:新西伯利亚岛
Île de Nouvelle-Sibérie:新西伯利亞島
Île de Phu Quoc:富国岛
Île de Phu Quoc:富國島
Île de Pâques:复活节岛
Île de Pâques:复活节岛 / 復活節島
Île de Pâques:復活節島
Île de Pâques:復活節島省
Île de Saint-Louis:圣路易斯岛
Île de Skye:斯凯岛
Île de Socotra:索科特拉岛
Île de Vancouver:溫哥華島
Île de Weizhou:Waizau Dau
Île de Weizhou:Wéizhōu Dǎo
Île de Weizhou:涠洲岛
Île de Weizhou:潿洲島
Île de Wight:怀特岛
Île de l'Amirauté:阿德默勒尔蒂岛
Île de l'Ascension:亞森松島
Île de l'Ascension:亞森欣島
Île de l'Ascension:阿森松岛
Île de l'Ascension:阿森松岛 / 亞森欣島
Île de l'Ouest:西島
Île de la Cité:西堤島
Île de la Cité:西岱岛
Île de la Gonâve:戈納夫島
Île de la Jeunesse:青年岛
Île de la Révolution d'Octobre:十月革命岛
Île de la Révolution d'Octobre:十月革命島
Île de la Solitude:乌耶季涅尼亚岛
Île des Géologues:Gulang Yu
Île des Géologues:鼓浪屿
Île des Géologues:鼓浪嶼
Île des Merveilles:木头岛
Île des Serpents:蛇岛
Île des États:艾斯塔多島
Île du Cap-Breton:布雷顿角岛
Île du Mileu:中兄弟岛
Île du Nord:北兄弟岛
Île du Nord:北島
Île du Prince-Patrick:帕特里克王子岛
Île du Prince-de-Galles:威尔士亲王岛
Île du Roi-George:乔治王岛
Île du Roi-Guillaume:威廉王島
Île du Sud:南兄弟岛
Île du Sud:南島
Île dé Man:曼島
Île dé Man:馬恩島
Île dé Man:马恩岛
Île dé Man:马恩岛 / 曼島
Île folklorique Nánzhào:Nánzhào fēngqíng dǎo
Île folklorique Nánzhào:南诏风情岛
Île-de-France:法兰西岛大区
Île-de-France:法兰西岛大区 / 法蘭西島大區
Île-de-France:法蘭西島大區
Île-du-Prince-Édouard:愛德華王子島
Île-du-Prince-Édouard:愛德華王子島省
Île-du-Prince-Édouard:爱德华王子岛
Île-du-Prince-Édouard:爱德华王子岛省
Îles Aléoutiennes:阿留申群岛
Îles Andaman-et-Nicobar:安达曼-尼科巴群岛
Îles Andaman-et-Nicobar:安达曼-尼科巴群岛中央直辖区
Îles Andaman:安达曼群岛
Îles Ashmore-et-Cartier:阿什莫尔和卡捷群岛
Îles Baléares:巴利亞利群島
Îles Baléares:巴利阿里群岛
Îles Bangka Belitung:邦加-勿里洞省
Îles Bounty:邦蒂群岛
Îles Canaries:加那利群岛
Îles Caïmans:开曼群岛
Îles Caïmans:开曼群岛 / 開曼群島
Îles Caïmans:開曼群島
Îles Cocos:科科斯（基林）群島
Îles Cook:库克群岛
Îles Cook:库克群岛 / 庫克群島
Îles Cook:庫克群島
Îles Cook:曲克群島
Îles Falkland:福克兰群岛
Îles Falkland:福克蘭群島
Îles Féroé:Fǎluóqúndǎo
Îles Féroé:法罗群岛
Îles Féroé:法罗群岛 / 法羅群島
Îles Féroé:法羅群島
Îles Geiyo:藝予諸島
Îles Glorieuses:Géluòliàosuǒ
Îles Glorieuses:格洛廖索
Îles Habomai:齒舞群島
Îles Hawar:侯瓦尔群岛
Îles Heard-et-MacDonald:赫德岛和麦克唐纳群岛
Îles Kouriles:千岛群岛
Îles Kouriles:千島群島
Îles Kujuku-shima:九十九岛
Îles Kujuku-shima:九十九島
Îles Leygues:萊格群島
Îles Malouines (Îles Falkland):福克兰群岛
Îles Malouines (Îles Falkland):福克兰群岛 / 福克蘭群島
Îles Malouines (Îles Falkland):福克蘭群島
Îles Marquises:馬克薩斯群島
Îles Marshall:馬紹爾群島
Îles Marshall:马绍尔群岛
Îles Marshall:马绍尔群岛 / 馬紹爾群島
Îles Matsu:Liánjiang Siàn
Îles Matsu:Liánjiāng Xiàn
Îles Matsu:Ma-tsu Lieh-tao
Îles Matsu:Mǎzǔ Lièdǎo
Îles Matsu:连江县
Îles Matsu:連江縣
Îles Matsu:馬祖
Îles Matsu:馬祖列島
Îles Matsu:马祖列岛
Îles McDonald:麥克唐納群島
Îles Medveji:熊岛群岛
Îles Midway:中途島
Îles Mifeng Yu:Mìfēng Yǔ
Îles Mifeng Yu:蜜蜂屿
Îles Mifeng Yu:蜜蜂嶼
Îles Mussau:聖穆紹群島
Îles Nicobar:尼科巴群岛
Îles Orcades du Sud:南奥克尼群岛
Îles Pescadores:澎湖列島
Îles Pescadores:澎湖群岛
Îles Pescadores:澎湖群島
Îles Pitcairn:皮特凯恩群岛
Îles Pitcairn:皮特凯恩群岛 / 皮特肯群島
Îles Pitcairn:皮特肯群島
Îles Pontines:龐廷群島
Îles Pélages:佩拉杰群岛
Îles Ralik:拉利克礁鏈
Îles Riau:廖内群岛省
Îles Shetland du Sud:南设得兰群岛
Îles Solovki:索洛韦茨基群岛
Îles Sorlingues:錫利群島
Îles Sorlingues:锡利群岛
Îles Spratleys:南沙群岛
Îles Spratleys:南沙群岛/南沙群島
Îles Spratleys:南沙群島
Îles Thổ Chu:土珠群島
Îles Tiannüsanhua:Tiannüsanhua Qundao
Îles Tiannüsanhua:天女散花群岛
Îles Tiannüsanhua:天女散花群島
Îles Tokara:吐噶喇群岛
Îles Tokara:吐噶喇群島
Îles Tremiti:伊索莱特雷米蒂
Îles Turques-et-Caïques:土克凱可群島
Îles Turques-et-Caïques:土克凱可群島 / 特克斯和凱科斯群島
Îles Turques-et-Caïques:特克斯和凯科斯群岛
Îles Turques-et-Caïques:特克斯和凱科斯群島
Îles Turques-et-Caïques:特克斯與凱科斯群島
Îles Vierges britanniques:英属维尔京群岛
Îles Vierges britanniques:英属维尔京群岛 / 英屬維京群島
Îles Vierges britanniques:英屬維京群島
Îles Vierges britanniques:英屬維爾京群島
Îles Vierges britanniques:英屬處女群島
Îles Vierges des États-Unis:美属维尔京群岛
Îles Vierges des États-Unis:美屬維京群島
Îles Vierges des États-Unis:美屬維爾京群島
Îles Vierges des États-Unis:美屬處女群島
Îles d'la Manche:海峡群岛
Îles d'la Manche:海峽群島
Îles de Bahama:Bāhāmǎ qúndǎo
Îles de Bahama:巴哈馬群島
Îles de Bahama:巴哈马群岛
Îles de la Frise-Orientale:东弗里西亚群岛
Îles de la Mer de Corail:珊瑚海群岛
Îles des Princes:王子群岛
Îles des Trois Rois:三王群岛
Îles du Commandeur:科曼多尔群岛
Îles du Prince-de-Monaco:摩納哥王子群島
Îles du Vent:向风群岛
Îles hawaïennes du Nord-Ouest:西北夏威夷群島
Îles Åland:奥兰群岛
Îles Égades:埃加迪群岛
Îles Éoliennes:埃奥利群岛
Îlot de Rolas:斑鳩島
Îmarata Ebû Zebî:阿布扎比酋長國
Îmarata Ebû Zebî:阿布扎比酋长国
Îmêretî:伊梅列季州
Înaltul Comisariat al Națiunilor Unite pentru Refugiați:联合国难民事务高级专员办事处 / 聯合國難民事務高級專員辦事處
Înaltul Comisariat al Națiunilor Unite pentru Refugiați:联合国难民署
Închiriere auto:租车
Închisoarea Nong Bua Lam Phu:农宝林富监狱
Înde:Yìndù
Înde:印度
Îndonezya:印尼
Îndonezya:印度尼西亚
Îndonezya:印度尼西亚 / 印度尼西亞
Îndonezya:印度尼西亞
Îng-hing-kiô:róngxìngqiáo
Îng-hing-kiô:ㄖㄨㄥˊㄒㄧㄥˋㄑㄧㄠˊ
Îng-hing-kiô:榮興橋
Îng-hing-kiô:荣兴桥
Îng-huâ:róng huá
Îng-huâ:榮華
Îng-huâ:荣华
Îng-kiô Kok-sió:萤桥国小
Îng-kiô Kok-sió:螢橋國小
Îng-kiô Kok-tiong:螢橋國中
Îng-kiô:螢橋
Îng-thài-tshù:榮泰厝
Îng-tshínn Hue-hn̂g Kong-hn̂g:榮星花園公園
Îng-tsuân-lí:榮泉里
Înger păzitor:守護天使
Îngilistan:英格兰
Îngilistan:英格兰 / 英格蘭
Îngilistan:英格蘭
Îngûşetya:印古什共和国
Înn-hîng Sió-kio̍k-tiûnn:圓形小劇場
Înn-khuân (Lâm-kiann):圓環 (南京)
Înn-khuân:圓環
Înn-kióng-kiô:圆拱桥
Înn-kióng-kiô:圓拱橋
Înn-lâu:圓樓
Înn-suann 1-hō Kiô:員山一號橋
Înn-suann Hiong-kong-soó:員山鄉公所
Înn-suann-tuā-kiô:圓山大橋
Înn-suann-á Kau-liû-tō:圓山交流道
Înn-suann-á Ping-á-iânn:圓山營區
Înn-suann-á Pōng-khang:圓山隧道
Înn-suann-á Tsū-jiân Kíng-kuan Kong-hn̂g:圓山自然景觀公園
Înn-suann-á:yuán shān
Înn-suann-á:圆山
Înn-suann-á:圓山
Înn-thâm-kiô:圓潭橋
Înălțimile Golan:戈蘭高地
Îran:Yīlǎng
Îran:伊朗
Îrland:Àiěrlán
Îrland:愛爾蘭
Îrland:愛爾蘭共和國
Îrland:爱尔兰
Îrland:爱尔兰 / 愛爾蘭
Îrlendaya Bakur:北愛爾蘭
Îrlendaya Bakur:北爱尔兰
Îrlendaya Bakur:北爱尔兰 / 北愛爾蘭
Îsfehan:伊斯法罕省
Îskenderiye:亚历山大
Îskenderiye:亚历山大港
Îskenderiye:亞歷山大港
Îskenderûn:伊斯肯德倫
Îslahiye:伊斯拉希耶
Îslamabad:伊斯兰堡
Îslamabad:伊斯蘭堡
Îsland:Bīngdǎo
Îsland:冰岛
Îsland:冰島
Îslenda:冰岛
Îslenda:冰岛 / 冰島
Îslenda:冰島
Îsraêl:Yǐsèliè
Îsraêl:以色列
Îtalya:Yìdàlì
Îtalya:意大利
Îtalya:意大利 / 義大利
Îtalya:義大利
Îvano-Frankîvsk:伊万诺-弗兰科夫斯克
Îwkon:育空地区
Îwkon:育空地區
Îznîk:伊兹尼克
Îⁿ-hêng Sió-kio̍k-tiûⁿ:圓形小劇場
Îⁿ-khoân (Lâm-kiaⁿ):圓環 (南京)
Îⁿ-khoân:圓環
Îⁿ-kióng-kiô:圆拱桥
Îⁿ-kióng-kiô:圓拱橋
Îⁿ-lâu:圓樓
Îⁿ-soaⁿ 1-hō Kiô:員山一號橋
Îⁿ-soaⁿ Hiong-kong-só͘:員山鄉公所
Îⁿ-soaⁿ-hiong:員山鄉
Îⁿ-soaⁿ-lō͘ 1-tōaⁿ:員山路一段
Îⁿ-soaⁿ-lō͘ 2-tōaⁿ:員山路二段
Îⁿ-soaⁿ-lō͘ 3-tōaⁿ:員山路三段
Îⁿ-soaⁿ-á Chū-jiân Kéng-koan Kong-hn̂g:圓山自然景觀公園
Îⁿ-soaⁿ-á Kau-liû-tō:圓山交流道
Îⁿ-soaⁿ-á Peng-á-iâⁿ:圓山營區
Îⁿ-soaⁿ-á Pōng-khang:圓山隧道
Îⁿ-soaⁿ-á:yuán shān
Îⁿ-soaⁿ-á:圆山
Îⁿ-soaⁿ-á:圓山
Îⁿ-thâm-kiô:圓潭橋
