اؤباکؤی:奥巴柯伊
اؤباکؤی:奧巴柯伊
اؤردؤنˇ رۊخؤنه أفتؤپردچینˇ کۊل:約旦河西岸地區
اؤردؤنˇ رۊخؤنه أفتؤپردچینˇ کۊل:约旦河西岸地区
اؤردؤنˇ رۊخؤنه أفتؤپردچینˇ کۊل:西岸地區
اؤرشولیت قصبه‌سی:wūxuětè xiāng
اؤرشولیت قصبه‌سی:乌雪特乡
اؤرشولیت:wūxuětè xiāng
اؤرشولیت:乌雪特乡
اؤزگن:乌兹根
اؤیمے محکمہ:韋梅省
ائرمنیستان:Yàměiníyà
ائرمنیستان:亚美尼亚
ائرمنیستان:亞美尼亞
ائرمنی‌بازار:亞美尼亞斯克
ائرپورٹ پارکنگ:机场停车场
ائسپانيا:西班牙
ائنیه:云耶
ائوستا:奥斯塔
اارىماحاللا:阿热买里村
ااوچ‌تورفان:Wūshí Xiàn
ااوچ‌تورفان:乌什县
ااوچ‌تورفان:烏什縣
اب اوستانی:伊卜省
اب:伊卜
ابات:沃巴特村
ابادان:伊巴丹
اباسين:印度河
اباسين:森格藏布
اباکان:阿巴坎
ابتدائی طبی امداد:急救
ابخازيا:阿布哈兹
ابخازيا:阿布哈茲
ابخازيہ:阿布哈兹
ابخازیہ:阿布哈兹
ابخازیہ:阿布哈茲
ابدولينو:阿卜杜利诺
ابدولینو:阿卜杜利诺
ابدىرا اۋىلى:ābùdūlā xiāng
ابدىرا اۋىلى:阿不都拉乡
ابدىرا:ābùdūlā xiāng
ابدىرا:阿不都拉乡
ابرباخ_(بادن):埃贝尔巴赫
ابردين:阿伯丁
ابردين:鴨巴甸
ابردین شائر:阿伯丁郡
ابردین شائر:鴨巴甸郡
ابردین:阿伯丁
ابردین:鴨巴甸
ابردین‌شیر:阿伯丁郡
ابردین‌شیر:鴨巴甸郡
ابرسبرگ:埃伯斯贝格
ابرواتس:奥布罗瓦茨
ابرواتس:奧布羅瓦茨
ابروكسباتش:阿布羅克斯巴赫河
ابلا:​阿不拉村
ابلیسک تئودوسیوس:狄奥多西方尖碑
ابن جرير:本傑里爾
ابن جریر:本傑里爾
ابها:艾卜哈
ابو حمد:阿布哈马德
ابو ظہبی:阿布扎比
ابو ظہبی:阿布扎比酋長國
ابو ظہبی:阿布扎比酋长国
ابوالهول بزرگ جیزه:狮身人面像
ابوت‌آباد:阿博塔巴德
ابوجا:阿布贾
ابوظبی:阿布扎比
ابوظبی:阿布扎比酋長國
ابوظبی:阿布扎比酋长国
ابوظهبي:阿布扎比
ابوظہبی:阿布扎比
ابوقیر:阿布基爾
ابوموسی:阿布穆萨岛
ابونیی ایالتی:埃邦伊州
ابوکمال:阿布凱馬勒
ابہا:艾卜哈
ابۋ-دابىي:阿布扎比
ابی:阿卜耶伊地区
ابی:阿拜
ابیا ایالتی:阿比亚州
ابیا ریاست:阿比亚州
ابیبیئن:埃贝比因
ابیبیلین:埃贝比因
ابیجان:阿比讓
ابیجان:阿比让
ابیجان:阿比让/阿比讓
ابین اوستانی:阿比扬省
ابینسک:阿宾斯克
ابیڈا:乌韦达
ابیی:阿卜耶伊地区
ات باشى وودانى:阿特巴希区
ات باشى:阿特巴希
اتا ترک کے گرافک سائے:阿塔图尔克剪影
اتارب ضلع:阿塔勒布区
اتارب:阿塔勒布
اتاعۋ:阿塔古村
اتاق کهربا:琥珀色的房间
اتاوا:渥太华
اتاوا:渥太華
اتاکورا محکمہ:阿塔科拉省
اتایورت:阿塔尤爾特
اتباسى اۋدانى:阿特巴希区
اتباسى:阿特巴希
اتحاد البوسنة والهرسك:波士尼亞與赫塞哥維納聯邦
اتحاد البوسنة والهرسك:波斯尼亚和黑塞哥维那联邦
اتحاد القمری:Kēmóluò
اتحاد القمری:科摩罗
اتحاد القمری:科摩罗 / 葛摩 / 科摩洛
اتحاد القمری:科摩羅
اتحاد القمری:葛摩
اتحاد القمری:葛摩 / 科摩洛
اتحاد دول جنوب شرق اسيا:东南亚国家联盟
اتحاد دول جنوب شرق اسيا:東南亞國家協會
اتحاد قمر:Kēmóluò
اتحاد قمر:科摩罗
اتحاد قمر:科摩罗 / 葛摩 / 科摩洛
اتحاد قمر:科摩羅
اتحاد قمر:葛摩
اتحاد قمر:葛摩 / 科摩洛
اتحادیه عرب:A-la-pek Liân-bêng
اتحادیه عرب:阿拉伯国家联盟
اتحادیه عرب:阿拉伯聯盟
اتحادیه کشورهای جنوب شرق آسیا:东南亚国家联盟
اتحادیه کشورهای جنوب شرق آسیا:東南亞國家協會
اتر آئرلينڊ:北愛爾蘭
اتر آئرلينڊ:北爱尔兰
اتر آئرلينڊ:北爱尔兰 / 北愛爾蘭
اتر ڪوريا:北韓
اتر ڪوريا:朝鮮
اتر ڪوريا:朝鲜
اتراکند:北安恰尔邦
اتراکھنڈ:北安恰尔邦
اتريش:奥地利
اتريش:奧地利
اتری سمندر:北海
اتریش:Àodìlì
اتریش:奥地利
اتریش:奧地利
اتسوكو:茨维考
اتفاق:tuánjié zhèn
اتفاق:团结镇
اتقويۇۇ:阿塔古村
اتلا آئرلینڈ:北愛爾蘭
اتلا آئرلینڈ:北爱尔兰
اتلا آئرلینڈ:北爱尔兰 / 北愛爾蘭
اتلا بہر ال غزل:北加扎勒河州
اتلا رائین لیندا فالی:北莱茵-威斯特法伦州
اتلا رائین لیندا فالی:北萊茵－威斯特法倫
اتلا زنجبار:北安古迦區
اتلا لہندا صوبہ:西北省
اتلا پمبا:北奔巴區
اتلا کوریا:Cháoxiǎn
اتلا کوریا:北韓
اتلا کوریا:朝鮮
اتلا کوریا:朝鮮民主主義人民共和國
اتلا کوریا:朝鲜
اتلا کوریا:朝鲜 / 北韓
اتلا کیپ:北開普
اتلا کیپ:北開普省
اتن:雅典
اته‌مقام:阿斯穆卡姆
اتويناق:奥依塔克村
اتوپو صوبہ:阿速坡省
اتينا:雅典
اتچاتس:奥托查茨
اتچاتس:奧托查茨
اتک:奥托克
اتک:奧托克
اتک:阿塔克
اتکارسک:阿特卡爾斯克
اتۇش قالاسى:Ātúshí Shì
اتۇش قالاسى:阿图什市
اتۇش قالاسى:阿圖什市
اتۇش:Ātúshí Shì
اتۇش:阿图什市
اتۇش:阿圖什市
اتیراؤ صوبہ:阿特劳州
اتیراؤ:阿特劳
اتیراو:阿特劳
اتینولوک:阿爾特諾盧克
اتیوپی:Āisàiébǐyà
اتیوپی:埃塞俄比亚
اتیوپی:埃塞俄比亚 / 衣索比亞
اتیوپی:埃塞俄比亞
اتیوپی:衣索比亞
ات‌باشی:阿特巴希
اثيوبيا:Āisàiébǐyà
اثيوبيا:埃塞俄比亚
اثيوبيا:埃塞俄比亚 / 衣索比亞
اثيوبيا:埃塞俄比亞
اثيوبيا:衣索比亞
اجاریہ:阿扎拉自治共和國
اجاریہ:阿查拉
اجدابیا:艾季达比耶
اجيفسک:伊热夫斯克
اجيفسک:伊熱夫斯克
اجیپیام:阿哲帕亚姆
اجی‌پیام:阿哲帕亚姆
احذية وحقائب سلفانا:Silvana shoes and bags
احساء:胡富夫
احمد آباد:艾哈迈达巴德
احمدآباد:艾哈迈达巴德
احمدلی:艾哈邁德利
احمدی اوستانی:艾哈迈迪省
اخالغوری:列寧戈里
اخالگوری:列寧戈里
اختوبينسک:阿赫图宾斯克
اختوبینسک:阿赫图宾斯克
اخلاط:阿赫拉特
اخی اوران جراحی قفسه سینه و قلب و عروق آموزش و پرورش و بیمارستان تحقیقاتی:阿赫艾维兰 胸心血管外科教育和研究医院
اخیوک:阿克希奥克
ادادو:阿达多
اداماوا ایالتی:阿达马瓦州
اداماوا ریاست:阿达马瓦州
ادرار اوستانی:阿德拉尔省
ادرار ویلایت:阿德拉尔省
ادرار:阿德拉尔
ادرار:阿德拉尔省
ادرمد:埃德雷米特
ادرمیت:埃德雷米特
ادرنه:埃迪爾內
ادرنہ:埃迪爾內
ادلب اوستانی:伊德利卜
ادلب اوستانی:伊德利卜省
ادلب:伊德利卜
ادلب:伊德利卜省
ادلس:伊德莱斯
ادلس:伊德萊斯
ادموندز:埃德蒙茲
ادنبره:Àidīngbǎo
ادنبره:愛丁堡
ادنبره:爱丁堡
ادنسه:欧登塞
ادو ایالتی:埃多州
اديس ابابا:亚的斯亚贝巴
اديس ابابا:亞的斯亞貝巴
اديس ابابا:亞的斯亞貝巴/亚的斯亚贝巴
اديس ابابا:阿迪斯阿貝巴
ادکو:伊德庫
ادھم پور:乌坦布尔
ادی قوالا:阿迪夸拉
ادی کوالا:阿迪夸拉
ادی کیه:阿迪克伊赫
ادی کیہ:阿迪克伊赫
ادیس ابابا:亚的斯亚贝巴
ادیس ابابا:亞的斯亞貝巴
ادیس ابابا:亞的斯亞貝巴/亚的斯亚贝巴
ادیس ابابا:阿迪斯阿貝巴
ادیل:伊迪爾
ادیلی لینڈ:阿黛利地
ادینبورق:Àidīngbǎo
ادینبورق:愛丁堡
ادینبورق:爱丁堡
ادینبورو:Àidīngbǎo
ادینبورو:愛丁堡
ادینبورو:爱丁堡
ادینبورگ:Àidīngbǎo
ادینبورگ:愛丁堡
ادینبورگ:爱丁堡
ادیگیسک:阿迪格斯克
اذربيجان الغربيه (محافظه):西亞塞拜疆省
اذربيجان الغربيه (محافظه):西阿塞拜疆省
اذربيجان شرقى (محافظه):东阿塞拜疆省
اذربيجان شرقى (محافظه):東亞塞拜疆省
اذيربايجان:Āsàibàijiāng
اذيربايجان:亞塞拜然
اذيربايجان:亞塞拜然 / 阿塞拜疆
اذيربايجان:阿塞拜疆
اذيربايجان:阿塞拜疆 / 亞塞拜然
اراءمالى:阿热买里村
ارابۇلاق:阿热布拉克村
اراتۇرىك اۋدانى:Yīwú Xiàn
اراتۇرىك اۋدانى:伊吾县
اراتۇرىك اۋدانى:伊吾縣
اراخویتسا:奥拉霍维察
اراخویتسا:奧拉霍維察
ارارات صوبہ:亞拉拉特省
ارارات:亞拉拉特山
اراس دریا:阿拉斯河
اراسان اۋدانى:Wēnquán Xiàn
اراسان اۋدانى:温泉县
اراسان اۋدانى:溫泉縣
اراسان:bógédáěr zhèn
اراسان:​阿热散村
اراسان:温泉县
اراسان:溫泉縣
ارال قالاشىعى:阿热勒镇
ارال:ārèlè xiāng
ارال:​阿热勒村
ارال:阿拉尔
ارال:阿热勒村
ارال:阿热勒镇
ارال:阿熱勒鎮
ارالتوبە قالاشىعى:阿热勒托别镇
ارالتوبە:阿热勒托别镇
ارامیل:阿拉米爾
اراک:阿拉克
اراکلی:阿拉克勒
اراک‌لی:阿拉克勒
ارباط ضلع:阿爾巴特區
اربد:伊爾比德
اربل:艾比爾
اربل:阿尔贝拉
اربوزينكا:阿爾布津卡
اربيل (محافظه):埃尔比勒省
اربيل (محافظه):艾比爾省
اربيل:艾比爾
اربيل:阿尔贝拉
اربیل اوستانی:埃尔比勒省
اربیل اوستانی:艾比爾省
اربیل:艾比爾
اربیل:阿尔贝拉
ارتریا:Èlìtèlǐyà
ارتریا:厄利垂亞
ارتریا:厄立特里亚
ارتریا:厄立特里亚 / 厄利垂亞
ارتریا:厄立特里亞
ارتفاع أحواض:上盆地大区
ارتىش جاڭى شاار:xīnchéng jiēdào
ارتىش جاڭى شاار:新城街道
ارتىش شاارى:Ātúshí Shì
ارتىش شاارى:阿图什
ارتىش شاارى:阿图什市
ارتىش شاارى:阿圖什市
ارتىش:Ātúshí Shì
ارتىش:阿图什市
ارتىش:阿圖什市
ارجنتين:阿根廷
ارجنٹائن کا سفارت خانہ:阿根廷大使馆
ارجنٹائن:阿根廷
ارجنٹاین:阿根廷
ارجنٹینا:阿根廷
ارجنټاین:阿根廷
ارجیش:埃爾吉斯
ارخانګلسک:阿尔汉格尔斯克
ارخانګلسک:阿爾漢格爾斯克
ارخانگائی صوبہ:Xīnbā'ěrhǔ Yòu Qí
ارخانگائی صوبہ:后杭爱省
ارخانگائی صوبہ:後杭愛
ارخانگائی صوبہ:後杭愛省
ارخون صوبہ:Xīnbā'ěrhǔ Yòu Qí
ارخون صوبہ:鄂尔浑省
ارخون صوبہ:鄂爾渾
ارخون صوبہ:鄂爾渾省
اردا اۋىلى:ā'ěrdá xiāng
اردا اۋىلى:阿尔达乡
اردا قىستاعى:阿尔达村
اردا:ā'ěrdá xiāng
اردا:阿尔达乡
ارداہان:阿爾達漢
اردبيل (محافظه):阿爾達比勒省
اردبيل ولايت:阿爾達比勒省
اردبیل اوستانی:阿爾達比勒省
اردبیل:阿尔达比勒
اردشین:阿爾代申
اردملی:埃爾代姆利
اردن کا اعزازی قونصل خانہ:约旦名誉领事馆
اردن کا سفارت خانہ:约旦大使馆
اردن:Yuēdàn
اردن:約旦
اردن:约旦
اردن:约旦 / 約旦
اردهان:阿爾達漢
اردو:奥尔杜省
اردو:奧爾杜
اردوباد:奧爾杜巴德
اردون:阿尔东
اردوگاه بازآموزی:再訓練營
اردوگاه بازآموزی:再训练营
اردوگاه بازآموزی:集訓營
اردک:埃爾代克
اردیملی:埃爾代姆利
اردینگ:埃尔丁
ارز روم:埃尔祖鲁姆
ارزاماس:阿尔扎马斯
ارزاماس:阿爾扎馬斯
ارزروم:埃尔祖鲁姆
ارزروم:埃尔祖鲁姆省
ارزنجان:埃尔津詹
ارزنجان:埃尔津詹省
ارس:阿拉斯河
ارسلانحان:艾尔斯兰汗村
ارسلانقان:艾尔斯兰汗村
ارسلاویه:奥罗斯拉维
ارسلاویه:奧羅斯拉維
ارسناس:土耳其河流
ارسین:阿爾辛
ارسینیف:黄土坎子
ارشاتى:阿尔恰特村
ارشالى:​阿尔恰勒村
ارض روم:埃尔祖鲁姆
ارض روم:埃尔祖鲁姆省
ارغنی:埃爾加尼
ارفرٹ:埃尔福特
ارفورت:埃尔福特
اركولا:Ā kē lā
اركولا:阿科拉
ارل‌بک:哈勒尔贝克
ارماسائو دوس بوزیوس:阿尔马桑多斯布齐奥斯
ارماویر:阿尔马维尔
ارماویر:阿爾馬維爾
ارمرا:埃爾梅拉區
ارمنستان:Yàměiníyà
ارمنستان:亚美尼亚
ارمنستان:亚美尼亚 / 亞美尼亞
ارمنستان:亞美尼亞
ارمنستون:Yàměiníyà
ارمنستون:亚美尼亚
ارمنستون:亚美尼亚 / 亞美尼亞
ارمنستون:亞美尼亞
ارمنیک:埃爾梅內克
ارمنی‌بازار:亞美尼亞斯克
ارمه‌نی بازار:亞美尼亞斯克
ارموتلو:阿穆特鲁
ارموكليا:埃尔莫克利亚
ارمەني بازار:亞美尼亞斯克
ارناكولام:埃尔讷古勒姆
ارناکولام:埃尔讷古勒姆
ارنگا:伊林加區
ارن‌نور:é rén nào ěr sū mù
ارن‌نور:额仁淖尔苏木
ارو:埃罗省
اروخ:埃魯赫
اروزقان ویلایت:乌鲁兹甘省
اروزقان ویلایت:烏魯茲根省
اروزقان ویلایت:烏魯茲甘省
اروزگان صوبو:乌鲁兹甘省
اروزگان صوبو:烏魯茲根省
اروزگان صوبو:烏魯茲甘省
اروزگان:乌鲁兹甘省
اروزگان:乌鲁兹甘省/烏魯茲甘省
اروزگان:烏魯茲甘省
اروشا:阿魯沙區
اروشا:阿鲁沙
اروشا:阿鲁沙区
ارومچی:Wūlǔmùqí Shì
ارومچی:乌鲁木齐市
ارومچی:烏魯木齊市
ارومیه:乌尔米耶
ارومیه:烏爾米耶
اروناچل پرديش:藏南地区
اروناچل پرديش:藏南地区（阿鲁纳恰尔邦）
اروناچل پرديش:藏南地區
اروناچل پردیش:藏南地区
اروناچل پردیش:藏南地区（阿鲁纳恰尔邦）
اروناچل پردیش:藏南地區
اروناچل پردیش:阿魯納查邦
اروناچل پردیش:阿鲁纳恰尔邦
اروندرود:阿剌伯河
اروندرود:阿拉伯河
اروپا مجلس:欧洲议会
اروپا مجلس:歐洲議會
اروپا:Ōu
اروپا:欧洲
اروپا:欧洲/歐洲
اروپا:歐洲
اروپايي ټولنې شورا:欧洲联盟理事会
اروپايي ټولنې شورا:歐盟理事會
اروپايي پارلمان:欧洲议会
اروپايي پارلمان:歐洲議會
اروگوئه:乌拉圭
اروگوئه:乌拉圭 / 烏拉圭
اروگوئه:烏拉圭
ارُناچَل پرَدیش:藏南地区
ارُناچَل پرَدیش:藏南地区（阿鲁纳恰尔邦）
ارُناچَل پرَدیش:藏南地區
ارُناچَل پرَدیش:阿魯納查邦
ارُناچَل پرَدیش:阿鲁纳恰尔邦
ارپاسالعان:​阿勒帕萨勒干村
ارپالىق:阿尔帕勒克村
ارپین:伊尔平
ارپین:伊爾平
ارڈین:阿登省
ارکاداک:阿爾卡達克
ارکرات:埃尔克拉特
ارکلنز:埃尔克伦茨
ارگائل اینڈ بیوٹے:阿盖尔和比特
ارگانی:埃爾加尼
ارگون:阿爾貢
ارگونگ:èrgōng xiāng
ارگونگ:二工乡
ارگۇڭ قالاشىعى:èrgōng zhèn
ارگۇڭ قالاشىعى:二工镇
ارگۇڭ قىستاعى:二工村
ارگۇڭ:èrgōng zhèn
ارگۇڭ:二工镇
ارۆادا:阿瓦達
اریانه:艾尔亚奈
اریانه:艾爾亞內省
اریتره:Èlìtèlǐyà
اریتره:厄利垂亞
اریتره:厄立特里亚
اریتره:厄立特里亚 / 厄利垂亞
اریتره:厄立特里亞
اریتریا:Èlìtèlǐyà
اریتریا:厄利垂亞
اریتریا:厄立特里亚
اریتریا:厄立特里亚 / 厄利垂亞
اریتریا:厄立特里亞
اریحا:杰里科
اریحا:耶利哥
اریمنتاو:叶里门多
اریمن‌تاو:叶里门多
ارینگا علاقہ:伊林加區
ارین‌خوت:Èrliánhàotè Shì
ارین‌خوت:二连浩特市
ارین‌خوت:二連浩特市
اریول:奥廖尔
اریول:奧廖爾
اریٹریا:Èlìtèlǐyà
اریٹریا:厄利垂亞
اریٹریا:厄立特里亚
اریٹریا:厄立特里亚 / 厄利垂亞
اریٹریا:厄立特里亞
اریگلی:卡拉代尼茲埃雷利
ازات جولى ءمالى باسقارماسى:jiěfànglù jiēdào
ازات جولى ءمالى باسقارماسى:解放路街道
ازات جولى الەۋمەتتىك اۋماعى:解放路社区
ازات جولى:jiěfànglù jiēdào
ازات جولى:解放路
ازات جولى:解放路街道
ازاتتىق جولى:解放路
ازاد کشمیر:自由克什米尔
ازالی:奥扎利
ازالی:奧扎利
ازبکستان ائیرویز:乌兹别克斯坦航空
ازبکستان:Wūzībiékèsītǎn
ازبکستان:乌兹别克斯坦
ازبکستان:乌兹别克斯坦 / 烏茲別克
ازبکستان:月即別
ازبکستان:烏茲別克
ازبڪستان:乌兹别克斯坦
ازبڪستان:月即別
ازبڪستان:烏茲別克
ازدونسکا وولا:茲敦斯卡沃拉
ازلا دے لا خوبینتود:青年岛
ازلے:艾拉島
ازمير:伊兹密尔
ازمیت:伊兹密特
ازمیر:伊兹密尔
ازناکائیفو:阿茲納卡耶沃
ازنیق:伊兹尼克
ازورگتی:奧祖爾蓋蒂
ازوف سمندر:亞速海
ازوف سمنڊ:亞速海
ازوف:亞速
ازووسک:亞速斯科耶
ازگیش:兹盖日
ازینه:埃濟內
ازینے:埃濟內
اساكورا، فوكوكا:朝仓市
اساكورا، فوكوكا:朝倉市
اسامہ بن لادن کا کمپاؤنڈ:奥萨马·本·拉登的住所
اسان:埃森
اساگیلا:伊萨基拉
اسب سوار برنزی (پیتر کبیر):彼得大帝青铜骑士像
اسبانيا:西班牙
اسبست:阿斯别斯特
استاد الثمامة:图玛玛体育场
استاد الجنوب:南部体育场
استاد الخور:巴伊特体育场
استاد الميناء الأولمبي:阿尔米纳体育场
استاد ثاني بن جاسم:萨尼·本·贾西姆体育场
استاد جامعة ماكاو:澳大運動場
استاد عبدالله بن ناصر بن خليفة:阿卜杜拉·本·纳赛尔·本·哈利法体育场
استاد لوسيل:卢赛尔地标体育场
استارایا روسا:旧鲁萨
استاروبیلسک:舊比利斯克
استارودوب:斯塔罗杜布
استارگارت:什切青旧城
استاری اوسکول:舊奧斯科爾
استافورد:斯塔福德
استام رقه:拉卡
استام رقه:拉卡省
استان آبای:阿拜州
استان آتاپیو:阿速坡省
استان آتلانتیک:大西洋省
استان آتیراو:阿特劳州
استان آخال:阿哈尔州
استان آذربایجان شرقی:东阿塞拜疆省
استان آذربایجان شرقی:東亞塞拜疆省
استان آذربایجان غربی:西亞塞拜疆省
استان آذربایجان غربی:西阿塞拜疆省
استان آرارات:亞拉拉特省
استان آراگاتسوتن:阿拉加措特恩省
استان آرخانغای:Xīnbā'ěrhǔ Yòu Qí
استان آرخانغای:后杭爱省
استان آرخانغای:後杭愛
استان آرخانغای:後杭愛省
استان آرماویر:亞馬維爾省
استان آرماویر:亞馬維省
استان آروشا:阿魯沙區
استان آروشا:阿鲁沙区
استان آشانتی:阿散蒂大區
استان آق‌تپه:厄托別州
استان آق‌تپه:厄托别州
استان آق‌مولا:厄莫拉州
استان آق‌مولا:阿克莫拉州
استان آلاخوئلا:阿拉胡埃拉省
استان آلماتی:阿拉木图州
استان آلماتی:阿拉木圖州
استان آلیبوری:阿黎博里省
استان آنگ تونگ:紅統府
استان آن‌جانگ:安江省
استان آکرای بزرگ:大阿克拉大區
استان آیوتتایا:大城府
استان اب:伊卜省
استان ابین:阿比扬省
استان احمدی:艾哈迈迪省
استان ادرار:阿德拉尔省
استان ادلب:伊德利卜
استان ادلب:伊德利卜省
استان اربیل:埃尔比勒省
استان اربیل:艾比爾省
استان ارخبیل سقطری:索科特拉省
استان اردبیل:阿爾達比勒省
استان اردیا:埃雷迪亚省
استان استیوایر:河口省
استان اسیوط:艾斯尤特省
استان اشوی‌داشکسیه:圣十字省
استان اشوی‌داشکسیه:聖十字省
استان اصفهان:伊斯法罕省
استان اقصر:樂蜀省
استان ال منیا:迈尼耶省
استان الازیغ:埃拉泽省
استان البرز:厄尔布尔士省
استان البرز:厄爾布爾士省
استان الوادی:瓦迪省
استان امبیا:姆貝亞區
استان امتوارا:姆特瓦拉區
استان امتوارا:姆特華拉區
استان انبار:安巴尔省
استان انبار:安巴省
استان انتره ریوس:恩特雷里奥斯省
استان انجومبه:恩琼贝区
استان انجومبه:恩瓊貝區
استان اوئیلا:威拉省
استان اوبرخانغای:前杭愛省
استان اوبرخانغای:前杭爱省
استان اوبون راتچاتانی:乌汶府
استان اوبون راتچاتانی:烏汶府
استان اوبُرخانغای:前杭愛
استان اوبُرخانغای:前杭愛省
استان اوبُرخانغای:前杭爱省
استان اوتارادیت:程逸府
استان اودسا:敖得薩洲
استان اودسا:敖德萨州
استان اودومشای:乌多姆塞省
استان اودون تانی:乌隆府
استان اودون تانی:烏隆府
استان اورخون:Xīnbā'ěrhǔ Yòu Qí
استان اورخون:鄂尔浑省
استان اورخون:鄂爾渾
استان اورخون:鄂爾渾省
استان اورشلیم:耶路撒冷区
استان اورشلیم:耶路撒冷區
استان اوش:奥什州
استان اوفس:乌布苏省
استان اوفس:烏布蘇
استان اوفس:烏布蘇省
استان اولیتاو:乌勒套州
استان اومنوغوبی:南戈壁
استان اومنوغوبی:南戈壁省
استان اومه:韋梅省
استان اونگوجای جنوبی:南安古迦區
استان اونگوجای شمالی:北安古迦區
استان اوپوله:奥波莱省
استان اوپوله:奧波萊省
استان اوگوئه-ایویندو:奥果韦-伊温多省
استان اوگوئه-ایویندو:奧果韋-伊溫多省
استان اوگوئه-لولو:奥果韦-洛洛省
استان اوگوئه-لولو:奧果韋-洛洛省
استان اوگوئه-ماریتایم:海滨奥果韦省
استان اوگوئه-ماریتایم:濱海奧果韋省
استان اوییگه:威热省
استان اوییگه:威熱省
استان ایرینگا:伊林加區
استان ایسیق‌کول:伊塞克湖州
استان ایلام:伊拉姆省
استان اینشیری:因希里省
استان اینهامبانه:伊尼扬巴内省
استان ایوانو فرانکیسوک:伊万诺-弗兰科夫斯克州
استان بابل:巴比倫省
استان باتنه:巴特纳省
استان باحه:巴哈省
استان بادکند:巴特肯州
استان باژیا-وونگ‌تاو:巴地头顿省
استان باژیا-وونگ‌تاو:巴地頭頓省
استان باک نین:北宁省
استان باک نین:北寧省
استان باک کان:北件省
استان باک کان:北𣴓省
استان باک گیانگ:北江省
استان باکو:巴库经济区
استان باک‌لیئو:薄寮省
استان باگماتی:巴格马蒂省
استان بایان‌اولگی:巴彥烏列蓋
استان بایان‌اولگی:巴彥烏列蓋省
استان بایان‌اولگی:巴彦乌列盖省
استان بایان‌خونغور:Xīnbā'ěrhǔ Yòu Qí
استان بایان‌خونغور:巴彥洪戈爾盟
استان بایان‌خونغور:巴彥洪戈爾省
استان بایان‌خونغور:巴彦洪戈尔省
استان بحرالاحمر:红海省 (埃及)
استان بحیره:布海拉省
استان بخارا:布哈拉州
استان براکنه:卜拉克纳省
استان برج بوعریریج:布阿拉里季堡省
استان برونئی-موآرا:摩拉縣
استان برونئی-موآرا:文莱摩拉县
استان بسکره:比斯克拉省
استان بشار:贝沙尔省
استان بصره:巴士拉省
استان بطحه:巴塔区
استان بعلبک-هرمل:巴勒貝克-希爾米勒省
استان بغداد:巴格达省
استان بغداد:巴格達省
استان بقاع:貝卡省
استان بلائیت:馬來奕縣
استان بلائیت:马拉奕县
استان بلخان:巴尔坎州
استان بلخان:巴爾坎州
استان بلقاء:拜勒加省
استان بن تر:槟椥省
استان بن تر:檳椥省
استان بنگو:本哥省
استان بنگو:本戈省
استان بنگوئلا:本格拉省
استان بنگوئلا:班圭拉省
استان بنی‌سویف:贝尼苏韦夫省
استان بوئنوس آیرس:布宜诺斯艾利斯省
استان بوئنگ کان:汶干府
استان بوئنگ کان:汶幹府
استان بوجومبورا:布松布拉鄉村省
استان بورگاس:布尔加斯州
استان بورگو:博爾古省
استان بوریرام:武里南府
استان بوریرام:武里喃府
استان بوشهر:布什爾省
استان بوشهر:布舍爾省
استان بولغان:Xīnbā'ěrhǔ Yòu Qí
استان بولغان:布尔干省
استان بولغان:布爾干盟
استان بولغان:布爾干省
استان بولیکام‌سای:博利坎赛省
استان بوکیو:博胶省
استان بیروت:贝鲁特省
استان بیضا:贝达省
استان بیله‌جک:比莱吉克省
استان بین دونگ:平阳省
استان بین دونگ:平陽省
استان بین دین:平定省
استان بین فوک:平福省
استان بیه:比耶省
استان بیوکو سور:南比奥科省
استان تابورا:塔波拉區
استان تانگا:坦噶区
استان تانگا:坦噶區
استان تاووش:塔武什省
استان تاووش:塔武殊省
استان تاک:來興府
استان تاک:達府
استان تای بین:太平省
استان تای نین:西宁省
استان تای نین:西寧省
استان تای گوین:太原省
استان تبوک:塔布克省
استان تته:太特省
استان ترات:桐艾府
استان ترات:達叻府
استان ترارزه:特拉扎省
استان ترانگ:董里府
استان ترنوپیل:捷尔诺波尔州
استان ترنوپیل:捷爾諾波爾州
استان ترکستان:突厥斯坦州
استان تعز:塔伊兹省
استان تل ابیب:特拉维夫区
استان تل ابیب:臺拉維夫區
استان تلمسان:特莱姆森省
استان تهران:德黑兰
استان توف:中央盟
استان توف:中央省
استان تومسک:托木斯克州
استان تونجلی:通杰利省
استان تونس:突尼斯省
استان تگانت:塔甘特省
استان تیرا دل فوئگو:火地岛省
استان تیمبوکتو:廷巴克图
استان تیمیمون:提米蒙省
استان جابخان:扎布汗省
استان جازان:吉赞省
استان جافخان:扎布汗
استان جافخان:扎布汗省
استان جبل غربی:西山省
استان جبل لبنان:黎巴嫩山省
استان جتی‌سو:杰特苏州
استان جرش:傑拉什省
استان جفره:朱夫拉省
استان جلال‌آباد:贾拉拉巴德州
استان جندوبه:堅杜拜省
استان جنوب:南部区
استان جنوب:南部區
استان جنوبی (زامبیا):南部省 (赞比亚)
استان جنوبی لبنان:南黎巴嫩省
استان جنوبی:南部省
استان جنوبی، سیرالئون:南方省
استان جنوبیه:南方省
استان جهرا:傑赫拉省
استان جوف (یمن):焦夫省 (也門)
استان جوف:焦夫省
استان جیزه:吉薩省
استان حائل:哈伊勒省
استان حجه:哈杰省
استان حدیده:荷台达省
استان حسکه:哈塞克
استان حسکه:哈塞克省
استان حضرموت:哈德拉毛省
استان حلب:阿勒頗
استان حلب:阿勒颇省
استان حلبچه:哈勒渣省
استان حلبچه:哈拉卜贾省
استان حماه:哈馬
استان حماه:哈馬省
استان حماه:哈马省
استان حماه:哈马省 / 哈馬省
استان حمص:荷姆斯
استان حمص:霍姆斯省
استان حوض شرقی:东胡德省
استان حوض غربی:西胡德省
استان حولی:哈瓦利省
استان حیفا:海法区
استان خارکف:哈尔科夫州
استان خارکف:哈爾科夫地州
استان خارکف:哈爾科夫州
استان خاموان:甘蒙省
استان خان هوا:庆和省
استان خان هوا:慶和省
استان خراسان جنوبی:南呼罗珊省
استان خراسان جنوبی:南呼羅珊省
استان خراسان رضوی:礼萨呼罗珊省
استان خراسان رضوی:禮薩呼羅珊省
استان خراسان شمالی:北呼罗珊省
استان خراسان شمالی:北呼羅珊省
استان خرسون:赫尔松州
استان خملنیتسکی:赫梅利尼茨基州
استان خنتی:肯特省
استان خوارزم:花拉子模州
استان خودمختار بدخشان کوهستانی:山地巴達赫尚自治州
استان خودمختار بدخشان کوهستانی:戈尔诺—巴达赫尚自治州
استان خودگردان یهودی:犹太自治州
استان خودگردان یهودی:猶太自治州
استان خوزستان:古澤斯坦省
استان خوزستان:胡齐斯坦省
استان خوفد:Xīnbā'ěrhǔ Yòu Qí
استان خوفد:科布多盟
استان خوفد:科布多省
استان خوفسگول:库苏古尔省
استان خوفسگول:庫蘇古爾省
استان خَتلان:哈特隆州
استان خِنتِی:Xīnbā'ěrhǔ Yòu Qí
استان خِنتِی:肯特
استان خِنتِی:肯特省
استان داخله نواذیبو:努瓦迪布湾省
استان داخله نواذیبو:努瓦迪布灣省
استان داخلیه:內地省
استان دارالسلام:达累斯萨拉姆
استان دارالسلام:達累斯薩拉姆
استان دارخان‌اُول:Xīnbā'ěrhǔ Yòu Qí
استان دارخان‌اُول:达尔汗乌拉省
استان دارخان‌اُول:達爾汗烏拉
استان دارخان‌اُول:達爾汗烏拉省
استان داش‌اغوز:达沙古兹州
استان داک لاک:多乐省
استان داک لاک:多樂省
استان داک نونگ:得农省
استان داک نونگ:得農省
استان درعا:德拉
استان درعا:德拉省
استان دقهلیه:代蓋赫利耶省
استان دمشق:大馬士革省
استان دمشق:大马士革省
استان دمشق:大马士革省 / 大馬士革省
استان دمیاط:杜姆亞特省
استان دنیپروپتروفسک:第聂伯罗彼得罗夫斯克州
استان دهوک:杜胡克省
استان دهوک:杜酷省
استان دودوما:多多馬區
استان دودوما:杜篤瑪區
استان دورنود:Xīnbā'ěrhǔ Yòu Qí
استان دورنود:东方省
استان دورنود:東方盟
استان دورنود:東方省
استان دورنوغوبی:Xīnbā'ěrhǔ Yòu Qí
استان دورنوغوبی:东戈壁省
استان دورنوغوبی:東戈壁
استان دورنوغوبی:東戈壁省
استان دونتسک:頓涅茨克州
استان دونتسک:顿涅茨克州
استان دوندغوبی:Xīnbā'ěrhǔ Yòu Qí
استان دوندغوبی:中戈壁
استان دوندغوبی:中戈壁省
استان دونگا:峽谷省
استان دونگ‌تاپ:同塔省
استان دیاله:地亞拿省
استان دیاله:迪亚拉省
استان دیر الزور:代尔祖尔省
استان دیر الزور:代爾祖爾
استان دیف دمشق:大馬士革
استان دیف دمشق:大马士革农村省
استان دین بین:奠边省
استان دین بین:奠邊省
استان ذمار:扎马尔省
استان ذی‌قار:地加省
استان ذی‌قار:济加尔省
استان راتچابوری:叻丕府
استان رانونگ:拉廊府
استان رایونگ:羅勇府
استان روستوف:罗斯托夫州
استان روستوف:羅斯托夫州
استان روووما:魯伍馬區
استان روکاوا:魯夸區
استان روی ات:橫逸府
استان روی ات:黎逸府
استان ریاض:利雅得省
استان ریمه:赖马省
استان ریو نگرو، آرژانتین:内格罗河省
استان ریونه:羅夫諾州
استان زئیر:扎伊尔省
استان زئیر:薩伊省
استان زامبزیا:赞比西亚省
استان زرقاء:扎爾卡省
استان زغوان:宰格萬省
استان زنجان:贊詹省
استان زنجان:赞詹省
استان زنگبار شهری غربی:桑給巴爾西區
استان زنگزور شرقی:東贊格祖爾經濟區
استان زو:祖省
استان سا کایو:沙繳府
استان ساتون:沙敦府
استان سارابوری:北標府
استان سارابوری:沙拉武里府
استان ساراتوف:萨拉托夫州
استان ساراتوف:薩拉托夫州
استان سالاوان:沙拉湾省
استان ساموت ساکون:沙沒沙空府
استان ساموت ساکون:龍仔厝府
استان ساموت سونگکرام:夜功府
استان ساموت سونگکرام:沙沒頌堪府
استان ساموت پراکان:北榄府
استان ساموت پراکان:北欖府
استان سانتا کروس، آرژانتین:圣克鲁斯省
استان ساوان‌ناکت:沙湾拿吉省
استان ساکون ناکون:沙功那空府
استان ساکون ناکون:色軍府
استان ساینیابولی:沙耶武里省
استان سقاریه:萨卡里亚省
استان سلنگه:色楞格
استان سلنگه:色楞格省
استان سلیمانیه:苏莱曼尼亚省
استان سمرقند:撒马尔罕州
استان سمنان:塞姆南省
استان سنترو سور:中南省
استان سوئز:蘇伊士省
استان سوخ‌باتور:Xīnbā'ěrhǔ Yòu Qí
استان سوخ‌باتور:苏赫巴托尔省
استان سوخ‌باتور:蘇赫巴托爾省
استان سوخ‌باتور:蘇赫巴托盟
استان سورات تانی:素叻他尼府
استان سورات تانی:素叻府
استان سورین:素林府
استان سورین:素輦府
استان سوفالا:索法拉省
استان سومی:苏梅州
استان سونگکلا:宋卡府
استان سوهاج:索哈傑省
استان سوپان بوری:素攀府
استان سوپان بوری:素攀武里府
استان سوکوتای:素可泰府
استان سوک‌چانگ:朔庄省
استان سوک‌چانگ:朔莊省
استان سویدا:苏韦达省
استان سویدا:蘇韋達
استان سُرخان‌دریا:苏尔汉河州
استان سکونگ:塞公省
استان سگو:塞古区
استان سیددانمارک:南丹麦大区
استان سیدی بلعباس:西迪贝勒阿巴斯省
استان سیساکت:四色菊府
استان سیستان و بلوچستان:錫斯坦－俾路支斯坦省
استان سیستان و بلوچستان:锡斯坦和俾路支斯坦省
استان سیلزی سفلی:下西里西亚省
استان سیلزی سفلی:下西里西亞省
استان سیلسیان:西里西亚省
استان سیلسیان:西里西亞省
استان سینگ بوری:信武里府
استان سینگیدا:辛吉達區
استان سینگیدا:辛基達區
استان سیونیک:休尼克省
استان سیونیک:蕭力省
استان سیکاسو:锡卡索区
استان شبوه:舍卜沃省
استان شرق علیا:上東部大區
استان شرقی (مصر):東部省 (埃及)
استان شرقی:东方省
استان شرقی:东部省
استان شرقی:東部大區
استان شرقی، سیرالئون:東方省
استان شرقیه جنوبی:東南省
استان شرقیه شمالی:東北省
استان شماره ۱:第一省
استان شماره ۵:蓝毗尼省
استان شمال غربی:西北省
استان شمالی (زامبیا):北方省 (赞比亚)
استان شمالی لبنان:北黎巴嫩省
استان شمالی:北部大區
استان شمالی:北部省
استان شمالی، سیرالئون:北方省
استان شیانگخوانگ:川圹省
استان شیراک:希拉克省
استان شیراک:斯拉克省
استان شینیانگا:希尼安加区
استان شینیانگا:辛陽賈區
استان صامسون:萨姆松省
استان صعده:萨达省
استان صلاح الدین:萨拉赫丁省
استان صلاح الدین:薩拉甸省
استان صلاح:萨拉泉省
استان صنعا:薩那省
استان ضالع:达利阿省
استان طراز:塔拉斯州
استان طرطوس:他圖斯
استان طرطوس:塔尔图斯省
استان طفیله:塔菲拉省
استان ظاهره:扎希拉省
استان ظفار:佐法爾省
استان عاصمه:首都省
استان عجلون:阿傑隆省
استان عدن:亚丁省
استان عسیر:阿西尔省
استان عصابه:阿萨巴省
استان عقبه:亞喀巴省
استان عمران:阿姆蘭省
استان عکار:阿卡省
استان عین الدفلی:艾因迪夫拉省
استان غرب علیا:上西部大区
استان غربی:西方省
استان غربی:西部大區
استان غربی:西部省
استان غربیه:西部省 (埃及)
استان غوبی‌آلتای:Xīnbā'ěrhǔ Yòu Qí
استان غوبی‌آلتای:戈壁阿勒泰
استان غوبی‌آلتای:戈壁阿尔泰省
استان غوبی‌آلتای:戈壁阿爾泰省
استان غوبی‌سومبر:Xīnbā'ěrhǔ Yòu Qí
استان غوبی‌سومبر:戈壁苏木贝尔省
استان غوبی‌سومبر:戈壁蘇木貝爾
استان غوبی‌سومبر:戈壁蘇木貝爾省
استان فارس:法尔斯省
استان فارس:法爾斯省
استان فرای:帕府
استان فروانیه:費爾瓦尼耶省
استان فلاندری شرقی:东弗兰德省
استان فو ین:富安省
استان فونگسالی:丰沙里省
استان فیوم:法尤姆省
استان قادسیه:卡迪西亚省
استان قادسیه:卡迪西亞省
استان قاهره:开罗
استان قاهره:開羅
استان قراغندی:卡拉干达州
استان قره‌باغ:卡拉巴赫經濟區
استان قزاق-توووز:占賈-達什卡桑經濟區
استان قزاق-توووز:哈薩克-塔烏茲經濟區
استان قزاقستان شرقی:东哈萨克斯坦州
استان قزاقستان شمالی:北哈萨克斯坦州
استان قزاقستان غربی:西哈萨克斯坦州
استان قزاقستان غربی:西哈薩克州
استان قزل‌اوردا:克孜勒奥尔达州
استان قزل‌اوردا:基孜羅達州
استان قزوین:加兹温省
استان قزوین:加茲溫省
استان قصیم:盖西姆省
استان قلیوبیه:蓋盧比尤省
استان قم:古姆省
استان قم:库姆省
استان قنا:基納省
استان قنیطره:古奈特拉
استان قنیطره:库奈特拉省
استان قوستانای:哥斯塔里州
استان قوستانای:库斯塔奈州
استان لائو کای:老街省
استان لاذقیه:拉塔基亚省
استان لاذقیه:拉塔基亞
استان لام دونگ:林同省
استان لامفون:南奔府
استان لامپانگ:南邦府
استان لانگ سون:諒山省
استان لانگ سون:谅山省
استان لای چو:莱州省
استان لای چو:萊州省
استان لب آب:列巴普州
استان لحج:拉赫季省
استان لرستان:洛雷斯坦省
استان لهستان بزرگ‌تر:大波兰省
استان لهستان بزرگ‌تر:大波蘭省
استان لهستان کوچک‌تر:小波兰省
استان لهستان کوچک‌تر:小波蘭省
استان لوآندا:罗安达省
استان لوآندا:羅安達省
استان لوآنگ نامتا:琅南塔省
استان لوآنگ پرابانگ:琅勃拉邦省
استان لوآنگ پرابانگ:龍帕邦省
استان لوآپولا:卢阿普拉省
استان لوئی:黎府
استان لوالابا:卢阿拉巴省
استان لوبلین:卢布林省
استان لوبلین:盧布林省
استان لوبوسکی:卢布斯卡省
استان لوبوسکی:盧布斯卡省
استان لوری:洛里省
استان لوری:羅里省
استان لوساکا:卢萨卡省
استان لومامی:洛马米省
استان لوندای جنوبی:南倫達省
استان لوندای جنوبی:南隆达省
استان لوندای شمالی:北倫達省
استان لوندای شمالی:北隆达省
استان لوهانسک:卢甘斯克州
استان لووف:利沃夫州
استان لووف:利維夫州
استان لوپبوری:華富里府
استان لیتورال:濱海省
استان لیمون:利蒙省
استان لیندی:林迪區
استان لیندی:蓮迪區
استان مأرب:马里卜省
استان ماتابلند جنوبی:南馬塔貝萊蘭省
استان ماتابلند شمالی:北马塔贝莱兰省
استان مادبا:馬代巴省
استان مادیش:摩提舍省
استان مارا:馬拉區
استان ماری:马雷州
استان ماسوینگو:馬斯溫戈省
استان ماشونالند شرقی:東馬紹納蘭省
استان ماشونالند غربی:西馬紹納蘭省
استان ماشونالند مرکزی:中馬紹納蘭省
استان مالانژه:馬蘭哲省
استان مالانژه:马兰热省
استان مانیارا:曼亞拉區
استان مانیسا:马尼萨省
استان مانیکا:马尼卡省
استان مانیکالند:馬尼卡蘭省
استان ماها ساراکام:嗎哈沙拉堪府
استان ماها ساراکام:馬哈沙拉堪府
استان ماپوتو:马普托省
استان مای هونگ سون:夜丰颂府
استان مای هونگ سون:夜豐頌府
استان مای هونگ سون:湄宏順府
استان مای:马伊恩东贝省
استان مبارک‌الکبیر:大穆巴拉克省
استان مثنی:穆薩拿省
استان مثنی:穆薩納省
استان محرق:穆哈拉格省
استان محویت:迈赫维特省
استان مدینه:麦地那省
استان مدیه:麦迪亚省
استان مرج:迈尔季省
استان مرزق:邁爾祖格省
استان مرزهای شمالی:北部边疆省
استان مرقب:迈尔盖卜省
استان مرکز (اسرائیل):中央区 (以色列)
استان مرکز (اسرائیل):中央區 (以色列)
استان مرکزی:中央省 (伊朗)
استان مرکزی:中部大區
استان مرکزی، زامبیا:中央省
استان مسندم:穆桑代姆省
استان مسکو:莫斯科州
استان معان:馬安省
استان مفرق:马弗拉克省
استان منستیر:莫納斯提爾省
استان منوفیه:米努夫省
استان منیا:明亞省
استان مهره:迈赫拉省
استان موانزا:姆宛札區
استان موانزا:姆萬扎區
استان موروگورو:莫罗戈罗区
استان موروگورو:莫羅戈羅區
استان موشیکو:莫希科省
استان موشیکو:莫西古省
استان مونو:莫諾省
استان موپتی:莫普提区
استان موچینگا:穆欽加省
استان موکداهان:穆達漢府
استان موکداهان:莫拉限府
استان مویان-اوگوئه:中奥果韦省
استان مویان-اوگوئه:中奧果韋省
استان مکه:麦加省
استان میدلندز:中部省
استان میدیولند:中日德兰大区
استان میسان:米桑省
استان میسان:美山省
استان میله:米拉省
استان مین‌قشلاق:曼吉斯套州
استان مین‌قشلاق:曼節斯套州
استان میکولائیف:尼古拉耶夫州
استان نئوکن:内乌肯省
استان ناراتیوات:陶公府
استان نام دین:南定省
استان نامپولا:楠普拉省
استان نامیبه:納米貝省
استان نامیبه:纳米贝省
استان نان:楠府
استان نان:難府
استان ناکون راتچاسیما:呵叻府
استان ناکون ساوان:北攬坡府
استان ناکون ساوان:那空沙旺府
استان ناکون سی تاممارات:洛坤府
استان ناکون نایوک:坤西育府
استان ناکون نایوک:那空那育府
استان ناکون پاتوم:佛統府
استان ناکون پانوم:那空拍儂府
استان نبطیه:納巴泰省
استان نجران:奈季兰省
استان نجف:拿謝夫省
استان نجف:納傑夫省
استان نقاط الخمس:努加特海姆斯省
استان نه آن:乂安省
استان نوایی:纳沃伊州
استان نوردیولند:北日德兰大区
استان نونتابوری:暖武里府
استان نونگ کای:廊开府
استان نونگ کای:廊開府
استان نووسیبیرسک:新西伯利亚州
استان نووسیبیرسک:新西伯利亞州
استان نیاسا:尼亚萨省
استان نیاسا:尼亞薩省
استان نیانگا:尼扬加省
استان نیانگا:尼揚加省
استان نین توان:宁顺省
استان نین توان:寧順省
استان نینوا:尼尼微省
استان ها تین:河静省
استان ها تین:河靜省
استان ها نام:河南省
استان هاوت اوگوئه:上奥果韦省
استان هاوت اوگوئه:上奧果韋省
استان هاوت-کاتانگا:上加丹加省
استان هاوجانگ:后江省
استان هاوجانگ:後江省
استان های دونگ:海阳省
استان های دونگ:海陽省
استان هرمزگان:霍尔木兹甘省
استان هرمزگان:霍爾木茲甘省
استان همدان:哈馬丹省
استان همدان:哈马丹省
استان هنان:Hénán
استان هنان:河南省
استان هوا بین:和平省
استان هوافان:华潘省
استان هوامبو:万博省
استان هوامبو:萬博省
استان هوانگهه شمالی:黃海北道
استان هوانگهه شمالی:黄海北道
استان هونگ ین:兴安省
استان هونگ ین:興安省
استان وادی‌الجدید:新河谷省
استان وارمی-ماسوری:瓦尔米亚-马祖里省
استان وارمی-ماسوری:瓦爾米亞-馬祖里省
استان واسط:瓦西特省
استان واسط:華薛省
استان واکایاما:和歌山县
استان واکایاما:和歌山縣
استان وایوتس‌جور:華約茨佐省
استان ورقله:瓦尔格拉省
استان وسطی:中部省 (阿曼)
استان ولتا:沃爾特大區
استان ولین:沃倫州
استان ووتسکی:罗兹省
استان ووتسکی:羅茲省
استان وینتیان:万象省
استان وینیتسیا:文尼察州
استان وین‌لونگ:永隆省
استان پاتالونگ:博他侖府
استان پاتانی:北大年府
استان پاتوم تانی:巴吞他尼府
استان پاتوم تانی:巴春他尼府
استان پاولودار:巴甫洛达尔州
استان پایائو:帕堯府
استان پایائو:拍天府
استان پتچابوری:佛丕府
استان پتچابون:碧差汶府
استان پراچواپ خیری خان:巴蜀府
استان پراچواپ خیری خان:班武里府
استان پراچینبوری:巴真府
استان پسکوف:普斯科夫州
استان پلاتئو:高原省
استان پمبای جنوبی:南奔巴區
استان پمبای شمالی:北奔巴區
استان پهانگ نگا:攀牙府
استان پوانی:濱海區
استان پودلاسکی:波德拉謝省
استان پودلاسکی:波德拉谢省
استان پودکارپاکیه:喀尔巴阡山省
استان پودکارپاکیه:喀爾巴阡山省
استان پولتاوا:波尔塔瓦州
استان پولتاوا:波爾塔瓦州
استان پومرانی غربی:吉野家
استان پومرانی غربی:西波美拉尼亚省
استان پومرانی:滨海省
استان پومرانی:濱海省
استان پوکت:布吉府
استان پوکت:普吉府
استان پیتسانولوک:彭世洛府
استان پیچیت:披集府
استان چامپاساک:占巴塞省
استان چانتابوری:尖竹汶府
استان چانتابوری:莊他武里府
استان چاوین:茶榮省
استان چاوین:茶荣省
استان چاچوئنگسائو:北柳府
استان چاچوئنگسائو:差春騷府
استان چای نات:猜納府
استان چایاپوم:猜也蓬府
استان چایاپوم:猜也賁府
استان چرنیهیو:切尔尼戈夫州
استان چرنیهیو:切爾尼戈夫州
استان چرنیوتسی:切爾諾夫策州
استان چرکاسی:切爾卡瑟州
استان چلیابینسک:車里雅賓斯克州
استان چلیابینسک:车里雅宾斯克州
استان چهارمحال و بختیاری:恰哈馬哈勒－巴赫蒂亞里省
استان چهارمحال و بختیاری:恰哈马哈勒－巴赫蒂亚里省
استان چوروم:乔鲁姆省
استان چومپون:春蓬府
استان چونبوری:春武里府
استان چوی:楚河州
استان چیانگ ری:清莱府
استان چیانگ ری:清萊府
استان چیانگ‌مای:清迈府
استان چیانگ‌مای:清邁府
استان ژمبیل:江布尔州
استان ژمبیل:江布州
استان ژیتومیر:日托米爾州
استان کائو بانگ:高平省
استان کابو دلگادو:卡布德加多省
استان کابو دلگادو:德尔加杜角省
استان کابیندا:卡宾达省
استان کابیندا:喀丙達省
استان کارتاگو:卡塔戈省
استان کالاسین:加拉信府
استان کالینس:丘陵省
استان کاماو:金瓯省
استان کاماو:金甌省
استان کامفائنگ فت:甘烹碧府
استان کانتابریا:坎塔布里亚
استان کانتچانابوری:北碧府
استان کاگرا:卡蓋拉區
استان کایس:卡伊區
استان کرابی:甲米府
استان کردستان:库尔德斯坦省
استان کردستان:庫爾德斯坦省
استان کرمان:克尔曼省
استان کرمان:克爾曼省
استان کرمانشاه:克尔曼沙汗省
استان کرمانشاه:克爾曼沙赫省
استان کرک:卡拉克省
استان کرکوک:基卻省
استان کرکوک:基尔库克省
استان کشک‌دریا:卡什卡达里亚州
استان کفرالشیخ:謝赫村省
استان کلیمانجارو:乞力馬扎羅區
استان کهگیلویه و بویر احمد:科吉盧耶－博韋艾哈邁德省
استان کواندو کوبانگو:宽多-库邦戈省
استان کواندو کوبانگو:庫安多古班哥省
استان کوانزای جنوبی:南宽扎省
استان کوانزای جنوبی:南廣薩省
استان کوانزای شمالی:北宽扎省
استان کوانزای شمالی:北廣薩省
استان کوانگ تری:广治省
استان کوانگ تری:廣治省
استان کوانگ‌بن:广平省
استان کوانگ‌بن:廣平省
استان کورگان:库尔干州
استان کورگان:庫爾干州
استان کوفو:库福省
استان کولیکورو:库利科罗区
استان کون کن:坤敬府
استان کون کن:孔敬府
استان کونه‌نه:库内内省
استان کونه‌نه:庫內納省
استان کوپربلت:铜带省
استان کویاوی-پومرانیا:库亚维—波美拉尼亚省
استان کویاوی-پومرانیا:庫亞維—波美拉尼亞省
استان کویلو:基奎特省
استان کیئن‌جانگ:坚江省
استان کیئن‌جانگ:堅江省
استان کیرووهراد:基洛夫格勒州
استان کیف:基輔州
استان کیف:基辅州
استان کیگوما:基戈馬區
استان گائو:加奥区
استان گازا:加扎省
استان گانگوون:江原道
استان گرگول:戈爾戈勒省
استان گغارکونیک:格加古力省
استان گغارکونیک:格加爾庫尼克省
استان گلستان:戈勒斯坦省
استان گوئزام:因盖扎姆省
استان گواناکاسته:瓜纳卡斯特省
استان گیا لای:嘉莱省
استان گیا لای:嘉萊省
استان گیتا:盖塔区
استان گیتا:蓋塔區
استان گیدی ماغا:吉迪馬卡省
استان گیلان:吉兰省
استان گیلان:基蘭省
استان یاسوتون:益梭通府
استان یالا:惹拉府
استان یزد:亚兹德省
استان یزد:亞茲德省
استان ین بای:安沛省
استان یوتای تانی:烏泰他尼府
استانا اينالما جولى:阿斯塔納環路
استانا:阿斯塔納
استانا:阿斯塔纳
استانبول:伊斯坦堡
استانبول:伊斯坦布尔
استانبول:伊斯坦布尔 / 伊斯坦堡
استانبوليه:阿斯蒂帕莱阿岛
استانه:阿斯塔納
استانه:阿斯塔纳
استاوروپول:斯塔夫罗波尔
استاوروپول:斯塔夫羅波爾
استاوروپولوفکا:斯塔夫罗波洛夫卡
استاکتون-آن-تیز:蒂斯河畔斯托克頓
استراتون:斯特拉顿
استراخان:阿斯特拉罕
استراسبورگ-1:斯特拉斯堡-1
استراسبورگ-2:斯特拉斯堡-2
استراسبورگ-3:斯特拉斯堡-3
استراسبورگ-4:斯特拉斯堡-4
استراسبورگ-5:斯特拉斯堡-5
استراسبورگ-6:斯特拉斯堡-6
استراسبورگ:史特拉斯堡
استراسبورگ:斯特拉斯堡
استرالیا:澳大利亚
استرالیا:澳大利亚 / 澳洲
استرالیا:澳大利亞洲
استرالیا:澳洲
استراوا:俄斯特拉发
استرلنا:斯特列利纳
استرلیتاماک:斯捷爾利塔馬克
استروئیتل:斯特羅伊捷利
استروينكا:奧斯特羅文卡
استرژووی:斯特列熱沃伊
استرگم:埃斯泰尔戈姆
استشوند:厄斯特松德
استنبول:伊斯坦堡
استنبول:伊斯坦布尔
استنبول:伊斯坦布尔 / 伊斯坦堡
استند:斯滕代
استنزبری:士丹士巴利
استنفورد:史丹福
استنفورد:斯坦佛
استنلی:斯坦利港
استوائی گنی:Chìdào Jīnèiyà
استوائی گنی:赤道几内亚
استوائی گنی:赤道几内亚 / 赤道幾內亞
استوائی گنی:赤道幾內亞
استوائی گنی:赤道畿內亞
استوایی گینه:Chìdào Jīnèiyà
استوایی گینه:赤道几内亚
استوایی گینه:赤道幾內亞
استوایی گینه:赤道畿內亞
استوریا:阿斯圖里亞斯
استولاس:斯托拉茨
استولاك:斯托拉茨
استون هنج:巨石阵
استون هنج:巨石陣
استونيا:愛沙尼亞
استونيا:爱沙尼亚
استونيا:爱沙尼亚 / 愛沙尼亞
استونی:Àishāníyà
استونی:愛沙尼亞
استونی:爱沙尼亚
استونی:爱沙尼亚 / 愛沙尼亞
استونیا:愛沙尼亞
استونیا:爱沙尼亚
استونیا:爱沙尼亚 / 愛沙尼亞
استون‌هنج:巨石阵
استون‌هنج:巨石陣
استوپینو:斯图皮诺
استوک-آن-ترنت:史篤城
استوک-آن-ترنت:特倫特河畔斯托克
استى قارپاتىيا ۋوەۋوددۇعۇ:喀尔巴阡山省
استى قارپاتىيا ۋوەۋوددۇعۇ:喀爾巴阡山省
استى كارپات ۆويۆودالىعى:喀尔巴阡山省
استى كارپات ۆويۆودالىعى:喀爾巴阡山省
استيرلينج:史特靈
استيرلينج:斯特靈
استپاناکرت:汉肯德
استپاناکرت:漢肯德
استپانتسمیندا:斯捷潘茨明达
استپنوگورسک:斯捷普諾戈爾斯克
استکهلم:斯德哥尔摩
استکهلم:斯德哥爾摩
استیرلینق:史特靈
استیرلینق:斯特靈
استیرلینگ:史特靈
استیرلینگ:斯特靈
اسخائن-دایفه‌لاند:斯豪文-德伊弗兰
اسدآباد:阿萨达巴德
اسدآباد:阿萨达巴德/阿薩達巴德
اسدآباد:阿薩達巴德
اسدابادښار:阿萨达巴德
اسدابادښار:阿萨达巴德/阿薩達巴德
اسدابادښار:阿薩達巴德
اسرائيل:Yǐsèliè
اسرائيل:以色列
اسرائیل کا اعزازی قونصل خانہ:以色列名誉领事馆
اسرائیل کا سفارت خانہ:以色列大使馆
اسرائیل:Yǐsèliè
اسرائیل:以色列
اسرتنکا:斯列坚卡
اسردنئورالسک:中烏拉爾斯克
اسردنکولیمسک:中科雷姆斯克
اسطبلات مولاي اسماعيل:苏丹王宫
اسعد آباد:阿萨达巴德
اسعد آباد:阿萨达巴德/阿薩達巴德
اسعد آباد:阿薩達巴德
اسكاتلند:苏格兰
اسكاتلند:苏格兰 / 蘇格蘭
اسكاتلند:蘇格蘭
اسكفهی:恰爾舍巴舍
اسكىسار:艾斯克萨村
اسكی قریم:舊克里木
اسلام آباد راڄڌاني جو علائقو:伊斯兰堡联邦首都区
اسلام آباد:伊斯兰堡
اسلام آباد:伊斯蘭堡
اسلام اباد:伊斯兰堡
اسلام اباد:伊斯蘭堡
اسلام ترك:基洛夫斯科耶
اسلام تیرک:基洛夫斯科耶
اسلام پارک:伊斯蘭公園
اسلام‌آباد:伊斯兰堡
اسلام‌آباد:伊斯拉木阿瓦提乡
اسلام‌آباد:伊斯蘭堡
اسلانتسی:斯蘭齊
اسلاوسک:斯拉夫斯克
اسلاونسکی برد:斯拉沃尼亚布罗德
اسلاونسکی برد:斯拉沃尼亞布羅德
اسلاووتا:斯拉武塔
اسلاووتیچ:斯拉夫蒂奇
اسلاویانسک-نا-کوبانی:庫班河畔斯拉維揚斯克
اسلاہیۓ:伊斯拉希耶
اسلتلوگراد:斯韋特洛格勒
اسلو:奥斯陆
اسلو:奧斯陸
اسلواکی:Sīluòfákè
اسلواکی:斯洛伐克
اسلوفیانسک:斯拉維揚斯克
اسلوفیانسک:斯洛維揚斯克
اسلوونی:Sīluòwénníyà
اسلوونی:斯洛文尼亚
اسلوونی:斯洛文尼亞
اسلوونی:斯洛文尼亞 / 斯洛維尼亞 / 斯洛文尼亚
اسلوونی:斯洛維尼亞
اسلىكول:艾斯里库勒村
اسلىكۅل:艾斯里库勒村
اسلیودیانکا:斯柳江卡
اسمارا:阿斯馬拉
اسماعیل سامانی:伊斯梅尔·萨马尼
اسماعیلیه اوستانی:伊斯梅利亚省
اسماعیلیه:伊斯梅利亚省
اسماعیلیہ:伊斯梅利亚省
اسمالینینکای:斯馬利寧凱
اسمره:阿斯馬拉
اسمولنسک:斯摩棱斯克
اسمولينو:斯莫利諾
اسمیلا:斯米拉
اسمیلتن:斯米爾泰內
اسمەرا:阿斯馬拉
اسن:埃森
اسنا:伊斯納
اسنشن:亞松森
اسنودن:斯諾登山
اسنژنوگورسک، اوبلاست مورمانسک:斯涅日諾戈爾斯克
اسنژینسک:斯涅任斯克
اسنیژنه:斯尼日內
اسنیک آئی لینڈ:蛇岛
اسنیک چایی:斯内克河
اسواتوفه:斯瓦托韋
اسوالبارد و جان‌ماین:斯瓦尔巴特和扬马延
اسوان اوستانی:阿斯旺省
اسوان:阿斯旺省
اسوتوگورسک:斯韋托戈爾斯克
اسوتی استفان:圣斯特凡
اسوتی استفان:聖斯特凡
اسوردلوفسک:斯維爾德洛夫斯克
اسونسیون:亞松森
اسویاتوهیرسک:斯維亞托戈爾斯克
اسویتلووودسک:斯维特洛沃茨克
اسویرسک:斯維爾斯克
اسىل تۇقىمدى قوي فەرماسى:塔城地区种羊场
اسيڪ ڪول:伊塞克湖
اسٹاکٹن آن ٹیز:蒂斯河畔斯托克頓
اسٹونیا:Àishāníyà
اسٹونیا:愛沙尼亞
اسٹونیا:爱沙尼亚
اسٹونیا:爱沙尼亚 / 愛沙尼亞
اسٹوک آن ٹرینٹ:史篤城
اسٹوک آن ٹرینٹ:特倫特河畔斯托克
اسٹوکٹن آن ٹیز:蒂斯河畔斯托克頓
اسٹڈتھلے مولہیم ان ڈیر روہر:斯塔德哈勒 鲁尔河畔米尔海姆
اسٹیفورڈ:斯塔福德
اسٹینلے:斯坦利港
اسٽاڪ هوم:斯德哥尔摩
اسٽاڪ هوم:斯德哥爾摩
اسٽرلنگ:史特靈
اسٽرلنگ:斯特靈
اسٽٽگارٽ:斯图加特
اسٽٽگارٽ:斯圖加特
اسپارتا:厄斯帕尔塔
اسپارتا:厄斯帕爾塔
اسپارطہ:厄斯帕尔塔
اسپارطہ:厄斯帕尔塔省
اسپاس-دمنسک:斯帕斯-傑緬斯克
اسپاس-کلپیکی:斯帕斯-克列皮基
اسپاسک-دالنیی:斯帕斯克达利尼
اسپاسک:斯帕斯克
اسپانیا:Xībānyá
اسپانیا:西班牙
اسپرنگ اسٹریٹ:Chūn jiē
اسپرنگ اسٹریٹ:春街
اسپرنگ اسٽريٽ:Chūn jiē
اسپرنگ اسٽريٽ:春街
اسپلیت:史普利特
اسپلیت:斯普利特
اسپلیت:施普利特
اسپه دریا:白海
اسپو:埃斯波
اسپوکن:斯波坎
اسپوکین ولی:斯波坎谷
اسپیتاک:斯皮塔克
اسپیر:伊斯皮尔
اسپیریتو سانتو:圣埃斯皮里图州
اسپین کا اعزازی قونصل خانہ:西班牙名誉领事馆
اسپین کے قونصلیٹ جنرل:西班牙总领事馆
اسپیه:埃斯皮耶
اسپیے:埃斯皮耶
اسکاتلند:苏格兰
اسکاتلند:苏格兰 / 蘇格蘭
اسکاتلند:蘇格蘭
اسکاتیش بوردرز:蘇格蘭邊區
اسکادوفسک:斯卡多夫斯克
اسکاربرو، توباگو:斯卡伯勒
اسکانسن:斯堪森博物館
اسکاگن:斯卡恩
اسکروندا:斯克倫達
اسکلپ:伊斯基利普
اسکندرون:伊斯肯德倫
اسکندریه اوستانی:亞歷山大省
اسکندریه:亚历山大
اسکندریه:亚历山大港
اسکندریه:亞歷山大港
اسکندریه:亞歷山大省
اسکندریہ:亚历山大
اسکندریہ:亚历山大港
اسکندریہ:亞歷山大港
اسکندریہ:亞歷山大省
اسکو:奧斯庫
اسکوٹلینڈ:苏格兰
اسکوٹلینڈ:苏格兰 / 蘇格蘭
اسکوٹلینڈ:蘇格蘭
اسکوپین:斯科平
اسکوپیه:史高比耶
اسکوپیه:斯科普里
اسکوپیہ:史高比耶
اسکوپیہ:斯科普里
اسکي ښار:埃斯基谢希尔
اسکی شہر:埃斯基谢希尔
اسکی قریم:舊克里木
اسکی کریم:舊克里木
اسکیرنیه‌ویتسه:斯凱爾涅維采
اسکیل:埃斯基爾
اسکی‌شهر:埃斯基谢希尔
اسڪاٽلينڊ:苏格兰
اسڪاٽلينڊ:苏格兰 / 蘇格蘭
اسڪاٽلينڊ:蘇格蘭
اسڪردو ضلعو:斯卡杜县
اسڪردو:斯卡杜
اسڪندريہ:亚历山大
اسڪندريہ:亚历山大港
اسڪندريہ:亞歷山大港
اسڪوپجي:史高比耶
اسڪوپجي:斯科普里
اسیوت:艾斯尤特
اسیوط اوستانی:艾斯尤特省
اسیوط:艾斯尤特
اسیولو کاؤنٹی:伊希約洛郡
اسیک کول صوبہ:伊塞克湖州
اسیک کول:伊塞克湖
اسیک:伊塞克
اسیکس:亞瑟士
اسەكە:艾斯开村
اش قلعه:阿什卡萊
اشانتی علاقہ:阿散蒂大區
اشبیلیہ:塞維亞
اشبیلیہ:塞维利亚
اشتات‌برگن:施塔特贝尔根
اشتاراک:阿什塔拉克
اشتارنبرگ:施塔恩贝格
اشتدته:施塔德
اشترالزوند:施特拉尔松德
اشترومیکا:斯特魯米察
اشترومیکا:斯特鲁米察
اشتوتگارت:斯图加特
اشتوتگارت:斯圖加特
اشدود:阿什杜德
اشفینتوخوویتسه:希维托赫洛维采
اشلسويغ:石勒苏益格
اشلسویق:石勒苏益格
اشلسویگ-هولشتاین:什勒斯維希—霍爾斯坦邦
اشلسویگ-هولشتاین:石勒苏益格—荷尔斯泰因州
اشمه:埃什梅
اشمے:埃什梅
اشنایتنباخ:施奈滕巴赫
اشوی داشکسیه:圣十字省
اشوی داشکسیه:聖十字省
اشوی‌داشکسیه اوستانی:圣十字省
اشوی‌داشکسیه اوستانی:聖十字省
اشىلى داعۇر ۇلتتىق اۋىلى:āxī'ěr dáwò'ěr mínzúxiāng
اشىلى داعۇر ۇلتتىق اۋىلى:阿西尔达斡尔民族乡
اشىلى:āxī'ěr dáwò'ěr mínzúxiāng
اشىلى:阿西尔达斡尔民族乡
اشچاستیا:夏斯季耶
اشک آباد:阿什哈巴德
اشکاشم ولسوالۍ:伊什卡希姆县
اشکاشم:伊什卡希姆
اشڪ آباد:阿什哈巴德
اشۋداس:​阿树塔斯村
اصغر پولینڈ صوبہ:小波兰省
اصغر پولینڈ صوبہ:小波蘭省
اصفهان (محافظه):伊斯法罕省
اصفهان اوستان:伊斯法罕省
اصفهان ٚ اۊستان:伊斯法罕省
اصفهان:依斯法罕村
اصفھان صوبو:伊斯法罕省
اصفہان:伊斯法罕省
اصلاحیه:伊斯拉希耶
اصلاحیے:伊斯拉希耶
اصیل:埃西尔
اطالوی جزیرہ نما:意大利半岛
اطالوی جزیرہ نما:義大利半島
اطالیہ - سان مارینو:意大利 - 圣马力诺
اطالیہ - سان مارینو:義大利 - 聖馬力諾
اطالیہ:意大利
اطالیہ:義大利
اطلاعات پروازهای خروجی:出发信息
اطلاعات کاؤنٹر:咨询柜台
اعاشوبا اۋىلى:阿尕什敖包乡
اعاشوبا قىستاعى:阿尕什敖包村
اعاشوبا:阿尕什敖包乡
اعتباری اتحاد صنعت و معدن چوشی:銚子商工信用組合
اعزاز:阿扎兹
اعوان ٹاؤن:阿萬鎮
اعىلاڭقى:阿克郎克村
اغدیر:厄德尔
اغستفا:阿格斯塔法
اغیردیر:埃爾迪爾
افجویی ضلع:阿弗戈耶區
افريقيا الوسطى:Zhōng Fēi
افريقيا الوسطى:中非
افريقيا الوسطى:中非共和國
افریقا:非洲
افشین:阿夫欣
افغانستان - چین:阿富汗 - 中国
افغانستان سفارتخانہ:阿富汗大使馆
افغانستان:Āfùhàn
افغانستان:阿富汗
افغانیستان:Āfùhàn
افغانیستان:阿富汗
افلاک نما:天象儀
افلر:埃菲勒
افلو:阿夫卢
افمادوو ضلع:阿夫玛道区
افمادوو:阿夫玛道区
افیفیے:阿爾菲爾
افیون قره‌حصار:阿菲永卡拉希萨尔
افیون قرہ حصار:阿菲永卡拉希萨尔
افیون قرہ حصار:阿菲永卡拉希萨尔省
اق ءدوڭ:​阿克墩村
اق تەرەك ساي قالاشىعى:白杨沟镇
اق تەرەك ساي:白杨沟镇
اق حويلو:阿克吾依拉村
اق ماحاللا:阿克买拉村
اق مەشىت:阿克土木休克
اق مەچىت:阿克土木休克
اق ويلا:阿克吾依拉村
اقءمالى:阿克买拉村
اقارال:​阿克阿热勒村
اقارال:阿克阿热勒村
اقارال:阿合阿热勒村
اقايرىق:阿克阿依日克村
اقباسات:阿克巴夏特村
اقباشات:阿克巴夏特村
اقبۇلاق:阿克布拉克村
اقبۇلعىن:阿克布勒根村
اقبەلدەۋ اۋىلى:ākèbiélǐdǒu xiāng
اقبەلدەۋ اۋىلى:阿克別里斗鄉
اقبەلدەۋ اۋىلى:阿克别里斗乡
اقبەلدەۋ قىستاعى:​阿克别里斗村
اقبەلدەۋ:ākèbiélǐdǒu xiāng
اقبەلدەۋ:阿克別里斗鄉
اقبەلدەۋ:阿克别里斗乡
اقبەيىت:阿克别依特村
اقتاؤ:阿克套
اقتاس:阿克塔斯村
اقتالا:阿合塔拉村
اقتام:​阿克塔木村
اقتام:​阿合塔木村
اقتايىنشا:阿合塔因恰村
اقتاۋ اۋدانى:Ākètáo Xiàn
اقتاۋ اۋدانى:阿克陶县
اقتاۋ اۋدانى:阿克陶縣
اقتاۋ قالاشىعى:阿克陶鎮
اقتاۋ قالاشىعى:阿克陶镇
اقتاۋ قىستاعى:阿克土村
اقتاۋ:Ākètáo Xiàn
اقتاۋ:阿克陶县
اقتاۋ:阿克陶縣
اقتوبے صوبہ:厄托別州
اقتوبے صوبہ:厄托别州
اقتوبے:阿克托别
اقتوبە:​阿克托别村
اقتوبە:阿克托别村
اقتووچۇ:阿克提其村
اقتپه:阿克托别
اقتچي:阿克提其村
اقتۇبەك:阿克吐别克村
اقتۇمسىق مال شارۋاشىلىعى الاڭىنداعى:阿克吐木斯克牧场
اقتۇمسىق:ākètǔmùsīkè mùchǎng
اقتۇمسىق:阿克吐木斯克牧场
اقتەرەك اۋىلى:白杨河乡
اقتەرەك:阿克铁热克村
اقتەكتىر:阿克特克提尔村
اقجار:​阿克加尔村
اقجار:阿克加尔村
اقجىرا:阿克哲拉村
اقحصار:阿克希薩爾
اقد:阿格德
اقدالا قالاشىعى:阿格达拉镇
اقدالا قىستاعى:阿克达拉村
اقدالا قىشتاعى:阿克达拉村
اقدالا مال شارۋاشىلىعى الاڭىنداعى:阿克达拉牧场
اقدالا چارباچىلىق مايدانى:阿克达拉牧场
اقدالا:阿克达拉牧场
اقدالا:阿克达拉镇
اقدالا:阿格达拉镇
اقدالا:阿格達拉鎮
اقساي قازاق اۆتونوميالى اۋدانى:Ākèsài Hāsàkèzú Zìzhìxiàn
اقساي قازاق اۆتونوميالى اۋدانى:阿克塞哈萨克族自治县
اقساي قازاق اۆتونوميالى اۋدانى:阿克塞哈薩克族自治縣
اقساي قازاق اۋتونومىييالىق اۋدانى:Ākèsài Hāsàkèzú Zìzhìxiàn
اقساي قازاق اۋتونومىييالىق اۋدانى:阿克塞哈萨克族自治县
اقساي قازاق اۋتونومىييالىق اۋدانى:阿克塞哈薩克族自治縣
اقساي:Ākèsài Hāsàkèzú Zìzhìxiàn
اقساي:​阿克赛村
اقساي:阿克塞县
اقساي:阿克塞縣
اقسى اۋدانى:阿克塞区
اقسى وودانى:阿克塞区
اقشهر:阿克謝希爾
اقشى:阿克奇村
اقشي اۋدانى:Āhéqí Xiàn
اقشي اۋدانى:阿合奇县
اقشي اۋدانى:阿合奇縣
اقشي اۋىلى:ākèqí xiāng
اقشي اۋىلى:阿克旗乡
اقشي قالاشىعى:āhéqí zhèn
اقشي قالاشىعى:阿克齐镇
اقشي قالاشىعى:阿合奇鎮
اقشي قالاشىعى:阿合奇镇
اقشي قىستاعى:阿克齐村
اقشي:Āhéqí Xiàn
اقشي:阿克齐村
اقشي:阿克齐镇
اقشي:阿合奇县
اقشي:阿合奇村
اقشي:阿合奇縣
اقصر اوستانی:樂蜀省
اققارىن:​阿克喀仁村
اققارىن:阿克喀仁村
اققولتىق:​阿克阔勒吐克村
اققىلىش:阿克克勒奢村
اققۇدىق:阿克库都克村
اقكومەي:阿克阔灭村
اقكەنەرە:​阿克开乃热村
اقليم زامبيزي:赞比西区
اقليم كونيني:库内内区
اقلیم کوردستان عراق:库尔德斯坦
اقمولا صوبہ:厄莫拉州
اقمولا صوبہ:阿克莫拉州
اقمىرزا:​阿克木尔扎村
اقمەچئت:阿克美其特村
اقمەچيت:阿克美其特村
اقوام متحدہ کانفرنس برائے تجارت و ترقی:联合国贸易和发展会议
اقوام متحدہ کے اعلیٰ کمشنر برائے مہاجرین:联合国难民事务高级专员办事处 / 聯合國難民事務高級專員辦事處
اقوام متحدہ کے اعلیٰ کمشنر برائے مہاجرین:联合国难民署
اقوام، قومیت‌ها و قلمرو مردم جنوبی:南方民族、部落和人民州
اقوتكەل:阿克乌提克勒村
اقوستەڭ:阿克吾斯塘村
اقيارباسى:阿克亚贝希村
اقيارباشى:阿克亚贝希村
اقچئي شاارچاسى:āhéqí zhèn
اقچئي شاارچاسى:阿克齐镇
اقچئي شاارچاسى:阿合奇鎮
اقچئي شاارچاسى:阿合奇镇
اقچئي وودانى:Akqi Xian
اقچئي وودانى:Āhéqí Xiàn
اقچئي وودانى:阿合奇县
اقچئي وودانى:阿合奇縣
اقچئي:Āhéqí Xiàn
اقچئي:阿克齐镇
اقچئي:阿合奇县
اقچئي:阿合奇村
اقچئي:阿合奇縣
اقچىع:阿克其格村
اقچىق:阿克其格村
اقچىي:阿合奇村
اقچي:​阿克奇村
اقھويلا:阿克霍伊拉村
اقۇي:阿果依村
اقۇڭكىر:阿克翁库尔村
اقۉڭكۉر:阿克翁库尔村
اقۋي:阿果依村
اقیانوس آرام شمالی:北太平洋
اقیانوس آرام:太平洋
اقیانوس اطلس جنوبی:南大西洋
اقیانوس منجمد شمالی:北冰洋
اقیانوس منجمد شمالی:北冰洋/北極海
اقیانوس منجمد شمالی:北極海
اقیانوسیه:大洋洲
اكابا:亚喀巴
اكابا:亞喀巴
اكرا:阿克拉
اكسا:伊克薩河
اكوادور:厄瓜多
اكوادور:厄瓜多尔
اكوادور:厄瓜多尔 / 厄瓜多
اكوادور:厄瓜多爾
اكونه:阿九根市
اكونه، كاغوشيما:阿九根市
اكويتين:阿基坦
ال بےلی:埃尔贝伊利
ال سالواڈور:萨尔瓦多
ال سالواڈور:萨尔瓦多 / 薩爾瓦多
ال سالواڈور:薩爾瓦多
ال سقوندو:埃尔塞贡多
ال سلواڈور:萨尔瓦多
ال سلواڈور:萨尔瓦多 / 薩爾瓦多
ال سلواڈور:薩爾瓦多
ال سيجوندو:埃尔塞贡多
ال سگوندو:埃尔塞贡多
ال لیمن:埃爾利蒙
ال نیدو:艾爾尼多
الأبيار:比阿尔
الأتارب:阿塔勒布
الأحساء:胡富夫
الأخويلا:阿拉胡埃拉省
الأراضي الجنوبية الفرنسية:法属南部领地
الأراضي الفلسطينية:巴勒斯坦
الأراضي الفلسطينية:巴勒斯坦國
الأرجنتين:阿根廷
الأردن:Yuēdàn
الأردن:約旦
الأردن:约旦
الأردن:约旦 / 約旦
الأردين:阿登省
الأزور:亚速尔群岛
الأستاذ الدكتور عثمان توران مركز للثقافة والمؤتمرات:教授医生奥斯曼图兰 文化会议中心
الأطلس التلي:泰勒阿特拉斯山脈
الأغواط:艾格瓦特
الأغواط:艾格瓦特省
الأفوين:艾勒阿富维恩区
الأقاليم الجديدة:新界
الأقاليم الشمالية الغربية:西北地区
الأقصر:樂蜀省
الأكاديمية البولندية للعلوم:波兰科学院
الأكاديمية البولندية للعلوم:波蘭科學院
الأكاديمية الوطنية للعلوم في أوكرانيا:乌克兰国家科学院
الأكاديمية الوطنية للعلوم في أوكرانيا:烏克蘭國家科學院
الألب البحرية:滨海阿尔卑斯省
الأمازون:亚马孙州
الأمريكتان:Měizhōu
الأمريكتان:美洲
الأمم الجنوبية:南方民族、部落和人民州
الأمم المتحدة:聯合國
الأهواز:阿瓦士
الأوبلاست اليهودية الذاتية:犹太自治州
الأوبلاست اليهودية الذاتية:猶太自治州
الأودر:奧得河
الأورال:乌拉尔河
الأورال:烏拉河
الأوسط:中央大區
الأوكتاجون:八角大楼
الإدارة الساحلية:濱海省
الإسعافات الأولية:急救
الإسكندرونة:伊斯肯德倫
الإسكندرية:亚历山大
الإسكندرية:亚历山大港
الإسكندرية:亞歷山大港
الإسكندرية:亞歷山大省
الإسماعيلية:伊斯梅利亚省
الإقليم الأوسط:中部区 (多哥)
الإقليم الأوسط:中部大區
الإقليم الشرقي:東部大區
الإقليم الغربي الأعلى:上西部大区
الإقليم الغربي الأعلى:西部大區
الإكوادور:厄瓜多
الإكوادور:厄瓜多尔
الإكوادور:厄瓜多尔 / 厄瓜多
الإكوادور:厄瓜多爾
الإمارات العربية المتحدة:Ālābó Liánhé Qiúchángguó
الإمارات العربية المتحدة:阿拉伯联合酋长国
الإمارات العربية المتحدة:阿拉伯联合酋长国 / 阿拉伯聯合大公國
الإمارات العربية المتحدة:阿拉伯聯合大公國
الإمارات العربية المتحدة:阿拉伯聯合酋長國
الاباما:亚拉巴马州
الاباما:阿拉巴馬州
الابوزها:阿勒皮
الابیار:比阿尔
الاتحاد الروسي:Éluósī
الاتحاد الروسي:俄罗斯
الاتحاد الروسي:俄罗斯 / 俄羅斯
الاتحاد الروسي:俄羅斯
الاتەڭبۇلاق:阿拉腾布拉格村
الاخويلا:阿拉胡埃拉省
الاخویلا صوبہ:阿拉胡埃拉省
الاردن:Yuēdàn
الاردن:約旦
الاردن:约旦
الاردن:约旦 / 約旦
الازهر جامع:爱资哈尔清真寺
الازہر مسجد:爱资哈尔清真寺
الازیغ:埃拉泽省
الاستوائية الشرقية:东赤道州
الاستوائية الغربية:西赤道州
الاستوائية المركزية:中赤道州
الاستيطان والتحنيط الاصطناعي في ثقافة شنكورو في منطقة أريكا وباريناكوتا:阿里卡和帕里纳科塔地区的新克罗文化聚落及木乃伊制作
الاسکا:阿拉斯加州
الاشانکوو:阿拉山口市
الاعاق قالاشىعى:ālāhākè zhèn
الاعاق قالاشىعى:阿拉哈克镇
الاعاق قىستاعى:阿拉哈克村
الاعاق:ālāhākè zhèn
الاعاق:阿拉哈克镇
الاغواط:艾格瓦特
الاغواط:艾格瓦特省
الافوین:艾勒阿富维恩区
الامارات:Ālābó Liánhé Qiúchángguó
الامارات:阿拉伯联合酋长国
الامارات:阿拉伯联合酋长国 / 阿拉伯聯合大公國
الامارات:阿拉伯聯合大公國
الامارات:阿拉伯聯合酋長國
الامانس کاؤنٹی:阿拉曼斯县
الامانس کاؤنٹی:阿拉曼斯县/阿拉曼斯縣/阿拉曼斯郡
الامانس کاؤنٹی:阿拉曼斯縣
الامانس کاؤنٹی:阿拉曼斯郡
الامريكتين:Měizhōu
الامريكتين:美洲
الامم الجنوبيه:南方民族、部落和人民州
الامۉدۉن وودانى:阿拉梅金区
الامیدا کاؤنٹی، کیلیفورنیا:阿拉梅达县
الامیدا کاؤنٹی، کیلیفورنیا:阿拉梅達縣
الامیدا کاؤنٹی، کیلیفورنیا:阿拉米達縣
الامیدا کاؤنٹی، کیلیفورنیا:阿拉米達郡
الان باتر:乌兰巴托
الان باتر:烏蘭巴托
الانبار (محافظه):安巴尔省
الانبار (محافظه):安巴省
الانبار:安巴尔省
الانبار:安巴省
الانسون:阿朗松
الاورال:乌拉尔河
الاورال:烏拉河
الاي اۋدانى:阿赖区
الاپيوسک:阿拉帕耶夫斯克
الاپیوسک:阿拉帕耶夫斯克
الاچام:阿拉恰姆
الاگیر:阿拉吉尔
الاۋسىن قالاشىعى:wūlánwūsū zhèn
الاۋسىن قالاشىعى:乌兰乌苏镇
الاۋسىن:wūlánwūsū zhèn
الاۋسىن:乌兰乌苏镇
البا:烏利巴河
الباب:巴卜
الباحہ علاقہ:巴哈省
البازار الكبير:大巴扎市场
البانيا:Āěrbāníyà
البانيا:阿尔巴尼亚
البانيا:阿尔巴尼亚 / 阿爾巴尼亞
البانيا:阿爾巴尼亞
البانیا:Āěrbāníyà
البانیا:阿尔巴尼亚
البانیا:阿尔巴尼亚 / 阿爾巴尼亞
البانیا:阿爾巴尼亞
البانیہ کا اعزازی قونصل خانہ:阿尔巴尼亚名誉领事馆
البانیہ کا سفارت خانہ:阿尔巴尼亚大使馆
الباهاماس:巴哈馬
الباهاماس:巴哈马
الباهاماس:巴哈马 / 巴哈馬
البتراء:佩特拉
البترون:拜特龍
البحر الأبيض المتوسط:地中海
البحر الأبيض:白海
البحر الأحمر:紅海
البحر الأحمر:红海
البحر الأحمر:红海/紅海
البحر الأحمر:红海州
البحر الأحمر:红海省 (埃及)
البحر الأدرياتيكي:亚得里亚海
البحر الأدرياتيكي:亞得里亞海
البحر الأدرياتيكي:亞得里亞海 / 亚得里亚海
البحر الأسود:黑海
البحر الأصفر:黃海
البحر الأصفر:黄海
البحر الأيرلندي:爱尔兰海
البحر الأيوني:愛奧尼亞海
البحر الأيوني:爱奥尼亚海
البحر الابيض:白海
البحر الاسود:黑海
البحر التيراني:第勒尼安海
البحر الكاريبي:加勒比海
البحر الكلتي:凯尔特海
البحر الليبي:利比亚海
البحر الليغوري:利古里亞海
البحر الميت:死海
البحرين:Bālín
البحرين:巴林
البحيرات العظمى:五大湖
البحيرات:湖泊州
البحيرة المرة الكبرى:大苦湖
البحيرة:布海拉省
البحيرة:湖區
البرازيل:巴西
البراكنة:卜拉克纳省
البرانس:比利牛斯山
البرانيس العليا:上比利牛斯省
البرانيس-الأطلسية:比利牛斯 大西洋省
البرتغال:葡萄牙
البرز ولايت:厄尔布尔士省
البرز ولايت:厄爾布爾士省
البرلمان الأوروبي:欧洲议会
البرلمان الأوروبي:歐洲議會
البريمى:布賴米省
البريمي:布賴米
البرٹا:亞伯達省
البرٹا:艾伯塔省
البرٹا:阿尔伯塔省
البستان:埃爾比斯坦
البشيرية:貝希里
البصره (محافظه):巴士拉省
البطحة:巴塔区
البطنان:布特南省
البعثات اليسوعية في غوارانيس: سان إغناسيو ميني، سانتا أنا، سيدة لوريتو، سانتا ماريا مايور (الأرجنتين) وآثار ساو ميغال داس ميسويس (البرازيل):瓜拉尼人聚居地的耶稣会传教区：阿根廷的圣伊格纳西奥米尼、圣安娜、罗雷托圣母村和圣母玛利亚艾尔马约尔村遗迹以及巴西的圣米格尔杜斯米索纳斯遗迹
البعثات اليسوعية للسانتيزيما ترينيداد دو بارانيا وجيزو دو تافارانغ:塔瓦兰格的耶稣和巴拉那的桑蒂西莫－特立尼达耶稣会传教区
البعثة الدائمة لبلجيكا لدى الأمم المتحدة:比利时常驻联合国代表团
البعثة الدائمة لبلجيكا لدى الأمم المتحدة:比利時常駐聯合國代表團
البلد فاليتا:瓦莱塔
البلد فاليتا:瓦萊塔
البلد فاليتا:華列他
البلده القديمه:老城
البلقاء:拜勒加省
البلقان:巴尔干半岛
البلقان:巴尔干半岛 / 巴爾幹半島
البلقان:巴爾幹半島
البليدة:卜利达
البلیده:卜利达
البنجاب:旁遮普省
البنجاب:旁遮普邦
البندقية:威尼斯
البنك الوطني الباكستاني:巴基斯坦国家银行
البنك الوطني البولندي:波兰国家银行
البنك الوطني البولندي:波蘭國家銀行
البورز اوستانی:厄尔布尔士省
البورز اوستانی:厄爾布爾士省
البوسفور:博斯普鲁斯海峡
البوسنة و الهرسك:Bōsīníyà hé Hēisāigēwéinà
البوسنة و الهرسك:波士尼亞與赫塞哥維納
البوسنة و الهرسك:波斯尼亚和黑塞哥维那
البوسنة و الهرسك:波斯尼亞和黑塞哥維那
البوسنة و الهرسك:波斯尼亞黑塞哥維那
البوسنة والهرسك:Bōsīníyà hé Hēisāigēwéinà
البوسنة والهرسك:波士尼亞與赫塞哥維納
البوسنة والهرسك:波斯尼亚和黑塞哥维纳
البوسنة والهرسك:波斯尼亚和黑塞哥维纳 / 波士尼亞與赫塞哥維納 / 波斯尼亞和黑塞哥維那
البوسنة والهرسك:波斯尼亚和黑塞哥维那
البوسنة والهرسك:波斯尼亞
البوسنة والهرسك:波斯尼亞和黑塞哥維那
البوسنة والهرسك:波斯尼亞黑塞哥維那
البوسنه و الهرسك:Bōsīníyà hé Hēisāigēwéinà
البوسنه و الهرسك:波士尼亞與赫塞哥維納
البوسنه و الهرسك:波斯尼亚和黑塞哥维纳
البوسنه و الهرسك:波斯尼亚和黑塞哥维纳 / 波士尼亞與赫塞哥維納 / 波斯尼亞和黑塞哥維那
البوسنه و الهرسك:波斯尼亚和黑塞哥维那
البوسنه و الهرسك:波斯尼亞
البوسنه و الهرسك:波斯尼亞和黑塞哥維那
البوكمال:阿布凱馬勒
البويرة:布维拉
البيرة:比雷吉克
البيض:巴亚兹
البيض:巴亚兹省
البيضاء:贝达
البَرَازِيل:巴西
البیض ضلع:巴亚兹
البیض:巴亚兹
البیض:巴亚兹省
البیضاء:贝达
البیکرکی:阿尔伯克基
البیکرکی:阿布奎基
البیکرکی:阿爾伯克基
التاویستا:阿爾塔維斯塔
التاي ايماعى:阿勒泰地区
التاي ايماعى:阿勒泰地區
التاي ايماقتىق ءبىرىنشى اۋىل شارۋاشىلىعى الاڭىنداعى:地区一农场
التاي اۋەجايى:阿勒泰雪城机场
التاي تاۋ:阿山社区
التاي سۇمىنى‎:阿尔泰苏木
التاي قالاسى:Ālètài Shì
التاي قالاسى:阿勒泰市
التاي:阿勒泰
التاي:阿尔泰
التاي:阿尔泰苏木
التاي:阿爾泰
الترارزة:特拉扎省
التشاوسن:阿莱茨豪森
التشيك:Jiékè
التشيك:捷克
التعزية:塔伊兹省
التلة الملكية في امبوهيمنغا:安布希曼加
التنمانستر:阿尔滕明斯特尔
التون تاورز:奧爾頓塔
التىن اۋىلى:阿勒腾乡
التىن تاۋ جولى ءمالى باسقارماسى:jīnshānlù jiēdào
التىن تاۋ جولى ءمالى باسقارماسى:金山路街道
التىن تاۋ جولى الەۋمەتتىك اۋماعى:金山路社区
التىن تاۋ جولى:jīnshānlù jiēdào
التىن تاۋ جولى:金山路街道
التىنباي:阿勒特拜村
التىنشى:阿勒吞其村
التىنچى:阿勒吞其村
التىنەمىل اۋىلى:ālèténgyěmùlè xiāng
التىنەمىل اۋىلى:阿勒腾也木勒乡
التىنەمىل قىستاعى:​阿勒腾也木勒村
التىنەمىل:ālèténgyěmùlè xiāng
التىنەمىل:阿勒腾也木勒乡
التىن‌شوگس سۇمىنى‎:阿尔坦措格茨苏木
التىن‌شوگس:阿尔坦措格茨苏木
التینداغ:阿爾滕達
التینووا:阿爾特諾瓦
الجامع الأزهر:爱资哈尔清真寺
الجامعة الإسلامية بسلانجور:雪兰莪伊斯兰大学
الجامعة التقنية التشيكية في براغ:布拉格捷克理工大学
الجامعة التقنية في إلميناو:伊尔默瑙工业大学
الجامعة الروسية لصداقة الشعوب:俄罗斯人民友谊大学
الجبال:山地区
الجبل الأخضر:绿山省
الجبل الأسود:蒙特內哥羅
الجبل الأسود:黑山
الجبل الأسود:黑山 / 蒙特內哥羅
الجبل الاخضر:绿山省
الجبل الغربي:西山省
الجبيل:朱拜勒
الجدار الأمني المغربي:摩洛哥墙
الجدار الفولاذي:埃及－加沙隔離牆
الجدران المغربية:摩洛哥墙
الجزء كرونشتاد التاريخي:喀琅施塔得历史部分
الجزء كرونشتاد التاريخي:喀琅施塔得歷史部分
الجزائر شھر:阿尔及尔
الجزائر شھر:阿爾及爾
الجزائر شھر:阿爾及爾/阿尔及尔
الجزائر شہر:阿尔及尔
الجزائر شہر:阿爾及爾
الجزائر شہر:阿爾及爾/阿尔及尔
الجزائر کے قونصلیٹ جنرل:阿尔及利亚总领事馆
الجزائر:Āěrjílìyà
الجزائر:阿尔及利亚
الجزائر:阿尔及利亚 / 阿爾及利亞
الجزائر:阿尔及尔
الجزائر:阿爾及利亞
الجزائر:阿爾及爾
الجزائر:阿爾及爾/阿尔及尔
الجزاير:Āěrjílìyà
الجزاير:阿尔及利亚
الجزاير:阿尔及利亚 / 阿爾及利亞
الجزاير:阿爾及利亞
الجزایر:Āěrjílìyà
الجزایر:阿尔及利亚
الجزایر:阿尔及利亚 / 阿爾及利亞
الجزایر:阿爾及利亞
الجزر الإيولية:埃奥利群岛
الجزر البلاجية:佩拉杰群岛
الجزر العقادية:埃加迪群岛
الجزر الهاوايية:夏威夷群岛
الجزيرة الجنوبية:南島
الجزيرة الخضراء (تايوان):Lǜ​dǎo​ Xiāng
الجزيرة الخضراء (تايوان):綠島
الجزيرة الخضراء (تايوان):綠島鄉
الجزيرة الخضراء:阿尔赫西拉斯
الجزيرة الخضراء:阿爾赫西拉斯
الجزيرة الشمالية:北島
الجزيرة:杰济拉州
الجزيره:阿尔及尔
الجزيره:阿爾及爾
الجزيره:阿爾及爾/阿尔及尔
الجزیره:阿尔及尔
الجزیره:阿爾及爾
الجزیره:阿爾及爾/阿尔及尔
الجزیرہ الخضرا:阿尔赫西拉斯
الجزیرہ الخضرا:阿爾赫西拉斯
الجفارة:吉法拉省
الجفاره:吉法拉省
الجفله:杰勒法
الجفله:杰勒法省
الجلفة:杰勒法
الجلفة:杰勒法省
الجلفہ:杰勒法
الجلفہ:杰勒法省
الجمارك:海关
الجمعية الفلكية المجرية:匈牙利天文学会
الجمهورية العربية الصحراوية الديمقراطية:撒拉威阿拉伯民主共和國
الجمهورية العربية الصحراوية الديمقراطية:阿拉伯撒哈拉民主共和国
الجناح الألماني:德國館
الجناح الإيطالي:意大利館
الجناح المجري:匈牙利館
الجوف علاقہ:焦夫省
الجوين:朱萬
الجىير:阿爾及爾
الجيزة:加沙
الجيزة:吉萨
الجيزة:吉薩
الجيزة:吉薩省
الجيزه:吉薩省
الجیرز:阿尔及尔
الجیرز:阿爾及爾
الجیرز:阿爾及爾/阿尔及尔
الجېريا:Āěrjílìyà
الجېريا:阿尔及利亚
الجېريا:阿尔及利亚 / 阿爾及利亞
الجېريا:阿爾及利亞
الحاج مشری:哈吉迈什里
الحب الصيني:华夏情
الحبانية:哈巴尼亚
الحبيب بورقيبة:哈比卜·布尔吉巴
الحدود الرسمية للهند:印度
الحدود الشماليہ علاقہ:北部边疆省
الحدود مصر - الأراضي الفلسطينية:加沙-埃及边境
الحديقة النباتية الوطنية:国家植物园
الحديقة النباتية الوطنية:國家植物園
الحديقة اليابانية:日本花园
الحديقة اليابانية:日本花園
الحدیدہ:荷台达
الحذاء الذهبي:金槍手
الحذاء الذهبي:金色胶靴
الحذاء الذهبي:黃金橡膠靴
الحسكة:哈塞克
الحسيمة:胡塞馬
الحسيمة:胡塞马
الحسکہ:哈塞克
الحصن الأحمر:德里红堡
الحصن العثماني:基凡堡
الحظيرة الثقافية للطاسيلي ناجر:阿杰尔高原
الحكونية:哈古尼亚
الحمرا:胡梅拉
الحوض الشرقي:东胡德省
الحوض الشرقی بؤلگه‌سی:东胡德省
الحوض الغربی بؤلگه‌سی:西胡德省
الحي التاريخي في مدينة كولونيا دي ساكرامنتو:萨拉门多移民镇的历史区
الحي التاريخي:的历史区
الخاص:阿尔哈斯
الخرطوم:喀土穆
الخرطوم:喀土穆州
الخس:阿尔哈斯
الخط الاخضر:1949年停战线
الخط الاخضر:1949年停戰線
الخط الرئيسي في توكايدو:东海道本线
الخط الرئيسي في توكايدو:东海道货物线
الخط الرئيسي في توكايدو:北陆本线
الخط الرئيسي في توكايدو:北陆本线（琵琶湖线）
الخط الرئيسي في توكايدو:北陸本線
الخط الرئيسي في توكايدو:北陸本線（琵琶湖線）
الخط الرئيسي في توكايدو:御殿场线
الخط الرئيسي في توكايدو:御殿場線
الخط الرئيسي في توكايدو:東海道本線
الخط الرئيسي في توكايدو:東海道貨物線
الخطوط الجوية الأوزبكستانية:乌兹别克斯坦航空
الخطوط والنقوش الطبيعية في نازكا وبامباس دو جومانا:纳斯卡和朱马纳草原的线条图
الخفجي:卡夫奇
الخليج الإسترالي العظيم:大澳洲湾
الخليج الساروني:萨龙湾
الخليج العربى:波斯湾
الخليج العربى:波斯湾 / 波斯灣
الخليج العربى:波斯灣
الخليج العربي:波斯湾
الخليج العربي:波斯湾 / 波斯灣
الخليج العربي:波斯灣
الخليج الكوري:西朝鮮灣
الخليج الكوري:西朝鲜湾
الخليل:希伯伦
الخليل:希伯倫
الخلیل:希伯伦
الخلیل:希伯倫
الدائر:阿尔德代尔
الدائرة الأولى في باريس:第一区
الدائرة التاريخية للكيبيك القديم:魁北克古城区
الدائرة الثالثة في باريس:第三区
الدائرة الثالثة:第三区
الدائرة السابعة عشرة في باريس:第十七区
الدائرة السابعة عشرة:第十七区
الدائرة السابعة في باريس:第七区
الدائرة السابعة:第七区
الدائرة السادسة عشرة في باريس:第十六区
الدائرة السادسة عشرة:第十六区
الدائرة السادسة في باريس:第六区
الدائرة العشرون في باريس:第二十区
الدائرة سيكاسو:锡卡索省
الداخلة-وادي الذهب:达赫拉-乌德埃德达哈布
الداخلة:达赫拉
الداخلية:內地省
الدار البيضاء:卡萨布兰卡
الدار البيضاء:卡薩布蘭加/卡萨布兰卡
الدار البيضاء:達爾貝達
الدانمرك:Dānmài
الدانمرك:丹麥
الدانمرك:丹麦
الدانمرك:丹麦 / 丹麥
الداورة:道拉
الدرنی:奧爾德尼島
الدشيرة:埃德切拉
الدقم:杜昆
الدقهلية:代蓋赫利耶省
الدكتور ابوالفضلي .جراحة اللثة و زراعته الاسنان (ايمبلنت):口腔手术 - 牙种植体
الدمام:达曼
الدنمارك:丹麥
الدنمارك:丹麦
الدوحة:多哈
الدورة:道拉
الدولار العام:美元一般
الدومينيكان:多明尼加
الدومينيكان:多米尼加
الدون:頓河
الدون:顿河
الديوانية:迪瓦尼耶
الذهب والمجوهرات خاتون:黃金和珠寶Khatoon
الرأس الأخضر:佛得角
الرأس الأخضر:佛得角 / 維德角
الرأس الأخضر:維德角
الرأس الطيب:卡本半岛
الراين-الأسفل:下莱茵省
الرباط:拉巴特
الرباط:維多利亞
الرطبة:鲁特拜
الرقة:拉卡
الرقہ:拉卡
الرملة:拉姆拉
الرنقه:拉纳卡
الرنك:伦克
الرويسات:鲁伊萨特
الرياض:利雅得
الرياض:利雅得/利雅德
الرياض:利雅德
الريان:賴揚
الريحانية:雷伊漢勒
الريفيرا الفرنسي:蔚蓝海岸
الریان:賴揚
الزبير:祖拜尔
الزرقاء:扎爾卡省
الزويرات:祖埃拉特
السائس:阿尔萨斯
السائس:阿爾薩斯大區
الساحل الغربي:西部区
الساحل الوسط شمالي (فيتنام):北中部
الساحل:萨赫勒
الساحل:萨赫勒大区
السادات:萨达特
السالفادور:萨尔瓦多
السالفادور:萨尔瓦多 / 薩爾瓦多
السالفادور:薩爾瓦多
السالوادؤر:萨尔瓦多
السالوادؤر:萨尔瓦多 / 薩爾瓦多
السالوادؤر:薩爾瓦多
السالوادور:萨尔瓦多
السالوادور:萨尔瓦多 / 薩爾瓦多
السالوادور:薩爾瓦多
السان-البحرية:滨海塞纳省
السان-البحرية:濱海塞納省
الساندریا:亚历山德里亚
السعودية:Shātè Ālābó
السعودية:沙地阿拉伯
السعودية:沙烏地阿拉伯
السعودية:沙特阿拉伯
السعودية:沙特阿拉伯 / 沙烏地阿拉伯
السفارة الأفغانية:阿富汗大使馆
السفارة الإثيوبية:埃塞俄比亚大使馆
السفارة الإماراتية فى كوالالمبور:阿联酋驻马大使馆
السفارة التركية:土耳其大使馆
السفارة الرسولية:宗座大使馆
السفارة الصينية:中国驻黎巴嫩大使馆
السفارة الفرنسية:法国大使馆
السفارة الليبية في ماليزيا:利比亚驻马大使馆
السفارة المصرية:埃及大使馆
السفارة صينية:中华人民共和国共和国大使馆
السفيرة:塞菲拉
السكك الحديدية أديس أبابا - جيبوتي:亚吉铁路
السلفادور:萨尔瓦多
السلفادور:萨尔瓦多 / 薩爾瓦多
السلفادور:薩爾瓦多
السمارة:斯马拉
السماوة:萨玛沃
السند:信德省
السنغال:Sàinèijiāěr
السنغال:塞內加爾
السنغال:塞内加尔
السنغال:塞内加尔 / 塞內加爾
السنغال:塞内加尔河
السهل الأوروبي الشرقي:东欧平原
السهل الأوروبي الشمالي:北德平原
السهول الكبرى:北美大平原
السودان:Sūdān
السودان:苏丹
السودان:蘇丹
السوق الصيني:中国城
السوق:埃蘇克
السوقر:蘇格爾
السويد:Ruìdiǎn
السويد:瑞典
السويداء:苏韦达
السويدية:薩曼達厄
السويس:苏伊士
السويس:蘇伊士
السويس:蘇伊士/苏伊士
السويس:蘇伊士省
السویداء:苏韦达
السين:塞納河
السين:塞纳河
السينما باريس:巴黎电影院
الشارقة:夏尔迦
الشارقة:沙迦
الشارقة:沙迦酋長國
الشاطئ الأحمر:红色海滩
الشالالات:瀑布大區 (布基納法索)
الشجاعية:舒賈亞
الشرطه للهجره و الجوازات خراسان رضوی:移民局
الشرق العظيم:大东部大区
الشرق العظيم:大東部大區
الشرقي:東部大區
الشرقية:東部省 (埃及)
الشرقيہ علاقہ:东部省
الشلف:谢利夫
الشلف:谢里夫市
الشمال الأقصى:極北區
الشمال:北部区
الشمال:北部區
الشمالي:北部大區
الشمالية الغربية:西北省
الشهداء:烈士
الشيشان:車臣共和國
الشيشان:车臣共和国
الشکیرت:埃萊什基爾特
الصحار:蘇哈爾
الصحرا الغربيه:西撒哈拉
الصحراء الغربية:西撒哈拉
الصحراء الكبرى:撒哈拉沙漠
الصحراء الليبية:利比亚沙漠
الصقر والدراج:猎鹰与野鸡
الصقر والدراج:獵鷹與野雞
الصنمين:阿尔-塞奈迈因
الصومال:Suǒmǎlǐ
الصومال:索馬利亞
الصومال:索馬里
الصومال:索马里
الصومال:索马里 / 索馬利亞
الصين - الهند:中国 - 印度
الصين - الهند:中国与印度边界
الصين - الهند:中國與印度邊界
الصين - الهند:洞嘎弄巴地区
الصين:Zhōngguó
الصين:中国
الصين:中國
الصين:中華人民共和國
الضعاين:戴揚 (卡達)
الضعاین:戴揚 (卡達)
الضفة السفلية (غامبيا):下河区
الضفة الشمالية (غامبيا):北岸区
الضفة الغربية:約旦河西岸地區
الضفة الغربية:约旦河西岸地区
الضفة الغربية:西岸地區
الطائف:塔伊夫
الطارف:塔里夫
الطارف:塔里夫省
الطرق الوطنية في الجزائر:阿尔及利亚国家公路
الطريق الأوروبي E75:欧洲E75公路
الطريق السريع بان-أمريكان:泛美公路
الطفيلة:塔菲拉省
الطور:托西奈
الظل الجرافيك من أتاتورك:阿塔图尔克剪影
الظهران:宰赫兰
العا:​前进村
العا:​阿勒尕村
العا:阿勒尕村
العامل والمزارعة النموذجية:工人和集体农庄女庄员
العبادلة:阿巴德萊
العتبة العباسية:阿巴斯的門檻
العتبة العباسية:阿巴斯的门槛
العتبة:阿塔巴
العراق:Yīlākè
العراق:伊拉克
العربية:馬略卡島
العربية:马略卡岛
العرق الشرقي الكبير:大东方沙海
العرق الغربي الكبير:西大厄尔格沙漠
العركوب:阿尔古卜
العريش:阿里什
العقبة:亚喀巴
العقبة:亞喀巴
العقبة:亞喀巴省
العلا:乌拉
العلمة:欧勒马
العلمه:欧勒马
العلوان:阿尔万
العمارة:阿马拉
العماره:阿马拉
العمارہ:阿马拉
العين:艾因
العيون الساقية الحمراء:阿尤恩-萨基亚-阿姆拉大区
العین:艾因
العیون ساقیه الحمرا:阿尤恩-萨基亚-阿姆拉大区
العیون ساقیہ الحمرا:阿尤恩-萨基亚-阿姆拉大区
العیون:阿尤恩
الغابون:Jiāpéng
الغابون:加彭
الغابون:加蓬
الغابون:加蓬 / 加彭
الغربية:西部省 (埃及)
الغردقة:古尔代盖
الغردقة:古尔代盖/洪加達
الغردقة:洪加達
الغيضة:艾尔格哈达
الغيضة:艾爾格哈達
الفاتيكان:Fàndìgāng
الفاتيكان:梵蒂冈
الفاتيكان:梵蒂岡
الفاشر:法希尔
الفاو:法奥
الفجيرة:富吉拉
الفجيرة:富查伊拉酋長國
الفرات:幼发拉底河
الفرقة الثانية عشرة:第十二师
الفرقة الثانية عشرة:第十二師
الفلبين:Fēilǜbīn
الفلبين:菲律宾
الفلبين:菲律宾 / 菲律賓
الفلبين:菲律賓
الفلبين:菲律賓/菲律宾
الفلوجة:费卢杰
الفيلات الرومانية:罗马别墅
الفيليبين:Fēilǜbīn
الفيليبين:菲律宾
الفيليبين:菲律宾 / 菲律賓
الفيليبين:菲律賓
الفيليبين:菲律賓/菲律宾
الفيوم:法尤姆省
القابەك:​阿勒喀别克村
القادسيه (محافظه):卡迪西亚省
القادسيه (محافظه):卡迪西亞省
القارة القطبية الجنوبية:南极洲
القارة القطبية الجنوبية:南极洲/南極洲
القارة القطبية الجنوبية:南極洲
القاش وبركة:加什-巴爾卡區
القاش وبركة:加什-巴爾卡地區
القاعدة البحرية الصينية:中国人民解放军驻吉布提保障基地
القاعدة البحرية الصينية:中國人民解放軍駐吉布提保障基地
القاعدة الحياة كاتيك-إنق عزابة:中航国际Azzaba营地
القامشلي:卡米什利
القاهرة الإسلاميّة:开罗古城
القاهرة الجديدة:新开罗
القاهرة:开罗
القاهرة:開羅
القاهره:开罗
القاهره:開羅
القدس:耶路撒冷
القديس بريليد:圣布雷拉德
القديس بطرس:圣伯多禄
القديس بطرس:圣彼得
القديس بطرس:聖伯多祿
القديس يعقوب الرسول:圣雅各布使徒
القدیم:伊尔卡丁
القرارة:蓋拉拉
القرم:克里米亚
القرن الأفريقي:非洲之角
القرن الذهبي:金角湾
القرنة:古尔奈
القرى القديمة في شمال سوريا:叙利亚北部古村落群
القصر الجنوبي:南宫
القصر الجنوبي:南宮
القصر الرئاسي:总统府
القصر الرسولي:宗座宮
القصر الملكي:菲斯皇宫
القصرين:卡塞林
القصرین:卡塞林
القصرین:卡塞林省
القصيم علاقہ:盖西姆省
القضارف:加达里夫州
القطاع الفدرالي:联邦区
القطاع الفدرالي:聯邦區
القطب الجنوبي:南极点
القطب الجنوبي:南极点/南極點
القطب الجنوبي:南極
القطب الجنوبي:南極點
القطيف:卡提夫
القليوبية:蓋盧比尤省
القمر الكبرى:大科摩罗岛
القنال الكبير:大运河
القنصلية الأسترالية:澳大利亚领事馆
القنصلية الإيطالية:意大利领事馆
القنصلية الروسية:俄罗斯领事馆
القنصلية العامة الفخرية لفنلندا:芬兰名誉总领事馆
القنصلية العامة الفخرية للنرويج:挪威名誉总领事馆
القنصلية العامة لأذربيجان:阿塞拜疆总领事馆
القنصلية العامة لأستراليا:澳大利亚总领事馆
القنصلية العامة لأفغانستان:阿富汗总领事馆
القنصلية العامة لألبانيا:阿尔巴尼亚总领事馆
القنصلية العامة لألمانيا:德国总领事馆
القنصلية العامة لأنجولا:安哥拉总领事馆
القنصلية العامة لأوكرانيا:乌克兰总领事馆
القنصلية العامة لإسرائيل:以色列总领事馆
القنصلية العامة لإندونيسيا:印度尼西亚总领事馆
القنصلية العامة لإيران:伊朗总领事馆
القنصلية العامة لإيطاليا:意大利总领事馆
القنصلية العامة لاسبانيا:西班牙总领事馆
القنصلية العامة لباكستان:巴基斯坦总领事馆
القنصلية العامة لبلجيكا:比利时总领事馆
القنصلية العامة لبلغاريا:保加利亚总领事馆
القنصلية العامة لبنغلاديش:孟加拉国总领事馆
القنصلية العامة لبنما:巴拿马总领事馆
القنصلية العامة لبولندا:波兰总领事馆
القنصلية العامة لبيلاروسيا:白俄罗斯总领事馆
القنصلية العامة لتركمانستان:土库曼斯坦总领事馆
القنصلية العامة لتركيا:土耳其总领事馆
القنصلية العامة لتونس:突尼斯总领事馆
القنصلية العامة لجمهورية شمال مقدونيا:北马其顿总领事馆
القنصلية العامة لجمهورية مصر العربية:埃及总领事馆
القنصلية العامة لدولة الإمارات العربية المتحدة:阿拉伯联合酋长国总领事馆
القنصلية العامة لدولة الإمارات في هونج كونغ:阿拉伯联合酋长国驻港总领事馆
القنصلية العامة لدولة الإمارات في هونج كونغ:阿拉伯聯合酋長國駐港總領事館
القنصلية العامة لدولة قطر:卡塔尔总领事馆
القنصلية العامة لروسيا:俄罗斯总领事馆
القنصلية العامة لرومانيا:罗马尼亚总领事馆
القنصلية العامة لسلوفاكيا:斯洛伐克总领事馆
القنصلية العامة لسوريا:叙利亚总领事馆
القنصلية العامة لسويسرا:瑞士总领事馆
القنصلية العامة لصربيا:塞尔维亚总领事馆
القنصلية العامة لطاجيكستان:塔吉克斯坦总领事馆
القنصلية العامة لفرنسا:法国总领事馆
القنصلية العامة لفلسطين:巴勒斯坦总领事馆
القنصلية العامة لقيرغيزستان:吉尔吉斯斯坦总领事馆
القنصلية العامة لكازاخستان:哈萨克斯坦总领事馆
القنصلية العامة لكرواتيا:克罗地亚总领事馆
القنصلية العامة لكندا:加拿大总领事馆
القنصلية العامة لكوبا:古巴总领事馆
القنصلية العامة لكوريا الجنوبية:韩国总领事馆
القنصلية العامة لكوسوفو:科索沃总领事馆
القنصلية العامة للبرازيل:巴西总领事馆
القنصلية العامة للبنان:黎巴嫩总领事馆
القنصلية العامة للبوسنة والهرسك:波斯尼亚和黑塞哥维那总领事馆
القنصلية العامة للجبل الأسود:黑山总领事馆
القنصلية العامة للجزائر:阿尔及利亚总领事馆
القنصلية العامة للجمهورية التشيكية:捷克共和国总领事馆
القنصلية العامة للدنمارك:丹麦总领事馆
القنصلية العامة للسودان:苏丹总领事馆
القنصلية العامة للسويد:瑞典总领事馆
القنصلية العامة للصين:中国驻纽约总领事馆
القنصلية العامة للعراق:伊拉克总领事馆
القنصلية العامة للفلبين:菲律宾总领事馆
القنصلية العامة للمجر:匈牙利总领事馆
القنصلية العامة للمغرب:摩洛哥总领事馆
القنصلية العامة للمكسيك:墨西哥总领事馆
القنصلية العامة للمملكة العربية السعودية:沙特阿拉伯总领事馆
القنصلية العامة للمملكة المتحدة:英国总领事馆
القنصلية العامة للنمسا:奥地利总领事馆
القنصلية العامة للهند:印度总领事馆
القنصلية العامة للولايات المتحدة:美国总领事馆
القنصلية العامة لليابان:日本总领事馆
القنصلية العامة لليبيا:利比亚总领事馆
القنصلية العامة لليونان:希腊总领事馆
القنصلية العامة لمالطا:马耳他总领事馆
القنصلية العامة لماليزيا:马来西亚总领事馆
القنصلية العامة لمنغوليا:蒙古总领事馆
القنصلية العامة لمولدوفا:摩尔多瓦总领事馆
القنصلية العامة لهولندا:荷兰总领事馆
القنصلية الفخرية لألبانيا:阿尔巴尼亚名誉领事馆
القنصلية الفخرية لألمانيا:德国名誉领事馆
القنصلية الفخرية لأيرلندا:爱尔兰名誉领事馆
القنصلية الفخرية لأيسلندا:冰岛名誉领事馆
القنصلية الفخرية لإستونيا:爱沙尼亚名誉领事馆
القنصلية الفخرية لإسرائيل:以色列名誉领事馆
القنصلية الفخرية لإيطاليا:意大利名誉领事馆
القنصلية الفخرية لاسبانيا:西班牙名誉领事馆
القنصلية الفخرية لبابوا غينيا الجديدة:巴布亚新几内亚名誉领事馆
القنصلية الفخرية لباراغواي:巴拉圭名誉领事馆
القنصلية الفخرية لبربادوس:巴巴多斯名誉领事馆
القنصلية الفخرية لبلجيكا:比利时名誉领事馆
القنصلية الفخرية لبنغلاديش:孟加拉国名誉领事馆
القنصلية الفخرية لبنين:贝宁名誉领事馆
القنصلية الفخرية لبوتسوانا:博茨瓦纳名誉领事馆
القنصلية الفخرية لبوركينا فاسو:布基纳法索名誉领事馆
القنصلية الفخرية لبولندا:波兰名誉领事馆
القنصلية الفخرية لبيلاروسيا:白俄罗斯名誉领事馆
القنصلية الفخرية لتايلاند:泰国名誉领事馆
القنصلية الفخرية لترينيداد وتوباغو:特立尼达和多巴哥名誉领事馆
القنصلية الفخرية لتشيلي:智利名誉领事馆
القنصلية الفخرية لتونس:突尼斯名誉领事馆
القنصلية الفخرية لجامايكا:牙买加名誉领事馆
القنصلية الفخرية لجزر القمر:科摩罗名誉领事馆
القنصلية الفخرية لجزر كوك:库克群岛名誉领事馆
القنصلية الفخرية لجمهورية أفريقيا الوسطى:中非共和国名誉领事馆
القنصلية الفخرية لجمهورية الكونغو الديمقراطية:刚果民主共和国名誉领事馆
القنصلية الفخرية لجمهورية مقدونيا الشمالية:北马其顿名誉领事馆
القنصلية الفخرية لجنوب أفريقيا:南非名誉领事馆
القنصلية الفخرية لرواندا:卢旺达名誉领事馆
القنصلية الفخرية لروسيا:俄罗斯名誉领事馆
القنصلية الفخرية لرومانيا:罗马尼亚名誉领事馆
القنصلية الفخرية لساحل العاج:科特迪瓦名誉领事馆
القنصلية الفخرية لسان مارينو:圣马力诺名誉领事馆
القنصلية الفخرية لسانت فنسنت وجزر غرينادين:圣文森特和格林纳丁斯名誉领事馆
القنصلية الفخرية لسانت كيتس ونيفيس:圣基茨和尼维斯名誉领事馆
القنصلية الفخرية لسريلانكا:斯里兰卡名誉领事馆
القنصلية الفخرية لسلطنة عمان:阿曼名誉​​领事馆
القنصلية الفخرية لسلوفاكيا:斯洛伐克名誉领事馆
القنصلية الفخرية لسلوفينيا:斯洛文尼亚名誉领事馆
القنصلية الفخرية لسنغافورة:新加坡名誉领事馆
القنصلية الفخرية لسورينام:苏里南名誉领事馆
القنصلية الفخرية لسويسرا:瑞士名誉领事馆
القنصلية الفخرية لسيراليون:塞拉利昂名誉领事馆
القنصلية الفخرية لسيشل:塞舌尔名誉领事馆
القنصلية الفخرية لصربيا:塞尔维亚名誉领事馆
القنصلية الفخرية لفرنسا:法国名誉领事馆
القنصلية الفخرية لفنلندا:芬兰名誉领事馆
القنصلية الفخرية لفيتنام:越南名誉领事馆
القنصلية الفخرية لكرواتيا:克罗地亚名誉领事馆
القنصلية الفخرية لكمبوديا:柬埔寨名誉领事馆
القنصلية الفخرية لكوريا الجنوبية:韩国名誉领事馆
القنصلية الفخرية لكوستاريكا:哥斯达黎加名誉领事馆
القنصلية الفخرية لكوسوفو:科索沃名誉领事馆
القنصلية الفخرية لكولومبيا:哥伦比亚名誉领事馆
القنصلية الفخرية لكينيا:肯尼亚名誉领事馆
القنصلية الفخرية للأردن:约旦名誉领事馆
القنصلية الفخرية للبرازيل:巴西名誉领事馆
القنصلية الفخرية للبرتغال:葡萄牙名誉领事馆
القنصلية الفخرية للبوسنة والهرسك:波斯尼亚和黑塞哥维那名誉领事馆
القنصلية الفخرية للبيرو:秘鲁名誉领事馆
القنصلية الفخرية للجبل الأسود:黑山名誉领事馆
القنصلية الفخرية للجمهورية التشيكية:捷克共和国名誉领事馆
القنصلية الفخرية للدنمارك:丹麦名誉领事馆
القنصلية الفخرية للرأس الأخضر:佛得角名誉领事馆
القنصلية الفخرية للسنغال:塞内加尔名誉领事馆
القنصلية الفخرية للسويد:瑞典名誉领事馆
القنصلية الفخرية للصومال:索马里名誉领事馆
القنصلية الفخرية للفلبين:菲律宾名誉领事馆
القنصلية الفخرية للكاميرون:喀麦隆名誉领事馆
القنصلية الفخرية للمجر:匈牙利名誉领事馆
القنصلية الفخرية للمكسيك:墨西哥名誉领事馆
القنصلية الفخرية للمملكة المتحدة:英国名誉领事馆
القنصلية الفخرية للنرويج:挪威名誉领事馆
القنصلية الفخرية للنمسا:奥地利名誉领事馆
القنصلية الفخرية للنيجر:尼日尔名誉领事馆
القنصلية الفخرية للوكسمبورغ:卢森堡名誉领事馆
القنصلية الفخرية للولايات المتحدة:美国名誉领事馆
القنصلية الفخرية لليبيا:利比亚名誉领事馆
القنصلية الفخرية لليتوانيا:立陶宛名誉领事馆
القنصلية الفخرية لليمن:也门名誉领事馆
القنصلية الفخرية لمالطا:马耳他名誉领事馆
القنصلية الفخرية لمالي:马里名誉领事馆
القنصلية الفخرية لماليزيا:马来西亚名誉领事馆
القنصلية الفخرية لمنغوليا:蒙古名誉领事馆
القنصلية الفخرية لموريتانيا:毛里塔尼亚名誉领事馆
القنصلية الفخرية لموريشيوس:毛里求斯名誉领事馆
القنصلية الفخرية لمولدوفا:摩尔多瓦名誉领事馆
القنصلية الفخرية لهولندا:荷兰名誉领事馆
القنصلية الفرعية للمملكة المتحدة:英国副领事馆
القنيطرة:库奈特拉
القواعد السيادية البريطانية:亞克羅提利與德凱利亞
القواعد السيادية البريطانية:塞浦路斯英屬基地區
القيروان:凯鲁万
الكاتدرائية الوطنية في رومانيا:罗马尼亚国家大教堂
الكاميرون:Kāmàilóng
الكاميرون:喀麥隆
الكاميرون:喀麦隆
الكاميرون:喀麦隆 / 喀麥隆
الكرك:卡拉克省
الكركرات:盖尔盖拉特
الكرملين والساحة الحمراء، موسكو. المنطقة العازلة:莫斯科克里姆林宫和红场 缓冲区
الكرملين والساحة الحمراء، موسكو. المنطقة العازلة:莫斯科克里姆林宮和紅場 緩衝區
الكرملين والساحة الحمراء، موسكو:莫斯科克里姆林宫和红场
الكرملين والساحة الحمراء، موسكو:莫斯科克里姆林宮和紅場
الكسوة:基斯沃
الكفرة:库夫拉省
الكنيسة الكاثوليكية في سانت ماري:天主教圣玛丽教堂
الكنيسة اللوثرية:路德会救赎主堂
الكنيسة المعلقة:悬空教堂
الكهربائية في الالكترونيات وهندسة الحاسبات:电气 - 电子与计算机工程
الكوبان:庫班河
الكوفة:库费
الكونجو:刚果共和国
الكونجو:刚果共和国 / 剛果共和國
الكونجو:剛果共和國
الكونجو:剛果（布）
الكونغو الوسطى:下刚果省
الكونغو الوسطى:中剛果省
الكونغو:刚果民主共和国
الكونغو:剛果民主共和國
الكويت:Kēwēitè
الكويت:科威特
الكويرة:拉圭拉
اللاذقية:拉塔基亚
اللجنة الدولية للصليب الأحمر:红十字国际委员会
اللغة البلنسية:巴伦西亚语
اللغة البلنسية:巴倫西亞語
الما باق:阿勒玛巴克村
الماته:阿拉木图
الماته:阿拉木圖
الماتى - قورعاس تاسجولى:阿拉木图-霍尔果斯公路
الماتى:阿拉木图
الماتى:阿拉木圖
الماتی صوبہ:阿拉木图州
الماتی صوبہ:阿拉木圖州
الماتی:阿拉木图
الماتی:阿拉木圖
المارن:马恩省
المازين:艾尔玛善镇
المازين:艾爾瑪善鎮
الماعز:Shānyáng
الماعز:山羊
الماغوصة:法马古斯塔
المالديف:Mǎěrdàifū
المالديف:馬爾代夫
المالديف:馬爾地夫
المالديف:马尔代夫
المالديف:马尔代夫/馬爾地夫
المالى:​阿勒玛勒村
المالىق:阿勒玛勒克
المالی:埃爾馬勒
المانيا:Déguó
المانيا:德国
المانيا:德国/德國
المانيا:德國
المبنى A:A栋
المتحف التاريخى الوطنى:阿爾巴尼亞國家歷史博物館
المتحف التاريخي الوطني:阿爾巴尼亞國家歷史博物館
المتحف القومى للحضارة المصرية:埃及文明国家博物馆
المتحف الوطني في وارسو:华沙国家博物馆
المتحف الوطني في وارسو:華沙國家博物館
المتمة الإثيوبية:米提瑪
المتیوسک:阿尔梅季耶夫斯克
المتیوسک:阿爾梅季耶夫斯克
المثنى (محافظه):穆薩拿省
المثنى (محافظه):穆薩納省
المجر:Xiōngyálì
المجر:匈牙利
المجمعة:邁季邁阿
المحافظة الجنوبية:南方省
المحافظة الجنوبية، زامبيا:南部省 (赞比亚)
المحافظة الشرقية، زامبيا:东方省
المحافظة الشمالية الغربية، زامبيا:西北省
المحافظة الشمالية:北方省
المحافظة الشمالية، زامبيا:北方省 (赞比亚)
المحافظة الغربية، زامبيا:西方省
المحافظة الوسطى، زامبيا:中央省
المحرق:穆哈拉克
المحطة العسكرية:军事航站楼
المحكمة الدائمة للتحكيم:常设仲裁法院
المحمرة:霍拉姆沙赫尔
المحيط المتجمد الشمالي:北冰洋
المحيط المتجمد الشمالي:北冰洋/北極海
المحيط المتجمد الشمالي:北極海
المحيط الهادئ:太平洋
المخروط الجنوبي:南錐體
المدخل الرئيسي - غربي:主入口 - 西
المدخل الرئيسي الشرقي:正門 - 東
المدرسة البوعنانية:阿布伊南古兰经学院
المدية:麦迪亚
المدية:麦迪亚省
المدينة الالكترونية:电子城
المدينة القديمة:伯城
المدينة المنورة:麦地那
المدينہ علاقہ:麦地那省
المدیه:麦迪亚
المراكز المينوسية المهيبة:米诺斯王宫中心
المرتفعات البرازيلية:巴西高原
المرج (تجمع سكان فى شعبيه المرج):迈尔季
المرج:迈尔季
المرج:迈尔季省
المرسى الكبير:凱比爾港
المرسى:艾尔马萨尔
المرسی:艾尔马萨尔
المركز الإسلامي في باتون روج:巴吞鲁日伊斯兰中心
المركز الروحي والسياسي لثقافة تيواناكو:蒂瓦纳科文化的精神和政治中心
المركز المالي الدولي:Gwok Jai Gam Yung Jung Sam
المركز المالي الدولي:Gwok3 Zai3 Gam1 Jung4 Zung1 Sam1
المركز المالي الدولي:国际金融中心
المركز المالي الدولي:國際金融中心
المستشفى الأهلي:阿赫利阿拉伯医院
المستشفى الجهوي الحبيب بورقيبة:哈比卜·布尔吉巴
المستعمرات الخيرية:慈善定居点
المسجد الجامع كوالالمبور:吉隆坡占美清真寺
المسجد الجامع:贾玛清真寺
المسجد الكبير بباريس:巴黎大清真寺
المسجد الملون:华寺清真寺
المسرح البابلي:巴比伦剧院
المسرح البابلي:巴比倫劇院
المسرح الوطني الكرواتي في زغرب:克羅地亞國家劇院
المسرع الأكبر للبروتونات:超級質子同步加速器
المسلمون الصينيون:中国穆斯林
المسيب:穆赛伊卜
المسيلة:姆西拉
المسيلة:姆西拉省
المسیله:姆西拉
المشرق العربى:马什里克
المشرق العربي:马什里克
المشهد الثقافي التاريخي لمنطقة توكاج المختصّة بزراعة الكرمة:托卡伊葡萄酒产地历史文化景观
المصب:河口省
المصور علي العبيدي:阿里·阿魯拜迪攝影
المصيصة:摩普綏提亞
المطار:机场
المطار:機場
المعبد الجنائزي للخفر:哈夫拉葬祭庙
المعبد الجنائزي منقرع:孟卡拉葬祭庙
المعبد المعلق:悬空寺
المعبد المعلق:懸空寺
المعهد الهندي للعلوم:印度科學理工學院
المغادرة والوصول:出发和到达
المغادرة والوصول:出發和到達
المغرب العربي:马格里布
المغرب:Móluògē
المغرب:摩洛哥
المغرب:马格里布
المفرق:马弗拉克省
المفوضية السامية للأمم المتحدة لشؤون اللاجئين:联合国难民事务高级专员办事处 / 聯合國難民事務高級專員辦事處
المفوضية العليا للأمم المتحدة لشؤون اللاجئين:联合国难民署
المقاطعة الأسترالية بأنتاركتيكا:澳洲南極洲領地
المقاطعة البريطانية بالقارة القطبية الجنوبية:英属南极领地
المقاطعة الجنوب شرقية:東南區
المقاطعة الجنوبية (هونغ كونغ):南区
المقاطعة الجنوبية (هونغ كونغ):南區
المقاطعة الجنوبية:南部區
المقاطعة الشمالية:北部省
المقاطعة المركزية:中部區
المقبرة البولندية:波兰公墓
المقبرة البولندية:波蘭公墓
المقدادية:米格达迪耶
المكتب الرئيسي كاتيك-إنق سكيكدة:中航国际AZ400套项目
المكتب القنصلي الألماني:德国领事馆
المكتب القنصلي البلغاري:保加利亚领事馆
المكتب القنصلي اليوناني:希腊领事馆
المكتب القنصلي للمجر:匈牙利领事馆
المكتبة العامة:公共图书馆
المكتبة الوطنية البولندية:波兰国家图书馆
المكتبة الوطنية البولندية:波蘭國家圖書館
المكسيك:墨西哥
المكلا:穆卡拉
الملعب في بوروسيا بارك:博鲁西亚公园球场
المملكة المتحدة:英国
المملكة المتحدة:英国 / 英國
المملكة المتحدة:英國
المملكه العربيه السعوديه:Shātè Ālābó
المملكه العربيه السعوديه:沙地阿拉伯
المملكه العربيه السعوديه:沙烏地阿拉伯
المملكه العربيه السعوديه:沙特阿拉伯
المملكه العربيه السعوديه:沙特阿拉伯 / 沙烏地阿拉伯
المملكه المتحده:英国
المملكه المتحده:英国 / 英國
المملكه المتحده:英國
المناطق الشمالية:西北地区
المناطق الشمالية:西北地區
المناطق القبلية الخاضعة للإدارة الاتحادية:联邦直辖部落地区
المنامة:麥納瑪
المنامة:麥納麥
المنامه:麥納瑪
المنامه:麥納麥
المنتدى الروماني:古羅馬廣場
المنتزه الأولمبي الوطني:奥林匹克国家公园
المنتزه الوطني لجبال غرايت سموكي العظيمة:大烟雾山国家公园
المنصور:曼苏尔区
المنطقة الاقتصادية شمال القوقاز:北高加索经济地区
المنطقة الجنوبية الشرقية:东南部
المنطقة الجنوبية الغربية:西南区
المنطقة الجنوبية:南方省
المنطقة الجنوبية:南部
المنطقة الجنوبية:南部区
المنطقة الجنوبية:南部區 (厄立特里亞)
المنطقة الخضراء:綠區
المنطقة الشرقية:东部区
المنطقة الشرقية:东部省
المنطقة الشرقية:東方省
المنطقة الشمالية (البرتغال):北部大區
المنطقة الشمالية الشرقية:东北部
المنطقة الشمالية الغربية:西北區
المنطقة الشمالية:北方省
المنطقة الشمالية:北部区
المنطقة الشمالية:北部區
المنطقة الشمالية:巴西北部
المنطقة الصناعية الكبرى:大工业区
المنطقة الصناعية باغكور:小型工业场所
المنطقة الصناعية فاتح:法提赫工业场所
المنطقة العازلة بين سيناء وقطاع غزة:西奈-加沙地带缓冲区
المنطقة العازلة على الحدود البولندية البيلاروسية:波兰-白俄罗斯边境缓冲区
المنطقة العسكرية الجنوبية:南部军区
المنطقة العسكرية المركزية:中央军区
المنطقة العسكرية المركزية:中央軍區
المنطقة الغربية:西部区
المنطقة المحمية في جزر فينيكس:菲尼克斯群岛保护区
المنطقة المركزية الغربية:巴西中西部
المنطقة المركزية:中部區
المنطقة المركزية:中部區 (厄立特里亞)
المنطقة المركزية:中部地區
المنطقة الوسطى:中央区
المنطقة الوسطى:中央区 (以色列)
المنطقة الوسطى:中央區 (以色列)
المنطقه الشرقيه:东部省
المنظمة العالمية للملكية الفكرية:世界知识产权组织
المنوفية:米努夫省
المنيا:明亞省
المنيعة:古莱阿
المنيعة:迈尼耶省
المهدية:马赫迪耶
المهدیه:馬赫迪耶省
المهدیه:马赫迪耶
المورا:阿尔莫拉
المورا:阿尔莫拉县
الموصل:摩穌爾
الموصل:摩苏尔
الموصل:摩苏尔/摩穌爾
الموقع التاريخي لولاية الكاهوكيا ماوندز:卡俄基亚土丘历史遗址
الموڑا:阿尔莫拉
الموڑا:阿尔莫拉县
الميدان الكبير:布鲁塞尔大广场
الميكسيك:墨西哥
المَحارة:迪拜塔
المیدا کاؤنٹی:阿拉梅达县
المیدا کاؤنٹی:阿拉梅達縣
المیدا کاؤنٹی:阿拉米達縣
المیدا کاؤنٹی:阿拉米達郡
النادي الأوليمبي:奥林匹克中心
الناصرة:拿撒勒
الناصرية:纳西里耶
الناظور:納祖爾
النجف (محافظه):拿謝夫省
النجف (محافظه):納傑夫省
النجف:納杰夫
النرويج:Nuówēi
النرويج:挪威
النسون:阿朗松
النصب التاريخيّة في كيوتو القديمة (مدينة كيوتو ومدينة أوجي ومدينة أوتسو ):古京都遗址（京都、宇治和大津城）
النصب التاريخيّة في كيوتو القديمة (مدينة كيوتو ومدينة أوجي ومدينة أوتسو ):古京都遺址（京都、宇治和大津城）
النصيرات:努塞拉特
النعامة:纳马省
النعامہ:纳马省
النفود الكبير:內夫得沙漠
النقاط الخمس:努加特海姆斯省
النمسا السفلى:下奥地利州
النمسا السفلى:下奧地利邦
النمسا العليا:上奥地利州
النمسا العليا:上奧地利邦
النمسا:Àodìlì
النمسا:奥地利
النمسا:奧地利
النهر الأحمر:紅河
النهر الأحمر:红河
النهر المركزي:中河区
النيجر:Nírìěr
النيجر:尼日
النيجر:尼日尔
النيجر:尼日尔 / 尼日
النيجر:尼日爾
النيل الأبيض:白尼罗州
النيل الأبيض:白尼罗河
النيل الأزرق:青尼罗州
النيل الأزرق:青尼罗河
الهرم الأحمر:紅色金字塔 for Sneferu
الهضبة الوسطى:高原-中部大區
الهند - باكستان:印度 - 巴基斯坦
الهند:Yìndù
الهند:印度
الهوير:豪威尔
الوابات:烏盧巴特
الواتة:瓦塔
الواحات:绿洲省
الوادي الجديد:新河谷省
الوادي:瓦德
الوادي:瓦迪省
الوادی اوستانی:瓦迪省
الوادی:瓦德
الوادی، الجزایر:瓦德
الوان:阿尔万
الوبريا:乌卢贝里亚
الوتس کاؤنٹی:阿利图斯县
الوتس:阿利图斯
الوحدة:团结州
الور ستار:亚罗士打
الور ستار:亞羅士打
الور سیتار:亚罗士打
الور سیتار:亞羅士打
الور ڤوڠسو:亚罗邦士
الوسط التاريخي لمدينة أوربينو:乌尔比诺历史中心
الوسط التاريخي لمدينة أوليندا:奥林达历史中心
الوسط الجنوبي:中南大區
الوسط شرقي:中東大區
الوسط شمالي:中北大區
الوشدة:阿盧什塔
الوصول:到达
الوطن القبلي:卡本半岛
الوفى:阿洛菲
الوفي (نييوي):阿洛菲
الوفي:阿洛菲
الوفی:阿洛菲
الوكرة:沃克拉
الولايات المتّحدة الأمريكيّة:Měiguó
الولايات المتّحدة الأمريكيّة:美国
الولايات المتّحدة الأمريكيّة:美國
الولاية الشمالية:北部州
الوکره:沃克拉
الوکرہ:沃克拉
اليابان:Rìběn
اليابان:日本
اليستا:埃利斯塔
اليمن:Yěmén
اليمن:也門
اليمن:也门
اليمن:也门 / 葉門
اليمن:葉門
اليونان:Xīlà
اليونان:希腊
اليونان:希腊/希臘
اليونان:希臘
الڨرارة:蓋拉拉
الکترنای:埃莱克特伦艾
الکتروستال:埃列克特羅斯塔爾
الکتروگلی:埃列克特羅烏格利
الکتروگورسک:埃列克特羅戈爾斯克
الکساندروفسک-ساخالینسکیی:亚历山大罗夫斯克
الکساندروفسک-ساخالینسکیی:亚历山德罗夫斯克（伊对）
الکساندروفسک-ساخالینسکیی:伊對
الکساندروفسک:亚历山德罗夫斯克
الکسیوکا، چوی:阿列克谢耶夫卡
الکمار:阿尔克马尔
الگاز:厄爾加茲
الۇ عورلوس موڭعۇل اپتونوم وودانى:Qiánguō'ěrluósī měnggǔzú zìzhì xiàn
الۇ عورلوس موڭعۇل اپتونوم وودانى:前郭尔罗斯蒙古族自治县
الۇ عورلوس موڭعۇل اپتونوم وودانى:前郭爾羅斯蒙古族自治縣
الۇ عورلوس موڭعۇل اۆتونوميالىق اۋدانى:Qiánguō'ěrluósī měnggǔzú zìzhì xiàn
الۇ عورلوس موڭعۇل اۆتونوميالىق اۋدانى:前郭尔罗斯蒙古族自治县
الۇ عورلوس موڭعۇل اۆتونوميالىق اۋدانى:前郭爾羅斯蒙古族自治縣
الۇ عورلوس:Qián Guōěrluósī Xiàn
الۇ عورلوس:前郭尔罗斯县
الۇ عورلوس:前郭爾羅斯縣
الیبوری محکمہ:阿黎博里省
الیتاس:阿利图斯
الیزی:伊利济
الیزی:伊利济省
الیستا:埃利斯塔
الیفندی:Aliefendi
الینگ:阿灵
الیچور:阿尔楚尔
الیچور:阿尔楚尔河
الیکسن:阿列克辛
الیکو:奧萊茨科
الیکٹریکل - الیکٹرانکس اور کمپیوٹر انجینئرنگ:电气 - 电子与计算机工程
الیگزندرووسک-سخالنسکی:亚历山大罗夫斯克
الیگزندرووسک-سخالنسکی:亚历山德罗夫斯克（伊对）
الیگزندرووسک-سخالنسکی:伊對
الیگزندرووسک:亚历山德罗夫斯克
ام البواقی:乌姆布瓦吉省
ام البواقی:烏姆布瓦吉
ام القوین (امارت):歐姆古溫酋長國
ام القوین (امارت):烏姆蓋萬
ام القیوین:歐姆古溫酋長國
ام القیوین:烏姆蓋萬
ام بواقی:烏姆布瓦吉
ام بور:姆布爾
ام صلال:烏姆錫拉勒
اماباری، اہیمے:今治市
امارات عجمان:阿吉曼
امارات عجمان:阿治曼酋長國
امارات متحده عربی:Ālābó Liánhé Qiúchángguó
امارات متحده عربی:阿拉伯联合酋长国
امارات متحده عربی:阿拉伯联合酋长国 / 阿拉伯聯合大公國
امارات متحده عربی:阿拉伯聯合大公國
امارات متحده عربی:阿拉伯聯合酋長國
امارت عجمان:阿吉曼
امارت عجمان:阿治曼酋長國
اماسیا:阿馬西亞
اماش:阿玛希村
اماموغلو:伊馬莫盧
امام‌اغلو:伊馬莫盧
امان گورنري:安曼省
امان:安曼
امان:安曼省
امبانباق سورتتى تۇقىم جەتىلدىرۋ الاڭىنداعى:安班巴格良繁场
امبریم:安布里姆島
امبور:姆布爾
امبومو:姆博穆省
امت:埃梅特
امراوتی:阿姆劳蒂
امراپورا:阿玛拉普拉
امراپورا:阿玛拉普拉镇区
امرت سر:阿姆利则
امرتسر:阿姆利则
امروها:阿姆罗哈
امروهه:阿姆罗哈
امريكا الجنوبيه:南美洲
امريكا:Měiguó
امريكا:美国
امريكا:美國
امريکا لويه وچه:Měizhōu
امريکا لويه وچه:美洲
امریتسار:阿姆利则
امریکا:Měiguó
امریکا:美国
امریکا:美國
امریکہ:Měiguó
امریکہ:美国
امریکہ:美國
امریکی ساموا:美屬薩摩亞
امریکی سمووا:美屬薩摩亞
امستردام:阿姆斯特丹
امسټرډام:阿姆斯特丹
امسک:鄂木斯克
امل:阿梅尔
امنا حواء:夏娃墓
امنات چاروین:安納乍倫府
امنات چاروین:安納乍能府
امه ریش:莱茵河畔埃默里希
امه‌ریش آم راین:莱茵河畔埃默里希
امو ریاست:伊莫州
اموتسکی:伊莫茨基
امىراشتاي:阿木拉西台村
امير ډنډ:班達米爾國家公園
اميل:émĭn hé
اميل:額敏河
اميل:额敏河
امپومالانگا:姆普马兰加省
امپومالانگا:普馬蘭加
امڤاڠ هيلير:安邦希里尔
امڤاڠ ڤرق:安邦購物中心
امڤاڠ ڤرق:安邦购物中心
امڤڠ جاي:安邦再也
امہارا علاقہ:阿姆哈拉州
امیان-1:亞眠-1
امیان-2:亞眠-2
امیان-3:亞眠-3
امیان-4:亞眠-4
امیان-5:亞眠-5
امیان-6:亞眠-6
امیان-7:亞眠-7
امیان:亚眠
امیان:亞眠
امیرداغ:埃米爾達
امیش:奥米什
امیش:奧米什
امیل:émĭn hé
امیل:額敏河
امیل:额敏河
امەرىيكا قۇراما شتاتتارى:Měiguó
امەرىيكا قۇراما شتاتتارى:美国
امەرىيكا قۇراما شتاتتارى:美國
ام‌البواقی:乌姆布瓦吉省
ام‌القیوین:歐姆古溫酋長國
ام‌القیوین:烏姆蓋萬
ام‌ام‌کی:马格尼托哥尔斯克钢铁公司
ام‌قصر:乌姆盖萨尔
ان امیناس:因阿迈纳斯
انادير:阿纳德尔
اناضول حصار:安纳托利亚堡垒
انامبرا ایالتی:阿南布拉州
انامبرا ریاست:阿南布拉州
انامور:阿納穆爾
انانتا ساماکھوم تخت ہال:阿南达沙玛空皇家御会馆
انانتناگ:阿嫩德纳格
انانیوراین:阿纳尼伊夫区
اناپا:阿纳帕
انبار اوستانی:安巴尔省
انبار اوستانی:安巴省
انت ڪبير:凱末爾紀念館
انتاركتيكا:南极洲
انتاركتيكا:南极洲/南極洲
انتاركتيكا:南極洲
انتاریو:安大略
انتاليا:安塔利亚
انتاليا:安塔利亞
انتالیا:安塔利亚
انتالیا:安塔利亞
انتاکیه:安塔基亞
انترلاكن:因特拉肯
انتسیرانانا:安齊拉納納
انتسیرانانا:安齐拉纳纳
انتىيگۋا:安提瓜和
انتىيگۋا:安提瓜達
انتیماق:恩提马克
انجامنا:恩賈梅納
انجليووود:英格爾伍德
انجمينا:恩賈梅納
انجوآن:昂儒昂岛
انجوآن:昂儒昂島
انجوان:昂儒昂岛
انجوان:昂儒昂島
انجولا:Āngēlā
انجولا:安哥拉
انجیرلیوا:因吉爾利奧瓦
انحیرلیوا:因吉爾利奧瓦
اندرا گاندھی انٹرنیشنل ایرپورٹ:英迪拉甘地国际机场
اندروسان:亞佐山
اندرونی منگولیا:Nèi Měnggǔ Zìzhìqū
اندرونی منگولیا:內蒙古自治區
اندرونی منگولیا:内蒙古自治区
اندريييفكا:安德里伊夫卡
اندور:印多尔
اندورا:Āndàoěr
اندورا:安道尔
اندورا:安道尔 / 安道爾
اندورا:安道爾
اندوررا-لا-ۆەليا:安道尔城
اندوررا-لا-ۆەليا:安道爾城
اندورہ:Āndàoěr
اندورہ:安道尔
اندورہ:安道尔 / 安道爾
اندورہ:安道爾
اندونزی:印尼
اندونزی:印度尼西亚
اندونزی:印度尼西亚 / 印度尼西亞
اندونزی:印度尼西亞
اندونيزيا:印尼
اندونيزيا:印度尼西亚
اندونيزيا:印度尼西亚 / 印度尼西亞
اندونيزيا:印度尼西亞
اندونيسيا:印尼
اندونيسيا:印度尼西亚
اندونيسيا:印度尼西亚 / 印度尼西亞
اندونيسيا:印度尼西亞
اندیجان خلق ارا هوا قونلغه سی:安集延國際機場
اندیجان سوو آمباری:安集延大坝
اندیجان شهری:安集延
اندیجان صوبہ:安集延州
اندیجان ولایتی:安集延州
اندیجان ویلایت:安集延州
اندیجان:安集延
اندیرین:安德倫
انرهودار:埃內爾霍達爾
انز:恩斯河
انزها:溫扎河
انزيريكري:恩泽雷科雷大区
انزیرو-سودزنسک:安熱羅-蘇真斯克
انسبا علاقہ:安塞巴區
انسبا علاقہ:安塞巴地區
انسبورك السطح الذهبي:黄金屋顶
انسخدئے:恩斯赫德
انسخده:恩斯赫德
انسٹ:安斯特島
انشیدے:恩斯赫德
انطاليا:安塔利亚
انطاليا:安塔利亞
انطالیہ:安塔利亚
انطالیہ:安塔利亞
انطاکیہ:安塔基亞
انقره:安卡拉
انقرہ:安卡拉
انقيقمي:恩吉格米
اننابا:安纳巴
اننابا:安纳巴省
اننت ناگ:阿嫩德纳格
اننت پور:安南塔普尔
اننتناگ:阿嫩德纳格
اننتپور:安南塔普尔
انورکلائڈ:因弗克萊德
انوقو ایالتی:埃努古州
اني بولو:伊內博盧
انيدى الغربيه:西恩內迪區
انٹارکٹکا:南极洲
انٹارکٹکا:南极洲/南極洲
انٹارکٹکا:南極洲
انٹاریو:安大略
انٹاناناریوو:Antananarivo
انٹاناناریوو:塔那那利佛
انٹاناناریوو:安塔那那利佛
انٹیلیز اصغر:小安的列斯群岛
انٹیلیز اصغر:細安地列斯群島
انٹیگوا اور باربودا:安地卡及巴布達
انٹیگوا اور باربودا:安提瓜和巴布达
انٹیگوا اور باربودا:安提瓜和巴布達
انٹیگوا اور باربودا:安提瓜巴布達
انٹیگوا تے باربودا:安地卡及巴布達
انٹیگوا تے باربودا:安提瓜和巴布达
انٹیگوا تے باربودا:安提瓜和巴布達
انٹیگوا تے باربودا:安提瓜巴布達
انٹیگوا:安提瓜和
انٹیگوا:安提瓜達
انټارکټيکا:南极洲
انټارکټيکا:南极洲/南極洲
انټارکټيکا:南極洲
انٽاناناريوو:Antananarivo
انٽاناناريوو:塔那那利佛
انٽاناناريوو:安塔那那利佛
انٽورپ:安特卫普
انپینگ:Jinping-si
انپینگ:Ēnpíng Shì
انپینگ:恩平市
انڈمان تہٕ نِکوبار:安达曼-尼科巴群岛
انڈمان تہٕ نِکوبار:安达曼-尼科巴群岛中央直辖区
انڈورا لا ویخا:安道尔城
انڈورا لا ویخا:安道爾城
انڈورا لا ویلا:安道尔城
انڈورا لا ویلا:安道爾城
انڈورا:Āndàoěr
انڈورا:安道尔
انڈورا:安道尔 / 安道爾
انڈورا:安道爾
انڈونیشیا کا سفارت خانہ:印度尼西亚大使馆
انڈونیشیا:印尼
انڈونیشیا:印度尼西亚
انڈونیشیا:印度尼西亚 / 印度尼西亞
انڈونیشیا:印度尼西亞
انڈیانا:印第安納州
انڈیانا:印第安纳州
انڈیاناپولس:印第安納波利斯
انڊورا:Āndàoěr
انڊورا:安道尔
انڊورا:安道尔 / 安道爾
انڊورا:安道爾
انڊونيشيا:印尼
انڊونيشيا:印度尼西亚
انڊونيشيا:印度尼西亚 / 印度尼西亞
انڊونيشيا:印度尼西亞
انکارا:安卡拉
انکاران:安卡兰
انکاران:安卡蘭
انکامپ:恩坎普
انکرمین:因克爾曼
انکرہ:安卡拉
انکوریج:安克拉治
انکوریج:安克雷奇
انګولا:Āngēlā
انګولا:安哥拉
انگارسک:安加尔斯克
انگارسک:安加爾斯克
انگرن:安格连
انگرن:安格連
انگرین:安格連
انگرېن:安格連
انگل ووڈ:英格爾伍德
انگلس:恩格斯
انگلستان:英格兰
انگلستان:英格兰 / 英格蘭
انگلستان:英格蘭
انگلسی:安格尔西岛
انگلووڈ:英格爾伍德
انگوئیلا:安吉拉
انگوئیلا:安圭拉
انگوئیلا:安圭拉 / 安吉拉
انگوجا جنوبی علاقہ:南安古迦區
انگوجا شمالی علاقہ:北安古迦區
انگولا کا سفارت خانہ:安哥拉大使馆
انگولا کے قونصلیٹ جنرل:安哥拉总领事馆
انگولا:Āngēlā
انگولا:安哥拉
انگولہ:Āngēlā
انگولہ:安哥拉
انگیلچک:埃尔切克
انہامبان صوبہ:伊尼扬巴内省
انہوئی:Ānhuī
انہوئی:安徽省
انیدی-مغربی علاقہ:西恩內迪區
انیوا:阿尼瓦
انیگول:伊內格爾
انےبولو:伊內博盧
اهواز:阿瓦士
اوآکا:瓦卡省
اوآگادوگو:烏格都古
اوآگادوگو:瓦加杜古
اوئگے صوبہ:威热省
اوئگے صوبہ:威熱省
اوئیتا:大分市
اوادای علاقہ:瓦達伊區
اواروا:阿瓦魯阿
اواکا:瓦卡省
اواگادوگو:烏格都古
اواگادوگو:瓦加杜古
اوب:奥布省
اوب:鄂畢
اوبا کوی:奥巴柯伊
اوبا کوی:奧巴柯伊
اوبا:烏巴河
اوبا، انطالیہ:奥巴柯伊
اوبا، انطالیہ:奧巴柯伊
اوباقان چایی:乌巴甘河
اوباقان چایی:烏巴甘河
اوبانگی دریا:烏班吉河
اوباکوی:奥巴柯伊
اوباکوی:奧巴柯伊
اوبت هربا سري جاي:光华
اوبدا:乌韦达
اوبر آمرگاو:上阿瑪高
اوبر بائرن:上巴伐利亚行政区
اوبرشلایسهایم:上施莱斯海姆
اوبرشواینباخ:上施韦因巴赫
اوبرن:奥本
اوبرهاخینگ:上哈兴
اوبرهاوزن:奥伯豪森
اوبلاست Kharkiv:哈爾科夫地州
اوبلیای:奧貝利艾
اوبنی:欧巴涅
اوبنینسک:奥布宁斯克
اوبنینسک:奧布寧斯克
اوبوخيف:奧布希夫
اوبورخانغای اوستانی:前杭愛
اوبورخانغای اوستانی:前杭愛省
اوبورخانغای اوستانی:前杭爱省
اوبونگ:梧凤里
اوبونگ:梧鳳里
اوبوکیف:奧布希夫
اوبویان:奧博揚
اوت ماتسیاترا:上馬齊亞特拉區
اوت پیرنه:上比利牛斯省
اوت-گارون:上加龙省
اوتآوآ:渥太华
اوتآوآ:渥太華
اوتارادیت صوبہ:程逸府
اوتاوا:渥太华
اوتاوا:渥太華
اوتجوزوندجوپا علاقہ:奥乔宗朱帕区
اوتغون:鄂勒冈苏木
اوتنا:乌田纳
اوتوا:烏特瓦河
اوتوبرون:奥托布伦
اوتھائی تھانی صوبہ:烏泰他尼府
اوتی:miào'ěrgōu zhèn
اوتی:庙尔沟镇
اوتینا کاؤنٹی:乌泰纳县
اوتینا:乌田纳
اوتینگ:阿默湖畔乌廷
اوجاندا:Wūgāndá
اوجاندا:乌干达
اوجاندا:乌干达 / 烏干達
اوجاندا:烏干達
اوجمه:yùmài zhèn
اوجمه:玉麥鎮
اوجمه:玉麦镇
اوخانسک:奧漢斯克
اوختا:乌赫塔
اودامسائے صوبہ:乌多姆塞省
اودامپور:乌坦布尔
اوداوارا، کاناگاوا:小田原市
اوداچنی:乌达奇内
اودسا:敖得薩
اودسا:敖德萨
اودسا:敖德薩
اودلتسهاوزن:奥德尔茨豪森
اوده‌میش:厄代米什
اودوملیا:烏多姆利亞
اودون تھانی صوبہ:乌隆府
اودون تھانی صوبہ:烏隆府
اوديسا:敖德萨
اوديسا:敖德薩
اودھم پور:乌坦布尔
اودیسا اوبلاست:敖得薩洲
اودیسا اوبلاست:敖德萨州
اودیسا:敖得薩
اودیسا:敖德萨
اودیسا:敖德薩
اودیمیش:厄代米什
اودینتسوفو:奧金佐沃
اودینه:烏迪內
اور-ا-لوآر:厄尔-卢瓦尔省
اور:奧爾河
اورئاندا:奧列安達
اورائی:奥莱伊
اوراسوئه:浦添市
اوراسیا بازاری:欧亚市场
اوراكي/جبل كوك:庫克山
اورال:乌拉尔
اورال:乌拉尔河
اورال:烏拉
اورال:烏拉河
اورال:烏拉爾
اورانگ:五郞里
اورایی:奥莱伊
اوربرو:厄勒布鲁
اورت:埃弗里特
اورتا جینیشکه‌سو:​井什克苏中村
اورتاجا:奧爾塔賈
اورتاجه:奧爾塔賈
اورحانلی:奧爾漢埃利
اورخان غازی:奧爾漢加濟
اورخان‌ایلی:奧爾漢埃利
اورخوفو-زویفو:奧列霍沃-祖耶沃
اورخون:鄂尔汗苏木
اورخون:鄂尔浑苏木
اورخون‌تول:鄂尔浑图勒苏木
اورخوو:核桃站
اورخووو:核桃站
اوردو:奧爾杜
اوردوس شہر:鄂尔多斯市
اوردوس شہر:鄂爾多斯市
اوردوس:鄂尔多斯市
اوردوس:鄂爾多斯市
اوردوما:乌尔多马
اوردون:Yuēdàn
اوردون:約旦
اوردون:约旦
اوردون:约旦 / 約旦
اورسک:奥尔斯克
اورسک:奧爾斯克
اورشا:奥尔沙
اورشلیم:耶路撒冷
اورشولیت:wūxuětè xiāng
اورشولیت:乌雪特乡
اورغامال:乌尔嘎马勒苏木
اورلندو:奥兰多
اورلندو:奧蘭多
اورلندو، فلوریدا:奥兰多
اورلندو، فلوریدا:奧蘭多
اورلینڈو:奥兰多
اورلینڈو:奧蘭多
اورلینڈو، فلوریڈا:奥兰多
اورلینڈو، فلوریڈا:奧蘭多
اورن:烏連
اورنبرگ:奧倫堡
اورنبورگ:奧倫堡
اورنج لائن:拉合爾地鐵橘線
اورنج واک:橘园区
اورنج کاؤنٹی، فلوریڈا:橘郡
اورنج کاؤنٹی، فلوریڈا:橙县
اورنج کاؤنٹی، فلوریڈا:橙縣
اورنجسٹیڈ:奧拉涅斯塔德
اورهان غازي:奧爾漢加濟
اوره‌ئاندا:奧列安達
اوروجواى:乌拉圭
اوروجواى:乌拉圭 / 烏拉圭
اوروجواى:烏拉圭
اوروس-مارتان:烏魯斯-馬爾坦
اوروما:宇流麻市
اوروميا:奧羅米亞州
اورومچی:Wūlǔmùqí Shì
اورومچی:乌鲁木齐
اورومچی:乌鲁木齐市
اورومچی:烏魯木齊市
اورومچیلیک:葡萄鎮
اورومچیلیک:葡萄镇
اورومیا علاقہ:奧羅米亞州
اوروک:烏魯克
اوريول:奥廖尔
اوريول:奧廖爾
اورڈو:奧爾杜
اورکني:奥克尼
اورکنی:奥克尼
اورگن:俄勒冈州
اورگن:俄勒冈州/俄勒岡州
اورگن:俄勒岡州
اورگوت:乌尔古特
اورگون:额尔根苏木
اورگوپ:于尔居普
اوریاندا:奧列安達
اوریبرو کاؤنٹی:厄勒布鲁省
اوریبرو:厄勒布鲁
اوریخیف:奥里希夫
اورینبرګ:奧倫堡
اورینج کاؤنٹی، فلوریڈا:橘郡
اورینج کاؤنٹی، فلوریڈا:橙县
اورینج کاؤنٹی، فلوریڈا:橙縣
اورین‌قای:乌伦海喀
اوریول:奥廖尔
اوریول:奧廖爾
اوریوپینسک:烏留平斯克
اوریگون:俄勒冈州
اوریگون:俄勒冈州/俄勒岡州
اوریگون:俄勒岡州
اوزالپ:厄扎爾普
اوزايورسك:奧焦爾斯克
اوزبيكيستان:Wūzībiékèsītǎn
اوزبيكيستان:乌兹别克斯坦
اوزبيكيستان:乌兹别克斯坦 / 烏茲別克
اوزبيكيستان:月即別
اوزبيكيستان:烏茲別克
اوزبکستان:Wūzībiékèsītǎn
اوزبکستان:乌兹别克斯坦
اوزبکستان:乌兹别克斯坦 / 烏茲別克
اوزبکستان:月即別
اوزبکستان:烏茲別克
اوزبکستون:乌兹别克斯坦
اوزبکستون:月即別
اوزبکستون:烏茲別克
اوزدمیر بایراکتار بیلیم مرکزی و گؤک اویی:奥兹德米尔·拜拉克塔尔科学中心与天文馆
اوزلووایا:烏茲洛瓦亞
اوزو، إهيمه:大洲市
اوزود آبشار:橄欖樹瀑布
اوزود چھمبر:橄欖樹瀑布
اوزونکوپرو:烏尊克普呂
اوزون‌آغاچ:乌祖纳加奇
اوزون‌بلاغ:wūzūnbùlākè zhèn
اوزون‌بلاغ:乌尊布拉克镇
اوزون‌کوپرو:烏尊克普呂
اوزکند:乌兹根
اوزیؤرسک:奧焦爾斯克
اوزیرسک:奧焦爾斯克
اوزین:烏津
اوزیورزک، روسیه:奧焦爾斯克
اوزیورسک:奧焦爾斯克
اوزیوری:奧焦雷
اوسا:奧薩
اوساکا:大阪市
اوساڪا:大阪市
اوست-ایلیمسک:乌斯特伊利姆斯克
اوست-تسیلما:乌斯季齐利马
اوست-خاتاف:烏斯季-卡塔夫
اوست-دژگوتا:烏斯季傑古塔
اوست-لابینسک:烏斯季-拉賓斯克
اوست-کوت:乌斯季库特
اوستاشکوف:奧斯塔什科夫
اوستراليا:澳大利亚
اوستراليا:澳大利亚 / 澳洲
اوستراليا:澳大利亞洲
اوستراليا:澳洲
اوستراوا:俄斯特拉发
اوسترشوند:厄斯特松德
اوستروف:奧斯特羅夫
اوستروه:奧斯特羅赫
اوستروونکا:奧斯特羅文卡
اوستروگوژسک:奧斯特羅戈日斯克
اوستریوتلاند کاؤنٹی:东约特兰省
اوستون آرتیچ شهرچه سی:shàng'ātúshí zhèn
اوستون آرتیچ شهرچه سی:上阿图什镇
اوستون آرتیچ شهرچه سی:上阿圖什鎮
اوستون آرتیچ:shàng'ātúshí zhèn
اوستون آرتیچ:上阿图什镇
اوستون آرتیچ:上阿圖什鎮
اوستيا:烏斯季亞河
اوستی ناد لابم:拉貝河畔烏斯季
اوستی ناد لابم:拉贝河畔乌斯季
اوستی ناد لاہم:拉貝河畔烏斯季
اوستی ناد لاہم:拉贝河畔乌斯季
اوستیای جنوبی:南奥塞梯
اوستیای جنوبی:南奧塞梯
اوستیای شمالی-آلانیا:北奥塞梯—阿兰共和国
اوستیای شمالی-آلانیا:北奧塞梯—阿蘭
اوستیای شمالی-آلانیا:北奧塞梯—阿蘭共和國
اوستیلوه:乌斯特卢赫
اوستیوژنا:烏斯秋日納
اوسلو:奥斯陆
اوسلو:奧斯陸
اوسمان:烏斯曼
اوسوایا:乌斯怀亚
اوسوایا:乌斯怀亚 / 烏蘇懷亞
اوسوایا:烏蘇懷亞
اوسورییسک:双城子
اوسورییسک:雙城子
اوسوقورزک:乌索戈尔斯克
اوسولیه-سیبیرسکویه:西伯利亚地区乌索利耶
اوسولیه:乌索利耶
اوسون ایالتی:奥孙州
اوسون ریاست:奥孙州
اوسيتيا الجنوبيه:南奥塞梯
اوسيتيا الجنوبيه:南奧塞梯
اوسٹینڈے:奥斯坦德
اوسٹینڈے:奧斯坦德
اوسکمن:厄斯克门
اوسکو:奧斯庫
اوسکیمن:厄斯克门
اوسیئک:奥西耶克
اوسیئک:奧西耶克
اوسینسک:烏辛斯克
اوسییک:奥西耶克
اوسییک:奧西耶克
اوش ولایت:奥什州
اوش:奥什
اوش:奧什
اوشانا علاقہ:奥沙纳区
اوشيئن:波斯语
اوشیکوتو علاقہ:奥希科托区
اوغانستان:Āfùhàn
اوغانستان:阿富汗
اوغتال‌چایدام:乌格塔尔采达姆苏木
اوغوساق:wúkùsàkè zhèn
اوغوساق:吾库萨克镇
اوغوساق:吾庫薩克鎮
اوف:奧夫
اوفا:乌法
اوفا:烏法
اوفالے:奧法利郡
اوفس اوستانی:乌布苏省
اوفس اوستانی:烏布蘇
اوفس اوستانی:烏布蘇省
اوفنبورگ:奥芬堡
اوقروت ضلع:奥格鲁特区
اوقروت:奥格鲁特
اوقسالور:wúhéshālǔ xiāng
اوقسالور:吾合沙魯鄉
اوقسالور:吾合沙鲁乡
اوقون ایالتی:奥贡州
اوكرانيا:Wūkèlán
اوكرانيا:乌克兰
اوكرانيا:乌克兰/烏克蘭
اوكرانيا:烏克蘭
اوكسفورد:牛津
اولاد جلال:奥拉德杰拉勒
اولاد يعيش:奧拉德艾舍
اولاد یعیش:奧拉德艾舍
اولان باتور:Wū lán bā tuō
اولان باتور:乌兰巴托
اولان باتور:乌兰巴托市
اولان باتور:烏蘭巴托
اولان باتور:烏蘭巴托市
اولان هوت:Wūlánhàotè Shì
اولان هوت:乌兰浩特市
اولان هوت:烏蘭浩特市
اولان ہوت:Wūlánhàotè Shì
اولان ہوت:乌兰浩特市
اولان ہوت:烏蘭浩特市
اولان-اودے:乌兰乌德
اولان-اودے:烏蘭烏德
اولانباتار:Wū lán bā tuō
اولانباتار:乌兰巴托
اولانباتار:烏蘭巴托
اولانچاب:Wūlánchábù Shì
اولانچاب:乌兰察布市
اولانچاب:烏蘭察布市
اولان‌ باتور:Wū lán bā tuō
اولان‌ باتور:乌兰巴托
اولان‌ باتور:乌兰巴托市
اولان‌ باتور:烏蘭巴托
اولان‌ باتور:烏蘭巴托市
اولان‌اوده:乌兰乌德
اولان‌اوده:烏蘭烏德
اولان‌باتور:Wū lán bā tuō
اولان‌باتور:乌兰巴托
اولان‌باتور:乌兰巴托市
اولان‌باتور:烏蘭巴托
اولان‌باتور:烏蘭巴托市
اولان‌بادراخ:乌兰巴德拉赫苏木
اولان‌غوم:乌兰固木
اولان‌غوم:烏蘭固木
اولبا:烏利巴河
اولتسینی:乌尔齐尼
اولتسینی:烏爾齊尼
اولتو:奧爾圖
اولجیت:沃勒吉特苏木
اولجیت:鄂勒济特县
اولجیت:鄂勒济特苏木
اولجیت:额勒济特苏木
اولدنبورق:奥尔登堡
اولسان:蔚山
اولسان:蔚山广域市
اولسان:蔚山廣域市
اولشکی:奧萊什基
اولشینگ:奥尔兴
اولفسک:奥列夫斯克
اولفسک:奧列夫斯克
اولمپیا:奧林匹亞
اولنگورسک:奧列涅戈爾斯克
اولو دنیز:死海
اولو:奧盧
اولوبورلو:烏盧博爾盧
اولودره:烏盧代雷
اولودرے:烏盧代雷
اولودنیز:歐魯旦尼斯
اولوغچات:Wūqià Xiàn
اولوغچات:乌恰县
اولوغچات:烏恰縣
اولونتس:奧洛涅茨
اولونگاپو:奧隆阿波
اولوکمینسک:奥廖克明斯克
اولوکیشلا:烏盧克什拉
اوليانوسک:乌里扬诺夫斯克
اوليانوسک:烏里揚諾夫斯克
اولُو:奧盧
اولڈینبرگ:奥尔登堡
اولکساندریا:亞歷山德里亞
اولگِی:乌列盖
اولگِی:烏列蓋
اولگِی:阿尔泰苏木
اولگین:奧爾金
اولیاستای:乌里雅苏台
اولیاستای:烏里雅蘇臺
اولیانوفسک:乌里扬诺夫斯克
اولیانوفسک:烏里揚諾夫斯克
اولیانووسک:乌里扬诺夫斯克
اولیانووسک:烏里揚諾夫斯克
اولیوکمینسک:奥廖克明斯克
اولیگورسک:乌格列戈尔斯克
اومئو:于默奧
اوما:奧馬
اومادا:乌马达
اومادا:烏馬達
اومان:Āmàn
اومان:阿曼
اوماه:奧馬
اوماگ:乌马格
اوماگ:奧馬
اوماگ:烏馬格
اوماہیکے علاقہ:奥马海凯区
اومبلامپوکو:翁貝拉-姆波科省
اومبیلا-مپوکو:翁貝拉-姆波科省
اومسک:鄂木斯克
اومنودِلگِر:鄂嫩德勒格苏木
اومنوغوبی اوستانی:南戈壁
اومنوغوبی اوستانی:南戈壁省
اومنوغوبی:南戈壁省
اومنوغوبی:南戈壁苏木
اومنوگوبی صوبہ:南戈壁
اومنوگوبی صوبہ:南戈壁省
اومه، توکیو:青梅市
اوموتنینسک:奧穆特寧斯克
اوموساتی علاقہ:奥穆萨蒂区
اومولون:奧莫隆河
اومیش:奥米什
اومیش:奧米什
اومین:幽明市鎮
اومین:幽明市镇
اومیو:于默奧
اون بسر:阿旺柏沙
اونترفورینگ:温特弗灵
اونترهاخینگ:安達赫治
اوندو ایالتی:翁多州
اوندو ریاست:翁多州
اوندوراُولان:温都尔乌兰苏木
اوندورخانغای:温都杭爱苏木
اوندورشیریت:温都尔希日额特苏木
اوندورشیل:温都尔希勒苏木
اوندوکوزمایس:多庫茲馬耶斯
اونغون:翁贡苏木
اونهونگ:云兴邑
اونهونگ:雲興邑
اونوف:烏格尼夫
اونيۏرسيتي تيكنولوڬي مارا شاه عالم:玛拉工艺大学莎亚南校区
اونيۏرسيتي تيكنولوڬي مارا شاه عالم:瑪拉工藝大學莎亞南校區
اونيۏرسيتي كبڠسأن مليسيا:馬來西亞國立大學
اونيۏرسيتي كبڠسأن مليسيا:马来西亚国立大学
اونيۏرسيتي ملايا:馬來亞大學
اونيۏرسيتي ملايا:马来亚大学
اونيۏرسيتي:大学
اونيۏرسيتي:大學
اونچا:烏涅恰
اونژا:溫扎河
اونگ ہوا ضلع:应和县
اونگ ہوا ضلع:應和縣
اونگجونگ:瓮亭里
اونگل:奥恩戈莱
اونگنی:溫格內
اونگنیود:翁牛特旗
اونگینی ضلع:温格内区
اونگینی:溫格內
اونگ‌تو:翁苏
اونگ‌چین:翁郑
اونی:奧尼
اونیه:云耶
اونیے:云耶
اوهام-پنده:瓦姆-彭代省
اوهام:瓦姆省
اوهایو:俄亥俄州
اوو مؤن ضلع:乌门郡
اوو مؤن ضلع:烏門郡
اوورای:烏拉伊
اوورخانگائی صوبہ:前杭愛
اوورخانگائی صوبہ:前杭愛省
اوورخانگائی صوبہ:前杭爱省
اوورنی-رون-آلپ:奥弗涅-罗讷-阿尔卑斯
اوورنی-رون-آلپ:奧弗涅-隆-阿爾卑斯
اووروچ:奧夫魯奇
اووری:奧韋里
اوویری:奧韋里
اوویغنئے-غون-آلپ:奥弗涅-罗讷-阿尔卑斯
اوویغنئے-غون-آلپ:奧弗涅-隆-阿爾卑斯
اويرى:奧韋里
اوُتی شهرچه‌سی:miào'ěrgōu zhèn
اوُتی شهرچه‌سی:庙尔沟镇
اوُتی:miào'ěrgōu zhèn
اوُتی:庙尔沟镇
اوُرگوُت:乌尔古特
اوُلوداغ اوستانی:乌勒套州
اوُلوغچات شهرچهسی:乌恰镇
اوُلوغچات شهرچهسی:烏恰鎮
اوُلوغچات شهرچه‌سی:乌恰镇
اوُلوغچات شهریستانی:Wūqià Xiàn
اوُلوغچات شهریستانی:乌恰县
اوُلوغچات شهریستانی:烏恰縣
اوُلیٛ‌داغ ولایاتیٛ:乌勒套州
اوُچ‌قوُدوُق:于其杜库克
اوْرتا آفریقا جومهوریتی:Zhōng Fēi
اوْرتا آفریقا جومهوریتی:中非
اوْرتا آفریقا جومهوریتی:中非共和國
اوْش ویلایتی:奥什州
اوْغوساق شهرچه‌سی:wúkùsàkè zhèn
اوْغوساق شهرچه‌سی:吾库萨克镇
اوْغوساق شهرچه‌سی:吾庫薩克鎮
اوْغوساق:wúkùsàkè zhèn
اوْغوساق:吾库萨克镇
اوْغوساق:吾庫薩克鎮
اوْقسالور قصبه‌سی:wúhéshālǔ xiāng
اوْقسالور قصبه‌سی:吾合沙魯鄉
اوْقسالور قصبه‌سی:吾合沙鲁乡
اوْقسالور:wúhéshālǔ xiāng
اوْقسالور:吾合沙魯鄉
اوْقسالور:吾合沙鲁乡
اوْلوغچات:Wūqià Xiàn
اوْلوغچات:乌恰县
اوْلوغچات:烏恰縣
اوْپال شهرچه‌سی:wūpà'ěr zhèn
اوْپال شهرچه‌سی:乌帕尔镇
اوْپال شهرچه‌سی:烏帕爾鎮
اوْپال:wūpà'ěr zhèn
اوْپال:乌帕尔镇
اوْپال:烏帕爾鎮
اوْی‌داغ شهرچه‌سی:àoyītǎkè zhèn
اوْی‌داغ شهرچه‌سی:奥依塔克镇
اوْی‌داغ شهرچه‌سی:奧依塔克鎮
اوْی‌داغ:àoyītǎkè zhèn
اوْی‌داغ:奥依塔克镇
اوْی‌داغ:奧依塔克鎮
اوٚجمه شهرچه‌سی:yùmài zhèn
اوٚجمه شهرچه‌سی:玉麥鎮
اوٚجمه شهرچه‌سی:玉麦镇
اوٚجمه:yùmài zhèn
اوٚجمه:玉麥鎮
اوٚجمه:玉麦镇
اوٚستون آرتیش شهرچه‌سی:shàng'ātúshí zhèn
اوٚستون آرتیش شهرچه‌سی:上阿图什镇
اوٚستون آرتیش شهرچه‌سی:上阿圖什鎮
اوٚستون آرتیش:shàng'ātúshí zhèn
اوٚستون آرتیش:上阿图什镇
اوٚستون آرتیش:上阿圖什鎮
اوٚستوٚن آرتوُش شأهرچه‌سی:shàng'ātúshí zhèn
اوٚستوٚن آرتوُش شأهرچه‌سی:上阿图什镇
اوٚستوٚن آرتوُش شأهرچه‌سی:上阿圖什鎮
اوٚستوٚن آرتوُش:shàng'ātúshí zhèn
اوٚستوٚن آرتوُش:上阿图什镇
اوٚستوٚن آرتوُش:上阿圖什鎮
اوٹاوا:渥太华
اوٹاوا:渥太華
اوٽاوا:渥太华
اوٽاوا:渥太華
اوپاتيجا:奥帕提雅
اوپاتيجا:奥帕蒂亚
اوپال:wūpà'ěr zhèn
اوپال:乌帕尔镇
اوپال:烏帕爾鎮
اوپسالا:乌普萨拉
اوپلن ویووده‌لیغی:奧波萊省
اوپن یونیورسٹی:開放大學
اوپوله اوستانی:奥波莱省
اوپوله اوستانی:奧波萊省
اوپوله ویوودالیغی:奧波萊省
اوپوله:奥波莱
اوپولے صوبہ:奥波莱省
اوپولے صوبہ:奧波萊省
اوپوچکا:奧波奇卡
اوڀر تيمور:东帝汶
اوڀر تيمور:东帝汶 / 東帝汶
اوڀر تيمور:東帝汶
اوچالي:烏恰雷
اوچالی:烏恰雷
اوچاکیف:奧恰基夫
اوچیار:奧喬爾
اوچ‌آرال:乌沙拉尔
اوچ‌قدوق:于其杜库克
اوچ‌کاردش:Üçkardeş
اوڈین:烏迪內
اوڈینس:欧登塞
اوژ چایی:乌日河
اوژرلیه:奧熱列利耶
اوژهورود:乌日霍罗德
اوژهورود:烏日霍羅德
اوژیتسه:乌兹采
اوژیتسه:烏齊採
اوک:玉里
اوکتیابر تومنی:十月区
اوکتیابرایسکای:十月鎮
اوکتیابرسک:十月城
اوکتیابرسک:十月村
اوکتیابرسکی:十月鎮
اوکتیابرسکیی:十月鎮
اوکرائینسک:烏克蘭斯克
اوکرائینکا:烏克蘭卡
اوکراین:Wūkèlán
اوکراین:乌克兰
اوکراین:乌克兰/烏克蘭
اوکراین:烏克蘭
اوکسفرڈشائر:牛津郡
اوکلاهوما سیتی:俄克拉何馬城
اوکلاهوما سیتی:俄克拉何马城
اوکلاهوما سیتی:奧克拉荷馬城
اوکلاهوما سیتی:奧克拉荷馬市
اوکلاهوما:俄克拉何馬州
اوکلاهوما:俄克拉何马州
اوکلاهوما:奧克拉荷馬州
اوکلاہوما شہر:俄克拉何馬城
اوکلاہوما شہر:俄克拉何马城
اوکلاہوما شہر:奧克拉荷馬城
اوکلاہوما شہر:奧克拉荷馬市
اوکلاہوما:俄克拉何馬州
اوکلاہوما:俄克拉何马州
اوکلاہوما:奧克拉荷馬州
اوکلند:奥克兰
اوکلند:奧克蘭
اوکلند:屋崙
اوکلند، کالیفرنیا:奥克兰
اوکلند، کالیفرنیا:奧克蘭
اوکلند، کالیفرنیا:屋崙
اوکلنډ:奥克兰
اوکلینڈ:奥克兰
اوکلینڈ:奧克蘭
اوکلینڈ:屋崙
اوکلینڈ، کیلیفورنیا:奥克兰
اوکلینڈ، کیلیفورنیا:奧克蘭
اوکلینڈ، کیلیفورنیا:屋崙
اوکنیتسا ضلع:奧克尼察區
اوکوس:歐庫西區
اوکولوفکا:奧庫洛夫卡
اوکیتانی:奥克西塔尼大区
اوکیتانی:奧克西塔尼大區
اوک‌ائو:澳蓋市鎮
اوګولين:奥古林
اوګولين:奧古林
اوگاندا:Wūgāndá
اوگاندا:乌干达
اوگاندا:乌干达 / 烏干達
اوگاندا:烏干達
اوگانستان:Āfùhàn
اوگانستان:阿富汗
اوگاڈوگو:烏格都古
اوگاڈوگو:瓦加杜古
اوگره:奧格雷
اوگروت:乌尔古特
اوگسبورگ:奥格斯堡
اوگسبورگ:奧格斯堡
اوگلگورسک:乌格列戈尔斯克
اوگوئی اویندو صوبہ:奥果韦-伊温多省
اوگوئی اویندو صوبہ:奧果韋-伊溫多省
اوگوئی لولو صوبہ:奥果韦-洛洛省
اوگوئی لولو صوبہ:奧果韋-洛洛省
اوگون ریاست:奥贡州
اوگِی‌نور:额吉淖尔苏木
اوگی:小城市
اوگی، ساگا:小城市
اوگیه:梧溪里
اوہائیو:俄亥俄州
اوہام-پاندے:瓦姆-彭代省
اوہام:瓦姆省
اوہانگوینا علاقہ:奧漢圭納區
اوی:烏伊河
اویار:烏亞爾
اویانغا:乌扬嘎苏木
اویغور تومنی:維吾爾區
اویو ایالتی:奥约州
اویو ریاست:奥约州
اویو علاقہ:奧約區
اویکوسی:歐庫西區
اویی:于伊
اوی‌تاغ:àoyītǎkè zhèn
اوی‌تاغ:奥依塔克镇
اوی‌تاغ:奧依塔克鎮
ايا صوفيا:阿亚索菲亚
ايا صوفيا:阿亚索菲亚 / 阿亞索菲亞
ايا صوفيا:阿亞索菲亞
اياق ابدىرا:​阿亚克阿不都拉村
اياق سوزۇۇ:阿亚克苏扎克村
اياق سۇۇعۇن:阿亚克苏洪村
اياق شوعۇز:阿亚格肖古孜村
اياق كوجەباي:阿亚克库吉拜村
اياق پاحتاكلا:阿亚格帕合太克里村
اياقسۇعۇن:阿亚克苏洪村
اياققى  تەتىر:​阿亚克铁提尔村
اياققى  سارى اتا:阿亚克色日克阿塔村
اياققى اشىلى:​下阿西尔村
اياققى جالعىزاعاش:下一棵树村
اياققى سور:阿亚格肖尔村
اياققى سۇزاق:阿亚克苏扎克村
اياققى شاراك:阿亚克恰热克村
اياققى كاپا:​阿亚格喀帕村
اياققى كۇپسىڭى:阿亚格库普色额村
اياققى پاقتاكلا:阿亚格帕合太克里村
اياققى ھاسا ارىق:阿亚克阿萨艾日克村
اياقليوشىڭ:​阿亚克六升村
ايبرڊين:阿伯丁
ايبرڊين:鴨巴甸
ايبټ اباد:阿博塔巴德
ايبٽ آباد:阿博塔巴德
ايبک:萨曼甘
ايبک:萨曼甘/薩曼甘
ايبک:薩曼甘
ايبۇلاق:阿依布拉克社区
ايتاناجار:巴查
ايتشو:Èzhōu Shì
ايتشو:鄂州
ايتشو:鄂州市
ايدارتال:艾达尔塔勒村
ايدارۇيەك:​阿依达尔乌英克村
اير.دي.أف. ووداجمال:迪•弗•伍达蒸汽泵站
ايران:Yīlǎng
ايران:伊朗
ايرلاندا الشماليه:北愛爾蘭
ايرلاندا الشماليه:北爱尔兰
ايرلاندا الشماليه:北爱尔兰 / 北愛爾蘭
ايرلاندا:Àiěrlán
ايرلاندا:愛爾蘭
ايرلاندا:爱尔兰
ايريمينتاو:叶里门多
ايزبورسك:伊茲博斯克
ايستبورن:伊斯特本
ايستبورن:義本
ايستن ريستوران:东方茶餐室
ايسراییل:Yǐsèliè
ايسراییل:以色列
ايسل اوف بوت:比特島
ايسلاندا:Bīngdǎo
ايسلاندا:冰岛
ايسلاندا:冰岛 / 冰島
ايسلاندا:冰島
ايسلاى:艾拉島
ايسيك كول أوبلاستي:伊塞克湖州
ايشيكاوا تشيبا:市川市
ايطاليا:意大利
ايطاليا:義大利
ايعارت:阿依尕尔特村
ايكاوا:愛川町
ايكاوا:爱川町
ايلام (محافظه):伊拉姆省
ايلام ولايت:伊拉姆省
ايلام ٚ اۊستان:伊拉姆省
ايلبقرقي:阿尔伯克基
ايلبقرقي:阿布奎基
ايلبقرقي:阿爾伯克基
ايماقتىق توقوي چارباسى مايدانى:克孜勒苏自治州林场
ايمباباني:姆巴巴內
ايمبي:燕美
ايمسٽرڊيم:阿姆斯特丹
اينا اۋىلى:āyīnà xiāng
اينا اۋىلى:阿伊纳乡
اينابۇلاق:镜泉社区
اينجامينا:恩賈梅納
اينستيتوت جرمان-مليسيا:德国马来西亚学院
اينستيتوت جرمان-مليسيا:德國馬來西亞學院
اينلانه:内陆郡
اينىقكەكىر:阿依尼克喀克尔村
اينيلشيك:埃尔切克
اينٽيگا:安提瓜和
اينٽيگا:安提瓜達
اينگل‌وۊد:英格爾伍德
ايوانوف:伊万诺沃
ايوانوف:伊萬諾沃
ايىلى:biāo'ěrtuōkuòyī xiāng
ايىلى:āwǎtí xiāng
ايىلى:膘尔托阔依乡
ايىلى:膘爾托闊依鄉
ايىلى:阿瓦提乡
ايىلى:阿瓦提鄉
ايڊنبرا:Àidīngbǎo
ايڊنبرا:愛丁堡
ايڊنبرا:爱丁堡
اَبُجا:阿布贾
اَرمانِیا:Yàměiníyà
اَرمانِیا:亚美尼亚
اَرمانِیا:亚美尼亚 / 亞美尼亞
اَرمانِیا:亞美尼亞
اَفریٖقہ:非洲
اَفغانَستان:Āfùhàn
اَفغانَستان:阿富汗
اَلجَزاییر:Āěrjílìyà
اَلجَزاییر:阿尔及利亚
اَلجَزاییر:阿尔及利亚 / 阿爾及利亞
اَلجَزاییر:阿爾及利亞
اَیوٕری کوسٹ:Kētèdíwǎ
اَیوٕری کوسٹ:科特迪瓦
اَیوٕری کوسٹ:科特迪瓦 / 象牙海岸
اَیوٕری کوسٹ:象牙海岸
اَیَرلینٛڑ:Àiěrlán
اَیَرلینٛڑ:愛爾蘭
اَیَرلینٛڑ:愛爾蘭共和國
اَیَرلینٛڑ:爱尔兰
اَیَرلینٛڑ:爱尔兰 / 愛爾蘭
اَیِسلینٛڑ:Bīngdǎo
اَیِسلینٛڑ:冰岛
اَیِسلینٛڑ:冰島
اُزبِکِستان:Wūzībiékèsītǎn
اُزبِکِستان:乌兹别克斯坦
اُزبِکِستان:乌兹别克斯坦 / 烏茲別克
اُزبِکِستان:月即別
اُزبِکِستان:烏茲別克
اُولان‌اُول:乌兰乌拉苏木
اُول‌بایان:乌拉巴彦苏木
اُویِنچ:乌音奇苏木
اِتھوپِیا:Āisàiébǐyà
اِتھوپِیا:埃塞俄比亚
اِتھوپِیا:埃塞俄比亚 / 衣索比亞
اِتھوپِیا:埃塞俄比亞
اِتھوپِیا:衣索比亞
اِردِنه:额尔德尼苏木
اِردِنه‌بورِن:额尔德讷布仁苏木
اِردِنه‌بولغان:额尔德尼布拉格苏木
اِردِنه‌دالای:额尔德尼达赖苏木
اِردِنه‌سانت:额尔德尼桑特苏木
اِردِنه‌ماندال:额尔德尼曼达勒苏木
اِردِنه‌چاغان:额尔德尼查干苏木
اِردِنه‌چوغت:额尔德尼措格特苏木
اِردِنه‌‌خایرخان:额尔德尼海尔汗苏木
اِردِنِت:額爾登特
اِردِنِت:额尔登特
اِستانبُل:伊斯坦堡
اِستانبُل:伊斯坦布尔
اِستانبُل:伊斯坦布尔 / 伊斯坦堡
اِسرایٖل:Yǐsèliè
اِسرایٖل:以色列
اِسلام آبادٖ:伊斯兰堡
اِسلام آبادٖ:伊斯蘭堡
اِٹلی:Yìdàlì
اِٹلی:意大利
اِٹلی:意大利 / 義大利
اِٹلی:義大利
اِڈِرنَہ:埃迪爾內
اِکواڑور:厄瓜多
اِکواڑور:厄瓜多尔
اِکواڑور:厄瓜多尔 / 厄瓜多
اِکواڑور:厄瓜多爾
اِکوِٹورِیَل گِنی:Chìdào Jīnèiyà
اِکوِٹورِیَل گِنی:赤道几内亚
اِکوِٹورِیَل گِنی:赤道几内亚 / 赤道幾內亞
اِکوِٹورِیَل گِنی:赤道幾內亞
اِکوِٹورِیَل گِنی:赤道畿內亞
اْسلام آباد:伊斯兰堡
اْسلام آباد:伊斯蘭堡
اْمارٱتؽا یٱکاگیر کرداٛ عرۉیی:Ālābó Liánhé Qiúchángguó
اْمارٱتؽا یٱکاگیر کرداٛ عرۉیی:阿拉伯联合酋长国
اْمارٱتؽا یٱکاگیر کرداٛ عرۉیی:阿拉伯联合酋长国 / 阿拉伯聯合大公國
اْمارٱتؽا یٱکاگیر کرداٛ عرۉیی:阿拉伯聯合大公國
اْمارٱتؽا یٱکاگیر کرداٛ عرۉیی:阿拉伯聯合酋長國
اٮ۪ل سَلواڑور:萨尔瓦多
اٮ۪ل سَلواڑور:萨尔瓦多 / 薩爾瓦多
اٮ۪ل سَلواڑور:薩爾瓦多
اٮ۪لبانِیا:Āěrbāníyà
اٮ۪لبانِیا:阿尔巴尼亚
اٮ۪لبانِیا:阿尔巴尼亚 / 阿爾巴尼亞
اٮ۪لبانِیا:阿爾巴尼亞
اٮ۪لجیرِیا:Āěrjílìyà
اٮ۪لجیرِیا:阿尔及利亚
اٮ۪لجیرِیا:阿尔及利亚 / 阿爾及利亞
اٮ۪لجیرِیا:阿爾及利亞
اٮ۪نٹِگُوا تہٕ باربوڑا:安地卡及巴布達
اٮ۪نٹِگُوا تہٕ باربوڑا:安提瓜和巴布达
اٮ۪نٹِگُوا تہٕ باربوڑا:安提瓜和巴布達
اٮ۪نٹِگُوا تہٕ باربوڑا:安提瓜巴布達
اٮ۪نٹِگُوا:安提瓜
اٮ۪نٹِگُوا:安提瓜和
اٮ۪نٹِگُوا:安提瓜達
اٮ۪نڑورا:Āndàoěr
اٮ۪نڑورا:安道尔
اٮ۪نڑورا:安道尔 / 安道爾
اٮ۪نڑورا:安道爾
اٹاوہ:渥太华
اٹاوہ:渥太華
اٹلانٹا، جارجیا:亚特兰大
اٹلانٹا، جارجیا:亞特蘭大
اٹلانٹک محکمہ:大西洋省
اٹلی - سان مرینو:意大利 - 圣马力诺
اٹلی - سان مرینو:義大利 - 聖馬力諾
اٹلی کا اعزازی قونصل خانہ:意大利名誉领事馆
اٹلی کا سفارت خانہ:意大利大使馆
اٹلی کا قونصل خانہ:意大利领事馆
اٹلی ۔ ویٹیکن سٹی:意大利-梵蒂冈
اٹلی ۔ ویٹیکن سٹی:意大利-梵蒂岡
اٹلی ۔ ویٹیکن سٹی:義大利-梵蒂岡
اٹلی:Yìdàlì
اٹلی:意大利
اٹلی:意大利 / 義大利
اٹلی:義大利
اٹک:阿塔克
اٹھمقام:阿斯穆卡姆
اټک:阿塔克
اٽلي - ويٽيڪٽ سٽي:意大利-梵蒂冈
اٽلي - ويٽيڪٽ سٽي:意大利-梵蒂岡
اٽلي - ويٽيڪٽ سٽي:義大利-梵蒂岡
اٽڪ:阿塔克
اپاتیا:奥帕提雅
اپاتیا:奥帕蒂亚
اپاتیتی:阿帕季特
اپر ریور ڈویژن:上河区
اپرنه-1:埃佩尔奈-1
اپرنه-2:埃佩尔奈-2
اپرنه:埃佩尔奈
اپریلفکا:阿普列列夫卡
اپسالا:乌普萨拉
اپشیرونسک:阿普歇倫斯克
اپوزن:奥普曾
اپوزن:奧普曾
اپوستولیک ننسیچر:宗座大使馆
اپینال:埃皮纳勒
اٿينس:雅典
اچال:阿恰村
اچينسک:阿欽斯克
اچينسک:阿钦斯克
اچيه دارالسلام:亚齐
اچيه دارالسلام:亞齊
اچکادیش، ہوپا:Üçkardeş
اچینسک:阿欽斯克
اچینسک:阿钦斯克
اچینگ ضلع:Àchéng Qū
اچینگ ضلع:阿城区
اچینگ ضلع:阿城區
اچینگ:阿城区
اچینگ:阿城區
اچ‌ام‌وای بریتانیا:不列顛尼亞號
اڈیشہ:奥里萨邦
اډیګیسک:阿迪格斯克
اژاکسیو:阿雅克肖
اڠكاسڤوري:广播大厦
اڠكاسڤوري:廣播大廈
اڤيلدى:烏維利德湖
اکبر پولینڈ صوبہ:大波兰省
اکبر پولینڈ صوبہ:大波蘭省
اکتروپ:奥特鲁普
اکدام:Akdam
اکرا:阿克拉
اکری:阿克里州
اکسائی چن:Ākèsàiqīn
اکسائی چن:阿克赛钦
اکسائے:阿克赛
اکساتی:Akçatı
اکسای:阿克赛
اکسوات:阿克苏阿特
اکسیتنی:奥克西塔尼大区
اکسیتنی:奧克西塔尼大區
اکلاهما سیتی:俄克拉何馬城
اکلاهما سیتی:俄克拉何马城
اکلاهما سیتی:奧克拉荷馬城
اکلاهما سیتی:奧克拉荷馬市
اکلاهما:俄克拉何馬州
اکلاهما:俄克拉何马州
اکلاهما:奧克拉荷馬州
اکنکاگوا:阿空加瓜山
اکنگ:阿城区
اکنگ:阿城區
اکوا ایبوم ریاست:阿夸伊博姆州
اکوادر:厄瓜多
اکوادر:厄瓜多尔
اکوادر:厄瓜多尔 / 厄瓜多
اکوادر:厄瓜多爾
اکوادور:厄瓜多
اکوادور:厄瓜多尔
اکوادور:厄瓜多尔 / 厄瓜多
اکوادور:厄瓜多爾
اکچاآباد:阿克恰阿巴德
اکچاکالے:阿克恰卡萊
اکچاکوچا:阿克恰科賈
اکچای:阿克恰伊
اکیاری، گانداگماش:Akyarı
اکیباستوز:埃克巴斯图兹
اکیتوس:伊基托斯
اکیتی ایالتی:埃基蒂州
اکیتین:阿基坦
اکیورت:阿庫爾特
اکی‌باس‌توز:埃克巴斯图兹
اڪرا:阿克拉
اګريز:阿格雷兹
اڭقازى:昂额孜村
اگادیر:阿加迪尔
اگادیز علاقہ:阿加德兹大区
اگاو:阿古阿維地區
اگد:阿格德
اگر:埃格爾
اگریز:阿格雷兹
اگزر-1:欧塞尔-1
اگزر-2:欧塞尔-2
اگزر-3:欧塞尔-3
اگزر-4:欧塞尔-4
اگزر:欧塞尔
اگلنئے کوپی:乌戈利内耶科皮
اگنالینا:伊格納利納
اگنو:阿盖诺
اگوازو آبشار:伊瓜苏瀑布
اگوازو چھمبر:伊瓜苏瀑布
اگوردات:阿科達特
اگولین:奥古林
اگولین:奧古林
اگىرجار:艾格日亚村
اہرامات جیزہ:吉萨的墓地
اہواز:阿瓦士
اہیمے پریفیکچر:宇和岛市
اہیمے پریفیکچر:宇和島市
اۆات:敖包特村
اۆگرۆت:乌尔古特
اۇرمو گؤلو:乌鲁米耶湖
اۇرمیه:乌尔米耶
اۇرمیه:烏爾米耶
اۉزکېنت تومنی:乌兹根区
اۉزکېنت:乌兹根
اۉش شهری:奧什
اۉش ولایتی:奥什州
اۉش:奥什
اۉقسالور قصبه سی:wúhéshālǔ xiāng
اۉقسالور قصبه سی:吾合沙魯鄉
اۉقسالور قصبه سی:吾合沙鲁乡
اۉقسالور:wúhéshālǔ xiāng
اۉقسالور:吾合沙魯鄉
اۉقسالور:吾合沙鲁乡
اۉپال شهرچه سی:wūpà'ěr zhèn
اۉپال شهرچه سی:乌帕尔镇
اۉپال شهرچه سی:烏帕爾鎮
اۉپال:wūpà'ěr zhèn
اۉپال:乌帕尔镇
اۉپال:烏帕爾鎮
اۉپۉله وۉیوۉده‌لیغی:奧波萊省
اۉیتاغ شهرچه سی:àoyītǎkè zhèn
اۉیتاغ شهرچه سی:奥依塔克镇
اۉیتاغ شهرچه سی:奧依塔克鎮
اۉیتاغ:àoyītǎkè zhèn
اۉیتاغ:奥依塔克镇
اۉیتاغ:奧依塔克鎮
اۋات ايىلى:āwǎtí xiāng
اۋات ايىلى:阿瓦提乡
اۋات ايىلى:阿瓦提鄉
اۋات اۋىلى:āwǎtí xiāng
اۋات اۋىلى:阿瓦提乡
اۋات اۋىلى:阿瓦提鄉
اۋات:āwǎtí xiāng
اۋات:阿瓦提乡
اۋات:阿瓦提社区
اۋات:阿瓦提鄉
اۋعانستان:Āfùhàn
اۋعانستان:阿富汗
اۋىل شارۋاشىلىعى 4-ٴبولىمى 78-تۋان:农四师78团场
اۋىل شارۋاشىلىعى الاڭى قىستاعى:农场村
ای سالمی:伊薩爾米
ایئرپورٹ انتظامیہ:机场管理处
ایا صوفیه:阿亚索菲亚
ایا صوفیه:阿亚索菲亚 / 阿亞索菲亞
ایا صوفیه:阿亞索菲亞
ایا پا ضلع:亚巴县
ایا پا ضلع:亞巴縣
ایا گرائی ضلع:亚格来县
ایا گرائی ضلع:亞格來縣
ایالات فدرال میکرونزی:密克罗尼西亚
ایالات فدرال میکرونزی:密克罗尼西亚 / 密克羅尼西亞
ایالات فدرال میکرونزی:密克羅尼西亞
ایالات متحده آمریکا:Měiguó
ایالات متحده آمریکا:美国
ایالات متحده آمریکا:美國
ایالت ابونیی:埃邦伊州
ایالت ابیا:阿比亚州
ایالت اداماوا:阿达马瓦州
ایالت ادو:埃多州
ایالت انامبرا:阿南布拉州
ایالت انوگو:埃努古州
ایالت اوسون:奥孙州
ایالت اوندو:翁多州
ایالت اوگون:奥贡州
ایالت اویو:奥约州
ایالت اکوا ایبوم:阿夸伊博姆州
ایالت اکیتی:埃基蒂州
ایالت ایمو:伊莫州
ایالت باوچی:包奇州
ایالت بایلسا:巴耶尔萨州
ایالت بنوئه:贝努埃州
ایالت بورنو:博尔诺州
ایالت تارابا:塔拉巴州
ایالت جیگاوا:吉加瓦州
ایالت دلتا:三角洲州
ایالت راخین:若开邦
ایالت ریورز:河流州
ایالت زامفارا:扎姆法拉州
ایالت سوکوتو:索科托州
ایالت شان:掸邦
ایالت شان:撣邦
ایالت لاگوس:拉哥斯
ایالت ملاکا:马六甲州
ایالت مین:緬因州
ایالت مین:缅因州
ایالت ناساراوا:纳萨拉瓦州
ایالت نیجر:尼日尔州
ایالت پلاتو:高原州
ایالت چین:钦邦
ایالت کاتسینا:卡齐纳州
ایالت کادونا:卡杜纳州
ایالت کاچین:克钦邦
ایالت کای:克耶邦
ایالت کبی:凯比州
ایالت کراس ریور:克罗斯河州
ایالت کوارا:夸拉州
ایالت کوگی:科吉州
ایالتی مرکز آمبولانس هوایی:省级航空急救中心
ایان‌اوبو:巴彦敖包县
ایبا، زامبالیس:伊巴 (菲律賓)
ایبادان:伊巴丹
ایبرڈین یونیورسٹی:阿伯丁大学
ایبرڈین:阿伯丁
ایبرڈین:鴨巴甸
ایبلین:Yíbīn Shì
ایبلین:宜宾市
ایبلین:宜賓
ایبلین:宜賓市
ایبٹ آباد:阿博塔巴德
ایبیریا:伊比利亚半岛
ایبیریا:伊比利半島
ایتا:伊塔
ایتاسی علاقہ:伊塔西區
ایتاسی:伊塔西區
ایتالیا - سان مارینو:意大利 - 圣马力诺
ایتالیا - سان مارینو:義大利 - 聖馬力諾
ایتالیا - شهر واتیکان:意大利-梵蒂冈
ایتالیا - شهر واتیکان:意大利-梵蒂岡
ایتالیا - شهر واتیکان:義大利-梵蒂岡
ایتالیا:Yìdàlì
ایتالیا:意大利
ایتالیا:意大利 / 義大利
ایتالیا:義大利
ایتو:伊东市
ایتو:伊東市
ایتھنز:雅典
ایتھوپیا کا سفارت خانہ:埃塞俄比亚大使馆
ایتھوپیا:Āisàiébǐyà
ایتھوپیا:埃塞俄比亚
ایتھوپیا:埃塞俄比亚 / 衣索比亞
ایتھوپیا:埃塞俄比亞
ایتھوپیا:衣索比亞
ایجارا:阿扎拉自治共和國
ایجارا:阿查拉
ایجوان:伊杰万
ایجیفسک:伊热夫斯克
ایجیفسک:伊熱夫斯克
ایخ‌اُول:伊哈乌拉苏木
ایخ‌اُول:伊赫乌拉苏木
ایخ‌تامیر:伊哈塔米尔苏木
ایخ‌خِت:伊赫特苏木
ایدرییا:伊德里亚
ایدرییا:伊德里亞
ایدِر:伊德尔苏木
ایدیل:伊迪爾
ایدینبرګ:Àidīngbǎo
ایدینبرګ:愛丁堡
ایدینبرګ:爱丁堡
ایران کا سفارت خانہ:伊朗大使馆
ایران:Yīlǎng
ایران:伊朗
ایرانبرا:iranbra
ایربیت:伊爾比特
ایرتیش:É'ěrqísī hé
ایرتیش:额尔齐斯河
ایردینیت:額爾登特
ایردینیت:额尔登特
ایرشر جنوبی:南艾尔郡
ایرشر شرقی:东艾尔郡
ایرشر شمالی:北艾尔郡
ایرلند جمهوری:Àiěrlán
ایرلند جمهوری:愛爾蘭
ایرلند جمهوری:愛爾蘭共和國
ایرلند جمهوری:爱尔兰
ایرلند شمالی:北愛爾蘭
ایرلند شمالی:北爱尔兰
ایرلند شمالی:北爱尔兰 / 北愛爾蘭
ایرلند:Àiěrlán
ایرلند:愛爾蘭
ایرلند:愛爾蘭共和國
ایرلند:爱尔兰
ایرلند:爱尔兰 / 愛爾蘭
ایرناکولم:埃尔讷古勒姆
ایرو:埃罗省
ایروان:埃里溫
ایروان:葉里溫
ایرپین:伊尔平
ایرپین:伊爾平
ایرکتسک:伊尔库茨克
ایرکتسک:伊爾庫茨克
ایرکوتسک:伊尔库茨克
ایرکوتسک:伊爾庫茨克
ایریدیا صوبہ:埃雷迪亚省
ایزبرباش:伊茲別爾巴什
ایزبورزک:伊茲博斯克
ایزمائیل:伊茲梅爾
ایزمایلوا:伊兹迈洛沃区
ایزنیک:伊兹尼克
ایزوبیلنی:伊佐比利內
ایزولا:伊佐拉
ایزوله ترمیتی:伊索莱特雷米蒂
ایزیوم:伊久姆
ایسار:伊佐市
ایسار:伊萨尔河
ایسالمی:伊薩爾米
ایست وست بنک:华美银行
ایستاروتکینزک:旧乌特金斯克
ایسترا:伊斯特拉
ایسترویتل:斯特羅伊捷利
ایستپنوقورزک:斯捷普諾戈爾斯克
ایستگاه راه آهن موصل:摩苏尔火车站
ایستگاه راه آهن موصل:摩蘇爾火車站
ایستگاه راه‌آهن مرکزی هانوفر:汉诺威火车总站
ایستگاه زاه آهن سمرقند:萨马尔罕
ایستگاه زاه آهن سمرقند:薩馬爾罕
ایستگاه قطار کرکوک:基爾庫克火車站
ایستگاه متروی آرسنال:阿仙奴站
ایستگاه ویکتوریا:伦敦维多利亚站
ایستگاه ویکتوریا:倫敦維多利亞站
ایستگاه ویکتوریا:倫敦維多利亞車站
ایست‌بورن:伊斯特本
ایست‌بورن:義本
ایسجه‌حصار:厄斯傑希薩爾
ایسلا د لا خوبنتود:青年岛
ایسلام آباد:伊斯兰堡
ایسلام آباد:伊斯蘭堡
ایسلام تئرک:基洛夫斯科耶
ایسلام ته‌ره‌ك:基洛夫斯科耶
ایسلند:Bīngdǎo
ایسلند:冰岛
ایسلند:冰岛 / 冰島
ایسلند:冰島
ایسمانینگ:伊斯马宁
ایسن:埃森
ایسه، میه:伊势市
ایسه، میه:伊勢市
ایسٹ آئرشائر:东艾尔郡
ایسٹ رائڈنگ آف یارکشائر:东约克郡
ایسٹ رائڈنگ آف یارکشائر:東約郡
ایسٹ لندن:东伦敦
ایسٹ ڈنبرٹنشائر:東鄧巴頓郡
ایسٹبورن:伊斯特本
ایسٹبورن:義本
ایسٹرنفریوشائر:东伦弗鲁郡
ایسٹونِیا:Àishāníyà
ایسٹونِیا:愛沙尼亞
ایسٹونِیا:爱沙尼亚
ایسٹونیا کا اعزازی قونصل خانہ:爱沙尼亚名誉领事馆
ایسٹونیا کا سفارت خانہ:爱沙尼亚大使馆
ایسپانیا:西班牙
ایسپو:埃斯波
ایسپیر:伊斯皮尔
ایسکاتلند:苏格兰
ایسکاتلند:苏格兰 / 蘇格蘭
ایسکاتلند:蘇格蘭
ایسکندریه:亚历山大
ایسکندریه:亚历山大港
ایسکندریه:亞歷山大港
ایسکوا:伊瑟闊
ایسکوپیه:史高比耶
ایسکوپیه:斯科普里
ایسکیتیم:伊斯基季姆
ایسیق‌گؤل کتیبه‌سی:伊塞克湖
ایسیلکول:伊西利庫爾
ایشناو:艾歇瑙
ایشن‌هاوزن:伊兴豪森
ایشیشکس:埃希什凱斯
ایشیم:伊希姆
ایشیمبای:伊希姆拜
ایشین ہائی وے نمبر 1:亚洲公路1号线
ایصفاهان اوستانی:伊斯法罕省
ایصلاحیه:伊斯拉希耶
ایغدیر:厄德尔
ایفدل:伊夫傑利
ایل سیلواڈور:萨尔瓦多
ایل سیلواڈور:薩爾瓦多
ایل سیگوندو:埃尔塞贡多
ایل-دو-فرانس:法兰西岛大区
ایل-دو-فرانس:法兰西岛大区 / 法蘭西島大區
ایل-دو-فرانس:法蘭西島大區
ایلئو:艾萊烏
ایلات:埃拉特
ایلام اوستانی:伊拉姆省
ایلامینس کاؤنٹی:阿拉曼斯县
ایلامینس کاؤنٹی:阿拉曼斯县/阿拉曼斯縣/阿拉曼斯郡
ایلامینس کاؤنٹی:阿拉曼斯縣
ایلامینس کاؤنٹی:阿拉曼斯郡
ایلان آداسی:蛇岛
ایلت:埃拉特
ایلرتیسن:伊莱尔蒂森
ایلمناو:伊尔默瑙
ایلن کاؤنٹی، انڈیانا:艾伦县
ایلن کاؤنٹی، انڈیانا:艾倫縣
ایلنگ:伊靈區
ایلووایسک:伊洛瓦伊斯克
ایلوک:伊洛克
ایلویل:阿耶维尔
ایلٹن ٹاورز:奧爾頓塔
ایلک:伊洛克
ایلکادیم:伊尔卡丁
ایلگاز:厄爾加茲
ایلگین:厄爾根
ایلگیو-ماراکوت کاؤنٹی:埃爾格約-馬拉奎特郡
ایلیرسکا بیتریتسا:伊利尔斯卡比斯特里察
ایلیرسکا بیتریتسا:伊利爾斯卡比斯特里察
ایلین ڈونان:艾琳多南
ایلینتسی:伊林齊
ایلینق لندن منطقه‌سی:伊靈區
ایلینوی:伊利諾州
ایلینوی:伊利诺伊州
ایمارات:Ālābó Liánhé Qiúchángguó
ایمارات:阿拉伯联合酋长国
ایمارات:阿拉伯联合酋长国 / 阿拉伯聯合大公國
ایمارات:阿拉伯聯合大公國
ایمارات:阿拉伯聯合酋長國
ایمان‌بورلیق:伊曼布爾雷克河
ایمبروس:格克切島
ایمتسکی:伊莫茨基
ایمرتی:伊梅列季州
ایمسٹرڈیم:阿姆斯特丹
ایمو ایالتی:伊莫州
اینارو:阿伊納羅
اینارو:阿伊納羅區
ایناگی، توکیو:稻城市
اینتا:因塔
اینجامینا:恩賈梅納
اینجل آبشار:安赫尔瀑布
اینجکه‌سو:​井什克苏村
ایندور:印多尔
ایندیانا:印第安納州
ایندیانا:印第安纳州
ایندیاناپولیس:印第安納波利斯
اینسار:因薩爾
اینسبروک:因斯布魯克
اینسبروک:因斯布鲁克
اینستروچ:因斯特魯奇河
اینسہی توجیا اور میاو خود مختار پریفیکچر:Enshi Tujiazu Miaozu Zizhizhou
اینسہی توجیا اور میاو خود مختار پریفیکچر:恩施
اینسہی توجیا اور میاو خود مختار پریفیکچر:恩施土家族苗族自治州
اینسہی توجیا اور میاو خود مختار پریفیکچر:恩施州
اینشیری بؤلگه‌سی:因希里省
اینشیری:因希里省
اینقلیوود:英格爾伍德
اینه گول:伊內格爾
اینه‌بولو:伊內博盧
اینه‌گول:伊內格爾
اینورکلائیڈ:因弗克萊德
اینورکلاید:因弗克萊德
اینویا:伊夫尼亚
اینٛگولا:Āngēlā
اینٛگولا:安哥拉
اینٛگوِلا:安吉拉
اینٛگوِلا:安圭拉
اینٛگوِلا:安圭拉 / 安吉拉
اینٹ ورپن:安特卫普
اینٹانانیریو:Antananarivo
اینٹانانیریو:塔那那利佛
اینٹانانیریو:安塔那那利佛
اینٹورپ:安特卫普
اینٹورپن:安特卫普
اینٹیگوا و باربوڈا:安地卡及巴布達
اینٹیگوا و باربوڈا:安提瓜和巴布达
اینٹیگوا و باربوڈا:安提瓜和巴布達
اینٹیگوا و باربوڈا:安提瓜巴布達
اینٹیگوا:安提瓜
اینٹیگوا:安提瓜和
اینٹیگوا:安提瓜達
اینپینگ:Jinping-si
اینپینگ:Ēnpíng Shì
اینپینگ:恩平市
اینکرایج:安克拉治
اینکرایج:安克雷奇
اینکرمان:因克爾曼
اینگرز-1:昂热-1
اینگرز-2:昂热-2
اینگرز-3:昂热-3
اینگرز-4:昂热-4
اینگرز-5:昂热-5
اینگرز-6:昂热-6
اینگرز-7:昂热-7
اینگرز:昂热
اینگس:安格斯
اینگل وود:英格爾伍德
اینگلز:恩格斯
اینگلوود:英格爾伍德
اینگویلا:安吉拉
اینگویلا:安圭拉
اینگویلا:安圭拉 / 安吉拉
اینینگ ام آمرزی:阿默湖畔因宁
ایهورومبه:伊霍羅貝區
ایواتا، شیزوئوکا:磐田
ایواتا، شیزوئوکا:磐田市
ایواناوا:伊萬諾沃
ایوانتس:伊万内茨
ایوانتس:伊萬內茨
ایوانو فرانکیوسک اوبلاست:伊万诺-弗兰科夫斯克州
ایوانو فرانکیوسک:伊万诺-弗兰科夫斯克
ایوانو-فرانکیفسک:伊万诺-弗兰科夫斯克
ایوانو-فرانکیوسک:伊万诺-弗兰科夫斯克
ایوانوفو:伊万诺沃
ایوانوفو:伊萬諾沃
ایوانوو:伊万诺沃
ایوانوو:伊萬諾沃
ایوانگورود:伊万哥罗德
ایوانیچ-گراد:伊万尼奇格勒
ایوانیچ-گراد:伊萬尼奇格勒
ایوب:埃於普
ایورټ لیک:埃弗里特湖
ایوریٹ لیک:埃弗里特湖
ایون پا:阿云巴市社
ایون پا:阿雲巴市社
ایوو:Yìwū Shì
ایوو:义乌市
ایوو:義烏
ایوو:義烏市
ایوینایونگ:埃维纳永
ایوینک خود مختار پرچم:Èwēnkèzú Zìzhìqí
ایوینک خود مختار پرچم:鄂溫克族自治旗
ایٖراق:Yīlākè
ایٖراق:伊拉克
ایٖران:Yīlǎng
ایٖران:伊朗
ایٹانگر:巴查
ایټالیا - ویټیکن ښار:意大利-梵蒂冈
ایټالیا - ویټیکن ښار:意大利-梵蒂岡
ایټالیا - ویټیکن ښار:義大利-梵蒂岡
ایټالیه:Yìdàlì
ایټالیه:意大利
ایټالیه:意大利 / 義大利
ایټالیه:義大利
ایپسال:伊普薩拉
ایپسالا:伊普薩拉
ایپو:怡保
ایپوه:怡保
ایپینال:埃皮纳勒
ایچانگ:Yíchāng Shì
ایچانگ:宜昌
ایچانگ:宜昌市
ایچكی:蘇維埃茨基
ایچل کرنجی:伊切尔格伦吉
ایچون:伊川邑
ایچکی:蘇維埃茨基
ایڈاہو:愛達荷州
ایڈاہو:爱达荷州
ایڈنبرا شہر:爱丁堡
ایڈنبرا:Àidīngbǎo
ایڈنبرا:愛丁堡
ایڈنبرا:爱丁堡
ایڈِنبرگ:Àidīngbǎo
ایڈِنبرگ:愛丁堡
ایڈِنبرگ:爱丁堡
ایژؤ:Èzhōu Shì
ایژؤ:鄂州
ایژؤ:鄂州市
ایژو:Èzhōu Shì
ایژو:鄂州
ایژو:鄂州市
ایژوسک:伊热夫斯克
ایژوسک:伊熱夫斯克
ایکاتا:伊方町
ایکاروگا، نارا:斑鳩町
ایکاروگا، نارا:斑鸠町
ایکروتیری تے دیکیلیا:亞克羅提利與德凱利亞
ایکروتیری تے دیکیلیا:塞浦路斯英屬基地區
ایکروتیری و دیکیلیا:亞克羅提利與德凱利亞
ایکروتیری و دیکیلیا:塞浦路斯英屬基地區
ایکس-ان-اوته:奥特地区艾克斯
ایکسا:伊克薩河
ایکسٹر:艾克斯特
ایکواته:赤道省
ایکواڈور:厄瓜多
ایکواڈور:厄瓜多尔
ایکواڈور:厄瓜多尔 / 厄瓜多
ایکواڈور:厄瓜多爾
ایکویڈار:厄瓜多
ایکویڈار:厄瓜多尔
ایکویڈار:厄瓜多尔 / 厄瓜多
ایکویڈار:厄瓜多爾
ایکیتوس:伊基托斯
ایگر:埃格爾
ایگلمانت:艾格勒蒙
ایگنالینا:伊格納利納
ایگوآسو:伊瓜苏瀑布
ایگیر:埃格爾
ایہورومبے:伊霍羅貝區
اییدو:Zhījiāng Shì
اییدو:宜都
اییدو:宜都市
اېتوپیا:Āisàiébǐyà
اېتوپیا:埃塞俄比亚
اېتوپیا:埃塞俄比亞
اېتوپیا:衣索比亞
اېسټونيا:愛沙尼亞
اېسټونيا:爱沙尼亚
اېسټونيا:爱沙尼亚 / 愛沙尼亞
اېلسلوادور:萨尔瓦多
اېلسلوادور:薩爾瓦多
اېټاليا - سان مارینو:意大利 - 圣马力诺
اېټاليا - سان مارینو:義大利 - 聖馬力諾
اېټاليا:意大利
اېټاليا:義大利
اېکوادور:厄瓜多
اېکوادور:厄瓜多尔
اېکوادور:厄瓜多尔 / 厄瓜多
اېکوادور:厄瓜多爾
اېکواټوريال ګوينا:Chìdào Jīnèiyà
اېکواټوريال ګوينا:赤道几内亚
اېکواټوريال ګوينا:赤道几内亚 / 赤道幾內亞
اېکواټوريال ګوينا:赤道幾內亞
اېکواټوريال ګوينا:赤道畿內亞
