سآو دومینگوس، کیپ ورڈی:聖多明戈斯縣
سآو سالوادور دو موندو، کیپ ورڈی:聖薩爾瓦多蒙多縣
سآو فیلیپے، کیپ ورڈی:聖菲利佩縣
سآو لورینسو دوس اورگاوس، کیپ ورڈی:聖洛倫索縣
سآو میگوئل، کیپ ورڈی:聖米戈爾縣
سآو ویسینتے، کیپ ورڈی:聖維森特縣
سؤل:首尔
سؤل:首尔特别市
سؤل:首爾
سؤل:首爾特別市
سئارا:塞阿拉州
سئن چایی:塞納河
سئن چایی:塞纳河
سئول:首尔
سئول:首尔特别市
سئول:首爾
سئول:首爾特別市
سئیبا:塞瓦
سئیحون:錫爾河
سئیحون:锡尔河
سئیدلر:下戈爾斯基
سا تھے ضلع:沙泰县
سا تھے ضلع:沙泰縣
سا پا ضلع:沙坝市社
سا پا ضلع:沙壩市社
ساؤ ٹومے و پرنسپے:Shèngduōměi hé Pǔlínxībǐ
ساؤ ٹومے و پرنسپے:圣多美和普林西比
ساؤ ٹومے و پرنسپے:圣多美和普林西比 / 聖多美普林西比
ساؤ ٹومے و پرنسپے:聖多美普林西比
ساؤ ٹومے:圣多美
ساؤ ٹومے:圣多美 / 聖多美
ساؤ ٹومے:聖多美
ساؤ پالو:圣保罗
ساؤ پالو:圣保罗州
ساؤ پالو:聖保羅
ساؤ پالو:聖保羅/圣保罗
ساؤ پالو:聖保羅州
ساؤتھ آئرشائر:南艾尔郡
ساؤتھ لنارکشائر:南拉纳克郡
ساؤتھمپٹن:修咸頓
ساؤتھمپٹن:南安普敦
ساؤتھیمپٹن:修咸頓
ساؤتھیمپٹن:南安普敦
ساؤتھینڈ آن سی:修安
ساؤتھینڈ آن سی:濱海紹森德
سائسومبون صوبہ:赛宋奔省
سائنیابولی صوبہ:沙耶武里省
سائنیابولی:沙耶武里
سائو دومینگوس:聖多明戈斯縣
سائو سالوادور دو موندو:聖薩爾瓦多蒙多縣
سائو فیلیپه:聖菲利佩縣
سائو لوئیس:圣路易斯
سائو لورنچو دوس ارگیوس:聖洛倫索縣
سائو میگوئل:聖米戈爾縣
سائو پالو:圣保罗
سائو پالو:聖保羅
سائو پالو:聖保羅/圣保罗
سائوتومه و پرنسیپ:Shèngduōměi hé Pǔlínxībǐ
سائوتومه و پرنسیپ:圣多美和普林西比
سائوتومه و پرنسیپ:圣多美和普林西比 / 聖多美普林西比
سائوتومه و پرنسیپ:聖多美普林西比
سائوتومه و پرینسیپ:Shèngduōměi hé Pǔlínxībǐ
سائوتومه و پرینسیپ:圣多美和普林西比
سائوتومه و پرینسیپ:圣多美和普林西比 / 聖多美普林西比
سائوتومه و پرینسیپ:聖多美普林西比
سائوتومه:圣多美
سائوتومه:圣多美 / 聖多美
سائوتومه:聖多美
سائوپائولو:圣保罗
سائوپائولو:圣保罗州
سائوپائولو:聖保羅
سائوپائولو:聖保羅/圣保罗
سائوپائولو:聖保羅州
سائپین:塞班岛
سائۆتۆمێ:圣多美
سائۆتۆمێ:圣多美 / 聖多美
سائۆتۆمێ:聖多美
سااكوو:萨高区
سابا:薩巴
سابانق:沙璜
سابسك-دالني:斯帕斯克达利尼
سابسك:斯帕斯克
سابق برنم:沙白安南县
سابق برنم:沙白镇
سابه:沙巴州
سابورو:札幌市
سابيل:薩比萊
سابیل:薩比萊
ساب‌وی:賽百味
ساترلند:薩瑟蘭
ساتسوماسينداي، كاغوشيما:萨摩川内市
ساتسوماسينداي، كاغوشيما:薩摩川內市
ساتن لندن منطقه‌سی:薩頓區
ساتون صوبہ:沙敦府
ساتي، سايتاما:幸手市
ساجار:萨格尔
ساجيو، إهيمه:西条市
ساجيو، إهيمه:西條市
ساحات أليانس ودي لا كاريير وستانيسلاسفي مدينة نانسي:南锡的斯坦尼斯拉斯广场、卡里埃勒广场和阿莱昂斯广场
ساحارا اراب دەموكراتىييالىق رەسپۋبلىيكاسى:撒拉威阿拉伯民主共和國
ساحارا اراب دەموكراتىييالىق رەسپۋبلىيكاسى:阿拉伯撒哈拉民主共和国
ساحة أوروبا:欧洲广场
ساحة أوروبا:歐洲廣場
ساحة التحرير:巴格達解放廣場
ساحة الشهداء:烈士广场
ساحة الشهداء:烈士廣場
ساحة المهد:馬槽廣場
ساحة المهد:马槽广场
ساحة الهديم:哈丁廣場
ساحة بلدية باريس:巴黎公社广场
ساحة بلدية باريس:巴黎公社廣場
ساحة حيدر علييف:盖达尔·阿利耶夫广场
ساحة حيدر علييف:蓋達爾·阿利耶夫廣場
ساحة دوفين:太子广场
ساحة ساو فرانسيسكو في مدينة ساو كريستوفاو:圣克里斯托旺的圣弗朗西斯科广场
ساحة شهادة:烈士广场
ساحة شهادة:烈士廣場
ساحة كابيتول:坎皮多怡歐廣場
ساحل العاج:Kētèdíwǎ
ساحل العاج:科特迪瓦
ساحل العاج:科特迪瓦 / 象牙海岸
ساحل العاج:象牙海岸
ساحل سرخ:红色海滩
ساحل عاج:Kētèdíwǎ
ساحل عاج:科特迪瓦
ساحل عاج:科特迪瓦 / 象牙海岸
ساحل عاج:象牙海岸
ساحل كارون:卡伦海滩
ساحل ژوراسیک:侏罗纪海岸
ساخالىن:Kùyè Dǎo
ساخالىن:库页岛
ساخالىن:庫頁島
ساخالین:Kùyè Dǎo
ساخالین:库页岛
ساخالین:庫頁島
ساختمان ترمینال فرودگاه استانبول:伊斯坦布尔机场航站楼
ساختمان رایشستاگ:德国国会大厦
ساختمان شهرداری استکهلم:斯德哥尔摩市政厅
ساختمان شهرداری استکهلم:斯德哥爾摩市政廳
ساختمان مرکزی بسیج دانشجویی:美国大使馆旧址
سادات:萨达特
سادىقيۈزى:萨地克于孜乡
سادیر:斯拉维扬斯科耶
سار ئېمىل چارۋىچىلىق مەيدانى:萨尔也木勒牧场
سار ئېمىل:萨尔也木勒牧场
سارابوری صوبہ:北標府
سارابوری صوبہ:沙拉武里府
سارابوز:近卫军村
سارابول:薩拉普爾
سارابۇز:近卫军村
ساراتوغا، سانتا كلارا، كاليفورنيا:萨拉托加
ساراتوغا، سانتا كلارا، كاليفورنيا:薩拉托加
ساراتوف أوبلاست:萨拉托夫州
ساراتوف أوبلاست:薩拉托夫州
ساراتوف:萨拉托夫
ساراتوف:薩拉托夫
ساراعىن:​萨尔阿根村
ساران:萨兰
ساران، قزاقستان:萨兰
سارانسك:萨兰斯克
سارانسك:薩蘭斯克
سارانسک:萨兰斯克
سارانسک:薩蘭斯克
ساراواک:砂拉越州
سارايېۋو:塞拉耶佛
سارايېۋو:萨拉热窝
سارايېۋو:薩拉熱窩
ساراٹوف:萨拉托夫
ساراٹوف:薩拉托夫
ساراپول:薩拉普爾
ساراگوسا:札拉哥沙
ساراگوسا:萨拉戈萨
سارایاٛ ڤو:塞拉耶佛
سارایاٛ ڤو:萨拉热窝
سارایاٛ ڤو:薩拉熱窩
سارایوو:塞拉耶佛
سارایوو:萨拉热窝
سارایوو:薩拉熱窩
سارایێڤۆ:塞拉耶佛
سارایێڤۆ:萨拉热窝
سارایێڤۆ:薩拉熱窩
سارباستاغ:​萨尔巴斯陶村
سارباستاۋ:​萨尔巴斯陶村
ساربروكن:萨尔布吕肯
ساربروكن:薩爾布呂肯
ساربلاغ:sà'ěrbùlākè zhèn
ساربلاغ:萨尔布拉克镇
ساربولاق شهرچه‌سی:sà'ěrbùlākè zhèn
ساربولاق شهرچه‌سی:萨尔布拉克镇
ساربولاق:sà'ěrbùlākè zhèn
ساربولاق:萨尔布拉克镇
ساربۇلاق بازىرى:sà'ěrbùlākè zhèn
ساربۇلاق بازىرى:萨尔布拉克镇
ساربۇلاق قالاشىعى:sà'ěrbùlākè zhèn
ساربۇلاق قالاشىعى:萨尔布拉克镇
ساربۇلاق قىستاعى:萨尔布拉克村
ساربۇلاق كەنتى:萨尔布拉克村
ساربۇلاق:sà'ěrbùlākè zhèn
ساربۇلاق:sàěrbùlākè zhèn
ساربۇلاق:​萨尔布拉克村
ساربۇلاق:​萨热布拉克村
ساربۇلاق:萨尔布拉克村
ساربۇلاق:萨尔布拉克镇
سارتاقتاي:​萨尔塔克太村
سارتال:​萨尔塔勒村
سارتال:萨尔塔勒村
سارتام اقتوبه:​萨尔塔木阿克托别村
سارتام اۋىلى:sà'ěrtǎmù xiāng
سارتام اۋىلى:萨尔塔木乡
سارتام قىستاعى:萨尔塔木村
سارتام كەنتى:萨尔塔木村
سارتام يېزىسى:sà'ěrtǎmù xiāng
سارتام يېزىسى:萨尔塔木乡
سارتام:sà'ěrtǎmù xiāng
سارتام:​萨尔塔木村
سارتام:萨尔塔木乡
سارتورە:夏尔托热村
سارتوعاي:萨尔塔合台村
سارتوقاي كەنتى:萨尔托海村
سارتوقاي يېزىسى:萨尔托海乡
سارتوقاي:萨尔托海乡
سارتوقاي:萨尔托海村
سارتوك:砂拉卓
سارتۆرە:夏尔托热村
سارتەرەك:​萨尔铁热克村
سارجاق:​萨尔加克村
سارجينتيس دي لا لورا:萨尔亨特斯德拉洛拉
سارجيەك:​萨热吉也克村
سارخنتس د لا لرا:萨尔亨特斯德拉洛拉
سارخولسۇن يېزىسى:sà'ěrhúsōng xiāng
سارخولسۇن يېزىسى:萨尔胡松乡
سارخولسۇن:sà'ěrhúsōng xiāng
سارخولسۇن:萨尔胡松乡
ساردانيولا ديل فاليس:萨尔达尼奥拉-德尔巴列斯
ساردىنىيە ئارىلى:撒丁岛
ساردینیا:撒丁岛
سارشوقى اۋىلى:sàěrqiáokè xiāng
سارشوقى اۋىلى:萨尔乔克乡
سارشوقى اۋىلى‎:sàěrqiáokè xiāng
سارشوقى اۋىلى‎:萨尔乔克乡
سارعۋسىن اۋىلى:sà'ěrhúsōng xiāng
سارعۋسىن اۋىلى:萨尔胡松乡
سارعۋسىن قىستاعى:萨尔胡松村
سارعۋسىن ورمان الاڭىنداعى:lǎofēngkǒu línchǎng
سارعۋسىن ورمان الاڭىنداعى:老风口林场
سارعۋسىن:sà'ěrhúsōng xiāng
سارعۋسىن:萨尔胡松乡
سارغۇسۇن ئورمانچىلىق مەيدانى:lǎofēngkǒu línchǎng
سارغۇسۇن ئورمانچىلىق مەيدانى:老风口林场
سارقارىن:​萨尔喀仁村
سارقامىس:​萨尔喀木斯村
سارقامىس:萨尔喀木斯村
سارقوبى:sàěrkuòbù xiāng
سارقوبى:萨尔阔布乡
سارقوبى:薩爾闊布鄉
سارقوبۇ:sàěrkuòbù xiāng
سارقوبۇ:萨尔阔布乡
سارقوبۇ:薩爾闊布鄉
سارقياق:​萨尔合亚克村
سارقۇساق:萨尔库萨克村
سارقۇلات:​萨尔乎拉特村
سارقۇم:萨尔库木村
سارك:薩克島
سارلا-لا-كانيدا:萨拉拉卡内达
سارلا-لا-کاندا:萨拉拉卡内达
سارلاند:萨尔
سارلینڈ:萨尔
سارنسک:萨兰斯克
سارنسک:薩蘭斯克
سارنی:薩爾內
ساروف:薩羅夫
سارولەڭ:​萨尔乌楞村
سارولەڭ:​萨热吾林村
سارولەڭ:萨尔乌楞村
ساروهان‌لی:薩魯漢勒
ساروي:​萨尔沃依村
ساروہانلی:薩魯漢勒
سارى دالا اشۋ رايونى:黄土场开发区
سارىتوعاي اۋىلى:萨尔托海乡
سارىتوعاي قىستاعى:萨尔托海村
سارىتوعاي:萨尔托海乡
سارىتوعاي:萨尔托海村
سارىسۋ اۋدانى:萨雷苏区
سارىقباي:萨热克巴依村
سارىوزەك:​萨尔窝孜克村
سارىُ‌قامىُس كولىُ:萨雷卡梅什湖
سارىپ:夏尔甫村
سارىەمىل مال شارۋاشىلىعى الاڭىنداعى:萨尔也木勒牧场
سارىەمىل:萨尔也木勒牧场
سارپ:Sarp
سارپ:萨尔普
سارپ:薩爾普
سارپول ۋىلايىتى:萨尔普勒省
سارپول ۋىلايىتى:薩亞普省
سارپول ۋىلايىتى:薩爾普勒省
سارپی:萨尔普
سارپی:薩爾普
سارچوقا يېزىسى‎:sàěrqiáokè xiāng
سارچوقا يېزىسى‎:萨尔乔克乡
ساریقامیش:薩勒卡默什
ساریون:沙里院市
ساریٛغامیٛش کؤلی:萨雷卡梅什湖
ساریکامیش:薩勒卡默什
ساریکایا:薩勒卡亞
ساریگل:萨勒格尔
ساری‌اوزک:萨雷奥泽克
ساری‌قایه:薩勒卡亞
ساری‌قمیش:薩勒卡默什
ساری‌گل:萨勒格尔
ساز:​萨孜村
ساز:萨孜村
سازام:萨扎木村
سازمان جهانی مالکیت فکری:世界知识产权组织
سازمان دولت‌های ترک:突厥國家組織
سازمان همکاری اقتصادی دریای سیاه:黑海经济合作组织
ساساري:萨萨里
ساساري:薩薩里
ساساری:萨萨里
ساساری:薩薩里
ساساياما، هيوغو:丹波篠山市
ساسكاتشوان:沙斯卡寸旺省
ساسكاتشوان:萨斯卡渣文
ساسكاتشوان:萨斯喀彻温省
ساسكاتشوان:薩克其萬省
ساسكاتشوان:薩斯喀徹溫省
ساسنوویتس:索斯诺维茨
ساسوفو:薩索沃
ساسون:薩松
ساسىقباستاۋ:萨斯克巴斯陶村
ساسىقكول:萨瑟科尔湖
ساسيبو، ناغاساكي:佐世保市
ساسکاچوان:沙斯卡寸旺省
ساسکاچوان:萨斯卡渣文
ساسکاچوان:萨斯喀彻温省
ساسکاچوان:薩克其萬省
ساسکاچوان:薩斯喀徹溫省
ساسکچیوان:萨斯喀彻温省
ساسکچیوان:薩斯喀徹溫省
ساعان:萨干村
ساعانۋسۇن:cháhánwūsū měnggǔzú xiāng
ساعانۋسۇن:察汗乌苏乡
ساعت کرملین:克里姆林宫大钟楼
ساعلاملىق جولى:健康路社区
ساعلاملىق جولۇ:健康路社区
ساغا:沙尕村
ساغا، ساغا:佐賀市
ساغا، ساغا:佐贺市
ساغاميهارا، كاناغاوا:相模原市
ساغان يېزىسى:萨罕镇
ساغان يېزىسى:薩罕鎮
ساغان:沙安村
ساغان:萨干村
ساغاي، ياماغاتا:寒河江市
ساغسای:萨格赛苏木
ساغلاملىق يولى:健康路
ساغلاملىق يولى:健康路社区
ساغیل:萨吉勒苏木
سافا:萨瓦河
سافا:薩瓦河
سافران‌بولو:番紅花城
سافوسافو:萨武萨武
سافولا صوبہ:索法拉省
سافونوفو:薩福諾沃
سافيرن:萨韦尔恩
سافک:修福郡
سافک:薩福克郡
ساق:薩基
ساقابۇلاق:岔哈泉村
ساقاتا-ئىكې:坂田池
ساقال:萨哈勒村
ساقساق كوچا باشقارمىسى:xìngfúlù jiēdào
ساقساق كوچا باشقارمىسى:萨克萨克街道
ساقساق:萨克萨克街道
ساقساي سۇمىنى‎:萨格赛苏木
ساقساي:萨格赛苏木
ساكاتا، ياماغاتا:酒田市
ساكاي:堺市
ساكايميناتو، توتوري:境港市
ساكرامنتو:沙加緬度
ساكرامنتو:萨克拉门托
ساكورا، تشيبا:佐倉市
ساكوراغاوا، إيباراكي مدينة في محافظة إيباراكي اليابانية:櫻川市
ساكي:薩基
سال، کیپ ورڈی:薩爾縣
سالاتسگریوا:薩拉茨格里瓦
سالاتيقا:沙拉迪加
سالارجنگ میوزیم:撒拉戎博物馆
سالاسبليس:薩拉斯皮爾斯
سالاسپیلس:薩拉斯皮爾斯
سالافات:薩拉瓦特
سالافان:沙拉湾省
سالاكغريفا:薩拉茨格里瓦
سالامانکا:薩拉曼卡/萨拉曼卡
سالاوات:薩拉瓦特
سالاوان صوبہ:沙拉湾省
سالخارد:萨列哈尔德
سالخارد:薩列哈爾德
سالدوس:薩爾杜斯
سالسك:薩利斯克
سالسک:薩利斯克
سالغوزەك يېزىسى:sàlèwúzékè xiāng
سالغوزەك يېزىسى:萨勒吾则克乡
سالفادور:萨尔瓦多
سالق سلاتن‎:沙叻秀
سالق سلتن:沙叻秀
سالوادور:萨尔瓦多
سالونيك:塞薩洛尼基
سالونیک:塞薩洛尼基
سالوېډور:萨尔瓦多
سالوېډور:萨尔瓦多 / 薩爾瓦多
سالوېډور:薩爾瓦多
سالىكتى مال شارۋاشىلىعى الاڭىنداعى:赛力克提牧场
سالىكتى:sàilìkètí mùchǎng
سالىكتى:赛力克提牧场
ساليهورسك:萨利霍尔斯克
سالیهورسک:萨利霍尔斯克
سالیہلی:薩利赫利
سالیہورسک:萨利霍尔斯克
سالېخارد:萨列哈尔德
سالېخارد:薩列哈爾德
سام نوا ضلع:桑怒
سامارا:萨马拉
سامارا:薩馬拉
سامارقان:撒马尔罕
سامان جمع کروانا:行李托运处
سامان داغ:薩曼達厄
سامانداگ:薩曼達厄
سامانگان ۋىلايىتى:沙曼根省
سامانگان ۋىلايىتى:萨曼甘省
سامانگان ۋىلايىتى:薩曼甘省
سامباس:三發
سامبال:萨巴哈尔
سامبانگ:三防里
سامباوا:松巴哇島
سامبورو:桑布盧郡
سامبيت:山弼
سامتردیا:薩姆特雷迪亞
سامتريديا:薩姆特雷迪亞
سامتسخه-جافاخيتي:薩姆茨赫-扎瓦赫季州
سامتسخه-جاواختی:薩姆茨赫-扎瓦赫季州
سامتسخے-جاواختی:薩姆茨赫-扎瓦赫季州
سامجی‌یون:三池淵市
سامجی‌یون:三池渊市
سامرا:萨莫拉
سامرا:萨迈拉
سامراء:萨迈拉
سامرانق:三宝垄
سامسات:萨姆萨特
سامسو:三水邑
سامسون:森松
سامسون:萨姆松省
سامسون:薩姆松
سامسونيت:新秀麗
سامسونگ:三成里
سامسۇن:萨姆松省
سامغريلو زيمو سفانيتي:萨梅格列罗-上斯瓦涅季亚州
ساموآ:萨摩亚
ساموآ:萨摩亚 / 薩摩亞
ساموآ:薩摩亞
ساموآی آمریکا:美屬薩摩亞
ساموا الأمريكية:美屬薩摩亞
ساموا الامريكيه:美屬薩摩亞
ساموا:萨摩亚
ساموا:萨摩亚 / 薩摩亞
ساموا:薩摩亞
ساموای ئەمریکا:美屬薩摩亞
ساموبور:萨莫博尔
ساموبور:薩莫博爾
ساموت ساکھون صوبہ:沙沒沙空府
ساموت ساکھون صوبہ:龍仔厝府
ساموت سونگکھرام صوبہ:夜功府
ساموت سونگکھرام صوبہ:沙沒頌堪府
ساموت پراکان صوبہ:北榄府
ساموت پراکان صوبہ:北欖府
ساموت پراکان:北榄府
ساموت پراکان:北欖府
ساموتو، هيوغو:洲本市
ساموسير:沙摩西
سامونبيها:薩蒙皮哈
سامونتور:薩蒙托
سامونلاتي:薩蒙拉赫蒂
سامىيۈزى:萨木于孜镇
سامىيۈزى:薩木于孜鎮
سامپوئس:桑普埃斯
سامپۇل بازىرى:shānpǔlǔ zhèn
سامپۇل بازىرى:山普鲁镇
سامگرلو-زمو سوانتی:萨梅格列罗-上斯瓦涅季亚州
سامگورا:薩姆戈里站
سامۆبۆر:萨莫博尔
سامۆبۆر:薩莫博爾
سامەڕا:萨迈拉
سان آنتونیو د لوس آلتوس:聖安東尼奧德洛斯阿爾托斯
سان أنطونيو:圣安东尼奥
سان أنطونيو:聖安東尼奧
سان ئەندرێس:聖安德烈斯島
سان انٹونیو:圣安东尼奥
سان انٹونیو:聖安東尼奧
سان بارتيلمي:圣巴泰勒米岛
سان بارتيلمي:聖巴多祿繆島
سان بارتيلمي:聖巴泰勒米
سان برناردينو:聖貝納迪諾
سان برونو:圣布鲁诺
سان بيار وميكلون:圣皮埃尔和密克隆群岛
سان بيتر بورت:圣彼得港
سان بيتر بورت:聖彼得港
سان بيدرو:聖佩德羅
سان بيرناردينو:聖貝納迪諾
سان تومي وبرينسيبي:Shèngduōměi hé Pǔlínxībǐ
سان تومي وبرينسيبي:圣多美和普林西比
سان تومي وبرينسيبي:圣多美和普林西比 / 聖多美普林西比
سان تومي وبرينسيبي:聖多美普林西比
سان جوان:圣胡安
سان جوان:聖胡安
سان خوآن:圣胡安
سان خوآن:聖胡安
سان خوان:圣胡安
سان خوان:圣胡安省
سان خوان:聖胡安
سان خوزه:聖荷西
سان خوسيه ديل غوافياري:瓜維亞雷河畔聖何塞
سان خوسيه:圣何塞
سان خوسيه:聖荷西
سان خوسې:聖荷西
سان خوسے دیل گوابیارے:瓜維亞雷河畔聖何塞
سان دوني:圣但尼
سان دىيېگۆ:圣迭戈
سان دىيېگۆ:聖地牙哥
سان ديني:圣但尼
سان ديني:聖但尼
سان دييغو:圣迭戈
سان دييغو:聖地牙哥
سان سالوادور:聖薩爾瓦多
سان سالۋادور:聖薩爾瓦多
سان سلفادور:聖薩爾瓦多
سان سلواڈور:聖薩爾瓦多
سان سيباستيان:圣塞瓦斯蒂安
سان سيباستيان:多若斯迪亞
سان سيرو او جوسيبي ميازا:梅阿查球场
سان فرانسسکو:三藩市
سان فرانسسکو:旧金山
سان فرانسسکو:舊金山
سان فرانسيسكو:三藩市
سان فرانسيسكو:旧金山
سان فرانسيسكو:舊金山
سان فرانسیسکو:三藩市
سان فرانسیسکو:旧金山
سان فرانسیسکو:舊金山
سان فرانسیسکۆ:三藩市
سان فرانسیسکۆ:旧金山
سان فرانسیسکۆ:舊金山
سان فرناندو دي أبوري:阿普雷河畔聖費爾南多
سان فرناندو:圣费尔南多
سان فرنانڈو:圣费尔南多
سان فیرناندو دے آپورے:阿普雷河畔聖費爾南多
سان كريستوبال:聖克里斯托瓦爾
سان لوئیس:聖路易斯
سان لويس بوتوسي:圣路易斯波托西州
سان لويس:聖路易斯
سان مارتن (فرنسا):圣马丁 (法国)
سان مارتن (فرنسا):法屬聖馬丁
سان مارتن (فرنسا):聖馬丁 (法國)
سان مارىنو:Shèngmǎlìnuò
سان مارىنو:圣马力诺
سان مارىنو:聖馬力諾
سان مارىينو:Shèngmǎlìnuò
سان مارىينو:圣马力诺
سان مارىينو:聖馬力諾
سان مارين:Shèngmǎlìnuò
سان مارين:圣马力诺
سان مارين:聖馬力諾
سان مارينو:Shèngmǎlìnuò
سان مارينو:圣马力诺
سان مارينو:聖馬力諾
سان مارینو شہر:圣马力诺
سان مارینو شہر:聖馬力諾
سان مارینو کا اعزازی قونصل خانہ:圣马力诺名誉领事馆
سان مارینو:Shèngmǎlìnuò
سان مارینو:圣马力诺
سان مارینو:聖馬力諾
سان مارینۆ:Shèngmǎlìnuò
سان مارینۆ:圣马力诺
سان مارینۆ:聖馬力諾
سان مرینو شہر:圣马力诺
سان مرینو شہر:聖馬力諾
سان مرینو:Shèngmǎlìnuò
سان مرینو:圣马力诺
سان مرینو:聖馬力諾
سان هوز:聖荷西
سان پيڊرو:聖佩德羅
سان ڈیاگو:圣迭戈
سان ڈیاگو:聖地牙哥
سان ڊياگو:圣迭戈
سان ڊياگو:聖地牙哥
سان کریستوبال، تاچیرا:聖克里斯托瓦爾
سان ہوزے:圣何塞
سان ہوزے:聖荷西
سان-1:桑斯-1
سان-2:桑斯-2
سان-پیدرو:聖佩德羅
سان:桑斯
سانائەت رايونى:工业区社区
ساناتورن:薩納托爾諾耶
سانت ألبانز:聖奧爾本斯
سانت أوغسطين (فلوريدا):圣奥古斯丁
سانت أوغسطين (فلوريدا):聖奧古斯丁
سانت إتيان:圣艾蒂安
سانت البانز:聖奧爾本斯
سانت بطرسبرغ:圣彼得堡
سانت بطرسبرغ:聖彼得堡
سانت بول:圣保罗
سانت بول:聖保羅
سانت جورج:圣乔治
سانت جورج:圣乔治堂区
سانت جورج:圣乔治斯
سانت جورجز:圣乔治
سانت جونز:聖約翰
سانت جونس:圣约翰斯
سانت جونس:聖約翰斯
سانت جۆنس:圣约翰斯
سانت جۆنس:聖約翰
سانت جۆنس:聖約翰斯
سانت شابيل:圣徒礼拜堂
سانت شابيل:聖徒禮拜堂
سانت كاثرينز:圣凯瑟琳斯
سانت كيتس ونيفس:圣基茨和尼维斯
سانت كيتس ونيفس:聖克里斯多福及尼維斯
سانت كيتس ونيفس:聖基茨和尼維斯
سانت كيتس ونيفيس:圣基茨和尼维斯
سانت كيتس ونيفيس:聖克里斯多福及尼維斯
سانت كيتس ونيفيس:聖基茨和尼維斯
سانت لوسيا:圣卢西亚
سانت لوسيا:圣卢西亚 / 聖露西亞
سانت لوسيا:聖盧西亞
سانت لوسيا:聖露西亞
سانت لويس:圣路易斯
سانت لويس:聖路易區
سانت لويس:聖路易斯
سانت مارتن (فرنسا):圣马丁 (法国)
سانت مارتن (فرنسا):圣马丁 (法国) / 聖馬丁 (法國)
سانت مارتن (فرنسا):聖馬丁 (法國)
سانت مارتن:圣马丁
سانت مارتن:聖馬丁
سانت هيلانة:圣赫勒拿
سانت هيلانة:聖海倫娜島
سانت هيلينا:圣赫勒拿
سانت هيلينا:聖海倫娜島
سانت هيلينا، أسينسيون وتريستان دا كونها:圣赫勒拿、阿森松和特里斯坦-达库尼亚
سانت ڤينسنت و لݣرونادين:圣文森特和格林纳丁斯
سانت ڤينسنت و لݣرونادين:圣文森特和格林纳丁斯 / 聖文森及格瑞那丁
سانت ڤينسنت و لݣرونادين:聖文森及格瑞那丁
سانت ڤينسنت و لݣرونادين:聖文森特和格林納丁斯
سانت:桑特苏木
سانتا آنا:圣安娜
سانتا النا دی ائیرن:聖埃倫娜德瓦伊倫
سانتا باربارا:圣巴巴拉
سانتا باربرا:圣巴巴拉
سانتا ریتا:聖里塔
سانتا فه:圣菲省
سانتا فه:聖塔菲省
سانتا فه:聖大非省
سانتا فه:聖菲省
سانتا في:圣菲省
سانتا في:聖塔菲省
سانتا في:聖大非省
سانتا في:聖菲省
سانتا فيه:圣菲
سانتا فيه:聖塔菲
سانتا فيه:聖菲
سانتا فيه:聖達菲
سانتا فے:圣菲省
سانتا فے:聖塔菲省
سانتا فے:聖大非省
سانتا فے:聖菲省
سانتا كاتارينا:圣卡塔琳娜州
سانتا كاتارينا:聖卡塔琳娜縣
سانتا كروث دي تينيريفه:圣克鲁斯-德特内里费
سانتا كروث دي تينيريفه:圣克鲁斯-德特内里费省
سانتا كروز:圣塔克鲁兹
سانتا كروز:圣塔克鲁兹县
سانتا كروز:聖塔克魯茲
سانتا كروز:聖塔克魯茲縣
سانتا كروز:聖塔克魯茲郡
سانتا كلارا:圣克拉拉
سانتا كلارا:聖塔克拉拉
سانتا مونيكا:圣莫尼卡
سانتا مونيكا:聖塔莫尼卡
سانتا کاتارینا دو فوگو، کیپ ورڈی:福古聖卡塔琳娜縣
سانتا کاتارینا دو فگو:福古聖卡塔琳娜縣
سانتا کاتارینا:圣卡塔琳娜州
سانتا کاتارینا:聖卡塔琳娜縣
سانتا کاتارینا، کیپ ورڈی:聖卡塔琳娜縣
سانتا کروز:聖克魯斯縣
سانتا کروز، کیپ ورڈی:聖克魯斯縣
سانتا کلارا:圣克拉拉
سانتافه:圣菲省
سانتافه:聖塔菲省
سانتافه:聖大非省
سانتافه:聖菲省
سانتاندر:桑坦德
سانتاندير:桑坦德
سانتاڭحۋ قالاشىعى:三塘湖镇
سانتو دومنگو:聖多明各
سانتو دومىنگو:聖多明各
سانتو دومينجو:聖多明各
سانتو دومینقو:聖多明各
سانتو دومینگو:聖多明各
سانتياغو دي كوبا:古巴圣地亚哥
سانتياغو:圣地亚哥
سانتياغو:聖地亞哥
سانتياغو:聖地亞哥/圣地亚哥
سانتياغو:聖地牙哥
سانتیاګو:圣地亚哥
سانتیاګو:聖地亞哥
سانتیاګو:聖地亞哥/圣地亚哥
سانتیاګو:聖地牙哥
سانتیاگو د کامپوستلا:圣地亚哥－德孔波斯特拉
سانتیاگو د کامپوستلا:聖地亞哥德孔波斯特拉
سانتیاگو د کوبا:古巴圣地亚哥
سانتیاگو دی کیوبا:古巴圣地亚哥
سانتیاگو میٹروپولیٹن علاقہ:圣地亚哥首都大区
سانتیاگو میٹروپولیٹن علاقہ:聖地亞哥首都大區
سانتیاگو میٹروپولیٹن علاقہ:聖地牙哥首都大區
سانتیاگو:圣地亚哥
سانتیاگو:聖地亞哥
سانتیاگو:聖地亞哥/圣地亚哥
سانتیاگو:聖地牙哥
سانتیاگۆ:圣地亚哥
سانتیاگۆ:聖地亞哥
سانتیاگۆ:聖地亞哥/圣地亚哥
سانتیاگۆ:聖地牙哥
سانت‌مارغاچ:桑特玛尔嘎茨苏木
سانجو، نييغاتا:三條市
سانجى خۇيزۇ ئاپتونوم ئوبلاستى:Changji Huizu Zizhizhou
سانجى خۇيزۇ ئاپتونوم ئوبلاستى:Chāngjí Huízú Zìzhìzhōu
سانجى خۇيزۇ ئاپتونوم ئوبلاستى:昌吉回族自治州
سانجى خۇيزۇ ئاپتونوم ئوبلاستى:昌吉州
سانجى شەھىرى:Chāngjí Shì
سانجى شەھىرى:昌吉市
سانجى:昌吉市
سانجۇ بازىرى:桑株鎮
سانجۇ بازىرى:桑株镇
سانجۇ دەرياسى:sāngzhū hé
سانجۇ دەرياسى:桑株河
سانجۇ سۇ ئامبىرى:桑株水库
سانجۇ:桑株村
سانجی:昌吉市
ساندرلند:新特蘭
ساندرلند:桑德兰
ساندىعوزى قالاشىعى:sāndàohézǐ zhèn
ساندىعوزى قالاشىعى:三道河子镇
ساندىعوزى:sāndàohézǐ zhèn
ساندىعوزى:三道河子鎮
ساندىعوزى:三道河子镇
ساندىققۇم:散德克库木村
سانساكو بازىرى:sānchàkǒu zhèn
سانساكو بازىرى:三岔口镇
سانسول:青松面
سانسىزباي كوكتەرەك:桑孜拜阔克铁列克村
سانشا:Sānshā Shì
سانشا:三沙市
سانشوی:Sānshuǐ Qū
سانشوی:三水
سانشوی:三水区
سانشوی:三水區
سانغلي:桑格利
سانقاو:上侯
سانقاو:桑高
سانكتي سبريتوس:圣斯皮里图斯市
سانمو، تشيبا:山武市
سانو، توتشيغي:佐野市
سانوكي، كاغاوا:讚岐市
سانوكي، كاغاوا:赞岐市
سانيا:sānyà shì
سانيا:三亚市
سانيا:三亞
سانيا:三亞市
سانيفال:阳谷
سانيفال:陽谷
سانيو-أونودا، ياماغوتشي:山阳小野田市
سانيو-أونودا، ياماغوتشي:山陽小野田市
سانيۋانزى:​三园子村
سانٽياگو:圣地亚哥
سانٽياگو:聖地亞哥
سانٽياگو:聖地亞哥/圣地亚哥
سانٽياگو:聖地牙哥
سانکتی اسپیریتوس:圣斯皮里图斯市
سانکتی سپیریتوس:圣斯皮里图斯市
سانکورو:桑库鲁省
سانکورو:桑庫魯省
سانگدونگ:上东邑
سانگدونگ:上東邑
سانگسول:上述里
سانگلی ضلع:桑格利
سانگلی:桑格利
سانگهار:桑克尔
سانگهڙ:桑克尔
سانگوم:桑阴里
سانگوم:桑陰里
سانگړ:桑克尔
سانگژیانگ:Sōngjiāng Qū
سانگژیانگ:松江区
سانگژیانگ:松江區
سانگھا-مبایرے:桑加-姆巴埃雷省
سانگھڑ:桑克尔
سانگۇڭ:​三工村
سانیا (شهر):sānyà shì
سانیا (شهر):三亚市
سانیا (شهر):三亞
سانیا (شهر):三亞市
سانیا:sānyà shì
سانیا:三亚市
سانیا:三亞
سانیا:三亞市
سان‌ فرانسیسکو:三藩市
سان‌ فرانسیسکو:旧金山
سان‌ فرانسیسکو:舊金山
ساهارسا:萨哈尔萨
ساهرایا رۆژاڤا:西撒哈拉
ساهیل:萨赫勒
ساو باولو:圣保罗
ساو باولو:圣保罗州
ساو باولو:聖保羅
ساو باولو:聖保羅/圣保罗
ساو باولو:聖保羅州
ساو توم تہٕ پرٛنسِپی:Shèngduōměi hé Pǔlínxībǐ
ساو توم تہٕ پرٛنسِپی:圣多美和普林西比
ساو توم تہٕ پرٛنسِپی:圣多美和普林西比 / 聖多美普林西比
ساو توم تہٕ پرٛنسِپی:聖多美普林西比
ساو تومي:圣多美
ساو تومي:圣多美 / 聖多美
ساو تومي:聖多美
ساو فيسينتي:圣维森特岛
ساو فيسينتي:聖維森特縣
ساو فيليب:聖菲利佩縣
ساو لويز:圣路易斯
ساو ٹومے:圣多美
ساو ٹومے:圣多美 / 聖多美
ساو ٹومے:聖多美
ساو پاولو:圣保罗
ساو پاولو:聖保羅
ساو پاولو:聖保羅/圣保罗
ساوا علاقہ:薩瓦區
ساوا:萨瓦河
ساوا:薩瓦區
ساوا:薩瓦河
ساوان:Shāwān Shì
ساوان:沙湾市
ساوان:沙灣市
ساواناخیت صوبہ:沙湾拿吉省
ساوانیس علاقہ، ٹوگو:草原區
ساوانے ضلع:薩凡納區
ساوت نورث‌همپتون‌شر:北安普敦郡南區
ساوتند-آن-سی:修安
ساوتند-آن-سی:濱海紹森德
ساوتھامپتن:修咸頓
ساوتھامپتن:南安普敦
ساوت‌همپتون:修咸頓
ساوت‌همپتون:南安普敦
ساوث لانركشاير:南拉纳克郡
ساوثند أون سي:修安
ساوثند أون سي:濱海紹森德
ساوثند اون سى:修安
ساوثند اون سى:濱海紹森德
ساوثهامبتون:修咸頓
ساوثهامبتون:南安普敦
ساولكراستي:紹爾克拉斯蒂
ساولکراستی:紹爾克拉斯蒂
ساومای:首梅
ساوور:薩武爾
ساي كەنتى كومىتىتى:萨依村村委会
ساي كەنتى:萨依村
ساي يۇقىرى سۈرئەتلىك يولى:河滩快速路
ساي چىن كۆلى:阿克赛钦河
ساي چىن كۆلى:阿克赛钦湖
ساي:萨依村
سايئۆستەڭ:萨依吾斯塘村
ساياتەرەك:​萨亚铁热克村
ساياتەرەك:萨亚铁热克村
سايانسك:薩彥斯克
سايانوغورسك:萨彦诺戈尔斯克
سايباع:萨依巴格社区
سايباغ رايونى:Shāyībākè Qū
سايباغ رايونى:沙依巴克区
سايباغ رايونى:沙依巴克區
سايباغ كوچا باشقارمىسى:sàyībāgé jiēdào
سايباغ كوچا باشقارمىسى:萨依巴格街道
سايباغ كوچا باشقارمىسى:薩依巴格街道
سايباغ كەنتى:萨依巴格村
سايباغ يىزىسى:萨依巴格乡
سايباغ يېزىسى:sàyībāgé xiāng
سايباغ يېزىسى:萨依巴格乡
سايباغ يېزىسى:薩依巴格鄉
سايباغ:Shāyībākè Qū
سايباغ:sàyībāgé xiāng
سايباغ:​萨依巴克村
سايباغ:沙依巴克区
سايباغ:沙依巴克區
سايباغ:萨依巴格乡
سايباغ:萨依巴格村
سايباغ:萨依巴格社区
سايباغ:薩依巴格鄉
سايباق ايىلى:sàyībāgé xiāng
سايباق ايىلى:萨依巴格乡
سايباق ايىلى:薩依巴格鄉
سايباق اۋىلى:sàyībāgé xiāng
سايباق اۋىلى:萨依巴格乡
سايباق اۋىلى:薩依巴格鄉
سايباق قىستاعى:萨依巴格村
سايباق:sàyībāgé xiāng
سايباق:​萨依巴克村
سايباق:萨依巴格乡
سايباق:萨依巴格村
سايباق:薩依巴格鄉
سايبان:塞班岛
سايبويى كوچا باشقارمىسى‎:萨依布依街道
سايبويى:萨依布依街道
سايتاما، سايتاما:埼玉市
سايتو، ميازاكي:西都市
سايدۆڭ باغۋەنچىلىك مەيدانى:巴州沙依东园艺场
سايرام اۋدانى:賽拉姆區
سايرام بازىرى:赛里木镇
سايرام كۆلى:Sàilǐmù hú
سايرام كۆلى:赛里木湖
سايكاي، ناغاساكي:西海市
سايكي، أويتا:佐伯市
ساينت هيلير:圣赫利尔
ساينت هيلير:聖赫利爾
سايگون:胡志明市
ساپارباي ايىلى:sèpàbāyī xiāng
ساپارباي ايىلى:色帕巴依乡
ساپارباي ايىلى:色帕巴依鄉
ساپارباي اۋىلى:sèpàbāyī xiāng
ساپارباي اۋىلى:色帕巴依乡
ساپارباي اۋىلى:色帕巴依鄉
ساپارباي قىستاعى:色帕巴依村
ساپارباي قىشتاعى:色帕巴依村
ساپارباي كەنتى:色帕巴依村
ساپارباي يېزىسى:sèpàbāyī xiāng
ساپارباي يېزىسى:色帕巴依乡
ساپارباي يېزىسى:色帕巴依鄉
ساپارباي:sèpàbāyī xiāng
ساپارباي:色帕巴依乡
ساپارباي:色帕巴依鄉
ساپاربای ئاوىُلىُ:sèpàbāyī xiāng
ساپاربای ئاوىُلىُ:色帕巴依乡
ساپاربای ئاوىُلىُ:色帕巴依鄉
ساپاربای ئاۋىُلىُ‎:sèpàbāyī xiāng
ساپاربای ئاۋىُلىُ‎:色帕巴依乡
ساپاربای ئاۋىُلىُ‎:色帕巴依鄉
ساپاربای اتراپچاسیٛ:sèpàbāyī xiāng
ساپاربای اتراپچاسیٛ:色帕巴依乡
ساپاربای اتراپچاسیٛ:色帕巴依鄉
ساپاربای:sèpàbāyī xiāng
ساپاربای:色帕巴依乡
ساپاربای:色帕巴依鄉
ساپاق:萨帕克村
ساپانجا:萨潘贾
ساپوتسکین:索波茨金
ساپورو:札幌市
ساپیونگ:沙坪里
ساکسۆنیای خواروو:下萨克森州
ساکسۆنیای خواروو:下薩克森州
ساکون ناکھون صوبہ:沙功那空府
ساکون ناکھون صوبہ:色軍府
ساکیان:Sùqiān Shì
ساکیان:宿迁市
ساکیان:宿遷
ساکیان:宿遷市
ساگا:佐賀市
ساگا:佐贺市
ساگاینگ علاقہ:实皆省
ساگاینگ:实皆
ساگاینگ:實皆
ساہیوال کول پاور پلانٹ:旁遮普省华能如意萨希瓦尔电站
ساۋان قالاسى:Shāwān Shì
ساۋان قالاسى:沙湾市
ساۋان قالاسى:沙灣市
ساۋان:Shāwān Shì
ساۋان:沙湾市
ساۋان:沙灣市
ساۋخۇ بازىرى‎:草湖镇
ساۋۇ:​沙沃村
ساۋەن شەھىرى:Shāwān Shì
ساۋەن شەھىرى:沙湾市
ساۋەن شەھىرى:沙灣市
ساۋەن ناھىيىسى:Shāwān Shì
ساۋەن ناھىيىسى:沙湾市
ساۋەن ناھىيىسى:沙灣市
ساۋەن:Shāwān Shì
ساۋەن:沙湾市
ساۋەن:沙灣市
سایانسک:薩彥斯克
سایانوگورسک:萨彦诺戈尔斯克
سایبا:塞瓦
سایباغ قصبه‌سی:sàyībāgé xiāng
سایباغ قصبه‌سی:萨依巴格乡
سایباغ قصبه‌سی:薩依巴格鄉
سایباغ:sàyībāgé xiāng
سایباغ:萨依巴格乡
سایباغ:薩依巴格鄉
سایت آزمایش سمیپالاتینسک:塞米巴拉金斯克基地
سایت دروپینار:杜鲁品纳爾遺址
سایخان:赛汗苏木
سایخان‌اوبو:察罕鄂博苏木
سایخان‌اوبو:赛汗鄂博县
سایخان‌دولان:赛罕都兰苏木
سایدونگ:巴州沙依东园艺场
سایزریا:萨莉亚
سایفرٛس:Sàipǔlùsī
سایفرٛس:塞浦路斯
سایفرٛس:塞浦路斯/賽普勒斯
سایفرٛس:賽普勒斯
ساینیابولی:沙耶武里
ساین‌شاند:賽音山達
ساین‌شاند:赛音山达
سایوتومه او پرنسیپ:Shèngduōměi hé Pǔlínxībǐ
سایوتومه او پرنسیپ:圣多美和普林西比
سایوتومه او پرنسیپ:圣多美和普林西比 / 聖多美普林西比
سایوتومه او پرنسیپ:聖多美普林西比
سایوتومه:圣多美
سایوتومه:圣多美 / 聖多美
سایوتومه:聖多美
سایپن:塞班岛
سباس-دمينسك:斯帕斯-傑緬斯克
سباس-كلبيكي:斯帕斯-克列皮基
سباوه:实包勿
سبتة:休达
سبته:休达
سبج:謝別日
سبرانق براي الجنوبية:威南县
سبرانق براي الجنوبية:威南縣
سبرانق براي الشمالية:威北县
سبرانق براي الوسطى:威中县
سبرڠ ڤراي سلاتن:威南县
سبرڠ ڤراي:威省
سبزوار:萨卜泽瓦尔
سبزہ زار:沙布薩薩爾
سبسب:塞卜塞卜
سبقاق:塞卜加格
سبليت:史普利特
سبليت:斯普利特
سبليت:施普利特
سبنگو:萨维尼亚尼戈
سبها:塞卜哈省
سبو:宿务
سبو:宿霧
سبو:宿霧/宿务
سبوكان فالي:斯波坎谷
سبوكين:斯波坎
سبژ:謝別日
سبڤاڤ:塞卜加格
سبیلے:薩比萊
ستاد انفيلد:安菲尔德球场
ستاد انفيلد:晏菲路球場
ستاد خليفة الدولي:哈利法国际体育场
ستاد ويمبلى:温布利球场
ستاد ويمبلى:溫布萊球場
ستاديوم مرديک:默迪卡体育馆
ستاديوم مرديک:默迪卡體育館
ستاديوم ناسيونل بوکيت جليل:武吉加里尔国家体育场
ستار سيلو:舊謝洛
ستارايا روسا:旧鲁萨
ستاروبيلسك:舊比利斯克
ستارودوب:斯塔罗杜布
ستاري اوسكول:舊奧斯科爾
ستاري قرم:舊克里木
ستاری گراد:斯塔里格勒
ستافانغر:斯塔萬格
ستافروبول:斯塔夫罗波尔
ستافروبول:斯塔夫羅波爾
ستان کوستروما:科斯特罗马州
ستان کوستروما:科斯特羅馬州
ستانفورد ئۇنىۋېرستېتى:史丹福大學
ستانفورد ئۇنىۋېرستېتى:斯坦福大学
ستانفورد:史丹福
ستانفورد:斯坦佛
ستانلي:斯坦利港
ستاڤق:文良港
ستاگایا، توکیو:世田谷區
ستراسبورغ-1:斯特拉斯堡-1
ستراسبورغ-2:斯特拉斯堡-2
ستراسبورغ-3:斯特拉斯堡-3
ستراسبورغ-4:斯特拉斯堡-4
ستراسبورغ-5:斯特拉斯堡-5
ستراسبورغ-6:斯特拉斯堡-6
ستراسبورغ:史特拉斯堡
ستراسبورغ:斯特拉斯堡
ستراسبورگ-1:斯特拉斯堡-1
ستراسبورگ-2:斯特拉斯堡-2
ستراسبورگ-3:斯特拉斯堡-3
ستراسبورگ-4:斯特拉斯堡-4
ستراسبورگ-5:斯特拉斯堡-5
ستراسبورگ-6:斯特拉斯堡-6
ستراسبورگ:史特拉斯堡
ستراسبورگ:斯特拉斯堡
سترجفوي:斯特列熱沃伊
سترليتاماك:斯捷爾利塔馬克
ستروميكا:斯特魯米察
ستروميكا:斯特鲁米察
سترومیتسا:斯特魯米察
سترومیتسا:斯特鲁米察
سترويتل:斯特羅伊捷利
ستلج:象泉河
ستنده:斯滕代
ستنيي:切庭耶
ستنيي:策提涅
ستنيي:采蒂涅
ستوانګر:斯塔萬格
ستوبينو:斯图皮诺
ستوروژینتس:斯托羅日涅茨
ستوك أون ترينت:史篤城
ستوك أون ترينت:特倫特河畔斯托克
ستوك اون ترينت:史篤城
ستوك اون ترينت:特倫特河畔斯托克
ستوكتون اون تيز:蒂斯河畔斯托克頓
ستوكتون:史塔克頓
ستوكتون:士德頓
ستوكتون:士德顿
ستوكتون:斯托克顿
ستوكهولم:斯德哥尔摩
ستوكهولم:斯德哥爾摩
ستولاک:斯托拉茨
ستون آرکادیوس:阿卡狄奧斯柱
ستون كانيون:Shí xiágǔ
ستون كانيون:石峡谷
ستون كانيون:石峽谷
ستون مار:螺旋圆柱
ستون کنستانتین:君士坦丁纪念柱
ستونهنج:巨石阵
ستونهنج:巨石陣
ستون‌های هرکول:海格力斯之柱
ستوکمارکنس:斯托克馬克內斯
ستياوڠسا:斯迪亚旺沙
ستيبانتسميندا:斯捷潘茨明达
ستيبنوجورسك:斯捷普諾戈爾斯克
ستيبنوغورسك:斯捷普諾戈爾斯克
ستيو:士兆县
ستپنوگورسک:斯捷普諾戈爾斯克
ستۆنھێنج:巨石阵
ستۆنھێنج:巨石陣
ستۆکھۆڵم:斯德哥尔摩
ستۆکھۆڵم:斯德哥爾摩
ستێپنۆگۆرسک:斯捷普諾戈爾斯克
ستەور:薩武爾
ستەپنوگورسك:斯捷普諾戈爾斯克
سجن بغداد المركزي:巴格达中央监狱
سجن نونغ بوا لامفو:农宝林富监狱
سجنی:塞伊内
سحابة الشيشة:水煙雲
سخالين:Kùyè Dǎo
سخالين:库页岛
سخالين:庫頁島
سخاون- داوفللاند:斯豪文-德伊弗兰
سخباتار صوبہ:Xīnbā'ěrhǔ Yòu Qí
سخباتار صوبہ:苏赫巴托尔省
سخباتار صوبہ:蘇赫巴托爾省
سخباتار صوبہ:蘇赫巴托盟
سخومی:苏呼米
سخومی:苏呼米/蘇呼米
سخومی:蘇呼米
سد البحر:塞迪爾巴希爾
سد الممرات الثلاثة:Sānxiá Dàbà
سد الممرات الثلاثة:三峡大坝
سد الممرات الثلاثة:三峽大壩
سد جین پینگ:锦屏一级水电站
سد داگشان:大岗山大坝
سد زایلودو:Xīluòdù Dàbà
سد زایلودو:溪洛渡大坝
سد زایلودو:溪洛渡大壩
سد شوانگگیانگکو:双江口大坝
سد لیانگوکو:两河口水库
سد هوزیان:猴子岩水电站
سد چنگبا:长河坝水电站
سد گوندی:官地大坝
سد یله:冶勒水坝
سدالبحر:塞迪爾巴希爾
سدروت:斯德洛特
سدرپشچم پردیش:远西省
سدونا:塞多纳
سديروت:斯德洛特
سدیروت:斯德洛特
سدیو:塞久區
سر دریا:錫爾河
سر دریا:锡尔河
سر پل:萨尔普勒
سر پل:萨尔普勒/薩爾普勒
سر پل:薩爾普勒
سرائیوو:塞拉耶佛
سرائیوو:萨拉热窝
سرائیوو:薩拉熱窩
سرائیڡو:塞拉耶佛
سرائیڡو:萨拉热窝
سرائیڡو:薩拉熱窩
سرائے:薩拉伊
سرائےکوئے:薩拉伊柯伊
سرائےکینت:薩拉伊肯特
سرافاله:塞拉瓦莱
سراواک:砂拉越州
سراوق:砂拉越州
سراييفو سيتي سنتر:塞拉耶佛市中心
سراييفو سيتي سنتر:薩拉熱窩市中心
سراييفو:塞拉耶佛
سراييفو:萨拉热窝
سراييفو:薩拉熱窩
سرای:薩拉伊
سرای‌کند:薩拉伊肯特
سرای‌کوی:薩拉伊柯伊
سربرنيتسا:斯雷布雷尼察
سربرنیتسا:斯雷布雷尼察
سربل:萨尔普勒
سربل:萨尔普勒/薩爾普勒
سربل:薩爾普勒
سربنیتسا:斯雷布雷尼察
سربوخوف:謝爾普霍夫
سربيا:塞尔维亚
سربيا:塞爾維亞
سربیا کا اعزازی قونصل خانہ:塞尔维亚名誉领事馆
سربیا کا سفارت خانہ:塞尔维亚大使馆
سربیا کے قونصلیٹ جنرل:塞尔维亚总领事馆
سربیا:Sàiěrwéiyà
سربیا:塞尔维亚
سربیا:塞爾維亞
سرت:蘇爾特省
سرت:蘇特
سرجئیف پاساد:謝爾吉耶夫鎮
سرحد آباد:库什卡
سرحد ژام:樟木口岸
سرحدآباد:库什卡
سرخ آب:瓦赫什河
سرخ دریا:紅海
سرخ دریا:红海
سرخ دریا:红海/紅海
سرخ ساحل:红色海滩
سرخان دریا صوبہ:苏尔汉河州
سرخان‌دریا ویلایت:苏尔汉河州
سردار:克孜勒阿爾巴特
سردانية:撒丁岛
سردينيا:撒丁岛
سرزمین ادلی:阿黛利地
سرزمین باسک (منطقه بزرگ‌تر):巴斯克地區
سرزمین شهبانو ماود:毛德皇后地
سرزمین قبایلی:卡比利亚
سرزمین کراسنودار:克拉斯诺达尔边疆区
سرزمین‌های فلسطینی:巴勒斯坦
سرزمین‌های فلسطینی:巴勒斯坦國
سرزمین‌های کاتالان:加泰罗尼亚语地区
سرزمین‌های کاتالان:加泰隆尼亞語地區
سرغودها:萨戈达
سرغيايف بوساد:謝爾吉耶夫鎮
سرقسطة:札拉哥沙
سرقسطة:萨拉戈萨
سرقسطہ:札拉哥沙
سرقسطہ:萨拉戈萨
سرقوسة:叙拉古
سرقوسة:锡拉库萨
سرمبان:芙蓉
سرمبان:芙蓉县
سرمسکا میترووتسا:斯雷姆斯卡米特罗维察
سرمسکا میتروویتسا:斯雷姆斯卡米特罗维察
سرمسکی کارلووتسی:斯雷姆斯基卡尔洛夫奇
سرواله:塞拉瓦莱
سروبا:塞尔维亚
سروبا:塞爾維亞
سروج:蘇魯奇
سروف:謝羅夫
سرووج:蘇魯奇
سرىلانكا:斯里兰卡
سرىلانكا:斯里兰卡 / 斯里蘭卡
سرىلانكا:斯里蘭卡
سري أمان:斯里阿曼
سري إسكندر:斯里依斯干达
سري جاياواردنابورا كوتي:斯里賈亞瓦德納普拉科特
سري جاياواردنابورا كوتي:斯里贾耶瓦德内普拉科特
سري دليما:斯里德里玛
سري دليما:斯里德里瑪
سري رامڤأي:南北花园
سري رامڤأي:南北花園
سري كمبڠن:史里肯邦安
سري مانجونق:斯里曼绒
سري نگر:斯利那加
سري ڤتاليڠ:大城堡
سريا:索里亚
سريان:西连
سريان:西连省
سريدنكوليمسك:中科雷姆斯克
سريدنورالسك:中烏拉爾斯克
سريك:塞里克
سريكي:泗里街
سريكي:泗里街省
سريلانكا:斯里兰卡
سريلانكا:斯里兰卡 / 斯里蘭卡
سريلانكا:斯里蘭卡
سريمسكا ميتروفيتشا:斯雷姆斯卡米特罗维察
سرين حصار:塞林希薩爾
سرينغر:斯利那加
سرپسکا:塞族共和国
سرپسکا:塞族共和國
سرپل ولايت:萨尔普勒省
سرپل ولايت:薩亞普省
سرپل ولايت:薩爾普勒省
سرپل ولسوالۍ:萨尔普勒
سرپل ولسوالۍ:萨尔普勒/薩爾普勒
سرپل ولسوالۍ:薩爾普勒
سرپل ویلایتی:萨尔普勒省
سرپل ویلایتی:薩亞普省
سرپل ویلایتی:薩爾普勒省
سرپل:萨尔普勒省
سرپل:萨尔普勒省/薩爾普勒省
سرپل:薩爾普勒省
سرپوخوف:謝爾普霍夫
سرپينجڪ ڍنڍ:塞尔平吉克湖
سرژیپه:塞尔希培州
سرک:薩克島
سرکنسولگری آذربایجان:阿塞拜疆总领事馆
سرکنسولگری آلبانی:阿尔巴尼亚总领事馆
سرکنسولگری آلمان:德国总领事馆
سرکنسولگری آنگولا:安哥拉总领事馆
سرکنسولگری اتریش:奥地利总领事馆
سرکنسولگری استرالیا:澳大利亚总领事馆
سرکنسولگری اسرائیل:以色列总领事馆
سرکنسولگری اسلواکی:斯洛伐克总领事馆
سرکنسولگری اسپانیا:西班牙总领事馆
سرکنسولگری افتخاری فنلاند:芬兰名誉总领事馆
سرکنسولگری افتخاری نروژ:挪威名誉总领事馆
سرکنسولگری افغانستان:阿富汗总领事馆
سرکنسولگری الجزایر:阿尔及利亚总领事馆
سرکنسولگری امارات متحده عربی:阿拉伯联合酋长国总领事馆
سرکنسولگری اندونزی:印度尼西亚总领事馆
سرکنسولگری اوکراین:乌克兰总领事馆
سرکنسولگری ایالات متحده:美国总领事馆
سرکنسولگری ایتالیا:意大利总领事馆
سرکنسولگری ایران:伊朗总领事馆
سرکنسولگری برزیل:巴西总领事馆
سرکنسولگری بریتانیا:英国总领事馆
سرکنسولگری بلاروس:白俄罗斯总领事馆
سرکنسولگری بلغارستان:保加利亚总领事馆
سرکنسولگری بلژیک:比利时总领事馆
سرکنسولگری بنگلادش:孟加拉国总领事馆
سرکنسولگری بوسنی و هرزگوین:波斯尼亚和黑塞哥维那总领事馆
سرکنسولگری تاجیکستان:塔吉克斯坦总领事馆
سرکنسولگری ترکمنستان:土库曼斯坦总领事馆
سرکنسولگری ترکیه:土耳其总领事馆
سرکنسولگری تونس:突尼斯总领事馆
سرکنسولگری جمهوری چک:捷克共和国总领事馆
سرکنسولگری دانمارک:丹麦总领事馆
سرکنسولگری روسیه:俄罗斯总领事馆
سرکنسولگری رومانی:罗马尼亚总领事馆
سرکنسولگری سوئد:瑞典总领事馆
سرکنسولگری سوئیس:瑞士总领事馆
سرکنسولگری سودان:苏丹总领事馆
سرکنسولگری سوریه:叙利亚总领事馆
سرکنسولگری صربستان:塞尔维亚总领事馆
سرکنسولگری عراق:伊拉克总领事馆
سرکنسولگری عربستان سعودی:沙特阿拉伯总领事馆
سرکنسولگری فرانسه:法国总领事馆
سرکنسولگری فلسطین:巴勒斯坦总领事馆
سرکنسولگری فیلیپین:菲律宾总领事馆
سرکنسولگری قرقیزستان:吉尔吉斯斯坦总领事馆
سرکنسولگری قزاقستان:哈萨克斯坦总领事馆
سرکنسولگری قطر:卡塔尔总领事馆
سرکنسولگری لبنان:黎巴嫩总领事馆
سرکنسولگری لهستان:波兰总领事馆
سرکنسولگری لیبی:利比亚总领事馆
سرکنسولگری مالت:马耳他总领事馆
سرکنسولگری مالزی:马来西亚总领事馆
سرکنسولگری مجارستان:匈牙利总领事馆
سرکنسولگری مراکش:摩洛哥总领事馆
سرکنسولگری مصر:埃及总领事馆
سرکنسولگری مغولستان:蒙古总领事馆
سرکنسولگری مقدونیه شمالی:北马其顿总领事馆
سرکنسولگری مولداوی:摩尔多瓦总领事馆
سرکنسولگری مونته نگرو:黑山总领事馆
سرکنسولگری مکزیک:墨西哥总领事馆
سرکنسولگری هلند:荷兰总领事馆
سرکنسولگری هند:印度总领事馆
سرکنسولگری پاناما:巴拿马总领事馆
سرکنسولگری پاکستان:巴基斯坦总领事馆
سرکنسولگری چین:中国驻纽约总领事馆
سرکنسولگری ژاپن:日本总领事馆
سرکنسولگری کانادا:加拿大总领事馆
سرکنسولگری کره جنوبی:韩国总领事馆
سرکنسولگری کرواسی:克罗地亚总领事馆
سرکنسولگری کوبا:古巴总领事馆
سرکنسولگری کوزوو:科索沃总领事馆
سرکنسولگری یونان:希腊总领事馆
سرگاسو سمنڊ:馬尾藻海
سرگاسو سمنڊ:马尾藻海
سرگودا:萨戈达
سرگودها:萨戈达
سرگودھا:萨戈达
سرگوڌا:萨戈达
سرگییف پوساد:謝爾吉耶夫鎮
سرہدنیکولیمسک:中科雷姆斯克
سری جے وردھنے پورا کوٹے:斯里賈亞瓦德納普拉科特
سری جے وردھنے پورا کوٹے:斯里贾耶瓦德内普拉科特
سری لنکا کا اعزازی قونصل خانہ:斯里兰卡名誉领事馆
سری لنکا کا سفارت خانہ:斯里兰卡大使馆
سری لنکا:斯里兰卡
سری لنکا:斯里兰卡 / 斯里蘭卡
سری لنکا:斯里蘭卡
سری نگر:斯利那加
سریا:索里亚
سریبرینیتسا:斯雷布雷尼察
سریق:塞里克
سریلانکا:斯里兰卡
سریلانکا:斯里兰卡 / 斯里蘭卡
سریلانکا:斯里蘭卡
سرین حصار:塞林希薩爾
سرینام کا اعزازی قونصل خانہ:苏里南名誉领事馆
سرینگر:斯利那加
سرین‌حصار:塞林希薩爾
سریک:塞里克
سری‌قمیش کۉلی:萨雷卡梅什湖
سری‌لانکا:斯里兰卡
سری‌لانکا:斯里兰卡 / 斯里蘭卡
سری‌لانکا:斯里蘭卡
سسواین:采斯瓦伊內
سسکیچون:萨斯喀彻温省
سسکیچون:薩斯喀徹溫省
سشلز:塞席爾
سشلز:塞舌尔
سشلز:塞舌尔 / 塞席爾
سشلز:塞舌爾
سشلیز:Sàishéěr Qúndǎo
سشلیز:塞席爾
سشلیز:塞舌尔
سشلیز:塞舌尔 / 塞席爾
سشلیز:塞舌爾
سطف:塞提夫
سطيف:塞提夫
سطيف:塞提夫省
سطیف:塞提夫
سطیف:塞提夫省
سعرد:錫爾特
سعرد:锡尔特省
سعودي عربستان:沙地阿拉伯
سعودي عربستان:沙烏地阿拉伯
سعودي عربستان:沙特阿拉伯
سعودی عرب کا سفارت خانہ:沙特阿拉伯大使馆
سعودی عرب:Shātè Ālābó
سعودی عرب:沙地阿拉伯
سعودی عرب:沙烏地阿拉伯
سعودی عرب:沙特阿拉伯
سعودی عرب:沙特阿拉伯 / 沙烏地阿拉伯
سعودی عربستان:Shātè Ālābó
سعودی عربستان:沙地阿拉伯
سعودی عربستان:沙烏地阿拉伯
سعودی عربستان:沙特阿拉伯
سعودی عربستان:沙特阿拉伯 / 沙烏地阿拉伯
سعيدة:塞伊达
سعيدة:赛伊达省
سعیده:塞伊达
سعیده:赛伊达省
سعیدہ:塞伊达
سعیدہ:赛伊达省
سغجا:索罗卡
سفاتوفو:斯瓦托韋
سفارة أذربيجان:阿塞拜疆大使馆
سفارة أرض الصومال:索马里兰大使馆
سفارة أفغانستان:阿富汗大使馆
سفارة أنجولا:安哥拉大使馆
سفارة أوغندا:乌干达大使馆
سفارة أوكرانيا:乌克兰大使馆
سفارة أيرلندا:爱尔兰大使馆
سفارة إريتريا:厄利特里亚大使馆
سفارة إسبانيا:西班牙大使馆
سفارة إسرائيل:以色列大使馆
سفارة إيران:伊朗大使馆
سفارة اثيوبيا:埃塞俄比亚大使馆
سفارة اسبانيا:西班牙大使馆
سفارة استراليا:澳大利亚大使馆
سفارة استونيا:爱沙尼亚大使馆
سفارة الأرجنتين:阿根廷大使馆
سفارة الأردن:约旦大使馆
سفارة الإمارات العربية المتحدة:阿拉伯聯合大公國駐德國大使館
سفارة الإمارات العربية المتحدة:阿拉伯聯合酋長國大使館
سفارة الاتحاد الروسي:俄罗斯联邦大使馆
سفارة البانيا:阿尔巴尼亚大使馆
سفارة البحرين:巴林大使馆
سفارة البرازيل:巴西大使馆
سفارة البرازيلية:巴西大使馆
سفارة البرتغال:葡萄牙大使馆
سفارة البوسنة والهرسك:波斯尼亚和黑塞哥维那大使馆
سفارة البيرو:秘鲁大使馆
سفارة الجبل الأسود:黑山大使馆
سفارة الجمهورية اليمنية:也门大使馆
سفارة الدنمارك:丹麦大使馆
سفارة السنغال:塞内加尔大使馆
سفارة السودان:苏丹大使馆
سفارة السويد:瑞典大使馆
سفارة الصومال:索马里大使馆
سفارة الصين الشعبية:中国大使馆
سفارة الصين:中华人民共和国大使馆
سفارة الصين:中国大使馆
سفارة الصين:中国驻赤道几内亚大使馆
سفارة العراق:伊拉克大使馆
سفارة الفلبين:菲律宾大使馆
سفارة الكاميرون:喀麦隆大使馆
سفارة الكويت:科威特大使馆
سفارة المانيا:德国大使馆
سفارة المجر:匈牙利大使馆
سفارة المغرب:摩洛哥大使馆
سفارة المكسيك:墨西哥大使馆
سفارة المملكة العربية السعودية:沙特阿拉伯大使馆
سفارة المملكة المتحدة:英国大使馆
سفارة النرويج:挪威大使館
سفارة النرويج:挪威大使馆
سفارة النمسا:奥地利大使馆
سفارة النيجر:尼日尔大使馆
سفارة الهند:印度大使馆
سفارة الولايات المتحدة الأمريكية:美利坚合众国使馆
سفارة الولايات المتحدة الأمريكية:美利坚合众国大使馆
سفارة الولايات المتحدة الأمريكية:美国大使馆
سفارة الولايات المتحدة:美国大使馆
سفارة اليابان:日本大使馆
سفارة اليمن:也门大使馆
سفارة اليونان:希腊大使馆
سفارة اندونيسيا:印度尼西亚大使馆
سفارة ايطاليا:意大利大使馆
سفارة باراغواي:巴拉圭大使馆
سفارة باكستان:巴基斯坦大使馆
سفارة بروناي:文莱大使馆
سفارة بلجيكا:比利时大使馆
سفارة بلغاريا:保加利亚大使馆
سفارة بنجلاديش:孟加拉国大使馆
سفارة بنما:巴拿马大使馆
سفارة بوركينا فاسو:布基纳法索大使馆
سفارة بوروندي:布隆迪大使馆
سفارة بولندا:波兰大使馆
سفارة بوليفيا:玻利维亚大使馆
سفارة بيلاروسيا:白俄罗斯大使馆
سفارة تايلاند:泰国大使馆
سفارة تركمانستان:土库曼斯坦大使馆
سفارة تركيا:Embassy of Turkey
سفارة تركيا:土耳其大使馆
سفارة تشاد:乍得大使馆
سفارة تشيلي:智利大使馆
سفارة توغو:多哥大使馆
سفارة تونس:突尼斯大使馆
سفارة جزر المالديف:马尔代夫大使馆
سفارة جمهورية التشيك:捷克共和国大使馆
سفارة جمهورية الصين الشعبية:中国大使馆
سفارة جمهورية الكونغو الديمقراطية:刚果民主共和国大使馆
سفارة جمهورية الكونغو:刚果共和国大使馆
سفارة جمهورية جنوب افريقيا:南非共和国大使馆
سفارة جمهورية مصر العربية:埃及大使馆
سفارة جنوب افريقيا:南非大使馆
سفارة جنوب السودان:南苏丹大使馆
سفارة دولة الإمارات العربية المتحدة:阿联酋大使馆
سفارة دولة فلسطين:巴勒斯坦国驻华大使馆
سفارة رواندا:卢旺达大使馆
سفارة روسيا البيضاء:白俄罗斯大使馆
سفارة روسيا:俄罗斯大使馆
سفارة رومانيا:罗马尼亚大使馆
سفارة ساحل العاج:科特迪瓦大使馆
سفارة سريلانكا:斯里兰卡大使馆
سفارة سلوفاكيا:斯洛伐克大使馆
سفارة سلوفينيا:斯洛文尼亚大使馆
سفارة سنغافورة:新加坡大使馆
سفارة سويسرا:瑞士大使馆
سفارة سيراليون:塞拉利昂大使馆
سفارة شمال مقدونيا:北马其顿大使馆
سفارة صربيا:塞尔维亚大使馆
سفارة طاجيكستان:塔吉克斯坦大使馆
سفارة عمان:阿曼大使馆
سفارة غينيا الاستوائية:赤道幾內亞駐俄羅斯大使館
سفارة غينيا بيساو:使馆
سفارة فرنسا:法国大使馆
سفارة فلسطين:巴勒斯坦大使馆
سفارة فنلندا:芬兰大使馆
سفارة قطر:卡塔尔大使馆
سفارة قيرغيزستان:吉尔吉斯斯坦大使馆
سفارة كازاخستان:哈萨克斯坦大使馆
سفارة كرواتيا:克罗地亚大使馆
سفارة كمبوديا:柬埔寨大使馆
سفارة كندا:加拿大大使馆
سفارة كوبا:古巴大使馆
سفارة كوريا الجنوبية:韩国大使馆
سفارة كوستاريكا:哥斯达黎加大使馆
سفارة كوسوفو:科索沃大使馆
سفارة كولومبيا:哥伦比亚大使馆
سفارة كينيا:肯尼亚大使馆
سفارة لاتفيا:拉脱维亚大使馆
سفارة لبنان:黎巴嫩大使馆
سفارة لكسمبرغ:卢森堡大使馆
سفارة لوكسمبورغ:卢森堡大使馆
سفارة ليبيا:利比亚大使馆
سفارة ليتوانيا:立陶宛大使馆
سفارة مالطا:马耳他大使馆
سفارة مالي:马里大使馆
سفارة ماليزيا:马来西亚大使馆
سفارة مصر:埃及大使馆
سفارة منغوليا:蒙古大使馆
سفارة موريتانيا:毛里塔尼亚大使馆
سفارة مولدوفا:摩尔多瓦大使馆
سفارة نيجيريا:尼日利亚大使馆
سفارة نيكاراغوا:尼加拉瓜大使馆
سفارة نيوزيلندا:新西兰大使馆
سفارة هولندا:荷兰大使馆
سفارت آذربایجان:阿塞拜疆大使馆
سفارت آرژانتین:阿根廷大使馆
سفارت آفریقای جنوبی:南非大使馆
سفارت آلبانی:阿尔巴尼亚大使馆
سفارت آلمان:德国大使馆
سفارت آنگولا:安哥拉大使馆
سفارت اتریش:奥地利大使馆
سفارت اتیوپی:埃塞俄比亚大使馆
سفارت اردن:约旦大使馆
سفارت استرالیا:澳大利亚大使馆
سفارت استونی:爱沙尼亚大使馆
سفارت اسرائیل:以色列大使馆
سفارت اسلواکی:斯洛伐克大使馆
سفارت اسلوونی:斯洛文尼亚大使馆
سفارت اسپانیا:西班牙大使馆
سفارت افغانستان:阿富汗大使馆
سفارت امارات متحده عربی:阿联酋大使馆
سفارت اندونزی:印度尼西亚大使馆
سفارت انگلستان:英国大使馆
سفارت اوکراین:乌克兰大使馆
سفارت اوگاندا:乌干达大使馆
سفارت ایالات متحده آمریکا:美利坚合众国大使馆
سفارت ایالات متحده آمریکا:美国大使馆
سفارت ایتالیا:意大利大使馆
سفارت ایران:伊朗大使馆
سفارت ایرلند:爱尔兰大使馆
سفارت بحرین:巴林大使馆
سفارت برزیل:巴西大使馆
سفارت برونئی:文莱大使馆
سفارت بلاروس:白俄罗斯大使馆
سفارت بلغارستان:保加利亚大使馆
سفارت بلژیک:比利时大使馆
سفارت بنگلادش:孟加拉国大使馆
سفارت بوروندی:布隆迪大使馆
سفارت بورکینافاسو:布基纳法索大使馆
سفارت بوسنی و هرزگوین:波斯尼亚和黑塞哥维那大使馆
سفارت بولیوی:玻利维亚大使馆
سفارت تاجیکستان:塔吉克斯坦大使馆
سفارت تایلند:泰国大使馆
سفارت ترکمنستان:土库曼斯坦大使馆
سفارت ترکیه:土耳其大使馆
سفارت تونس:突尼斯大使馆
سفارت توگو:多哥大使馆
سفارت جمهوری خلق چین:中华人民共和国驻阿富汗伊斯兰共和国大使馆
سفارت جمهوری خلق چین:中華人民共和國駐阿富汗伊斯蘭共和國大使館
سفارت جمهوری دموکراتیک کنگو:刚果民主共和国大使馆
سفارت جمهوری چک:捷克共和国大使馆
سفارت جمهوری کنگو:刚果共和国大使馆
سفارت خانہ پاکستان:巴基斯坦大使馆
سفارت دانمارک:丹麦大使馆
سفارت رواندا:卢旺达大使馆
سفارت روسیه:俄罗斯大使馆
سفارت رومانی:罗马尼亚大使馆
سفارت ساحل عاج:科特迪瓦大使馆
سفارت سریلانکا:斯里兰卡大使馆
سفارت سنگال:塞内加尔大使馆
سفارت سنگاپور:新加坡大使馆
سفارت سوئد:瑞典大使馆
سفارت سوئیس:瑞士大使馆
سفارت سودان جنوبی:南苏丹大使馆
سفارت سودان:苏丹大使馆
سفارت سومالی:索马里大使馆
سفارت سیرالئون:塞拉利昂大使馆
سفارت شیلی:智利大使馆
سفارت صربستان:塞尔维亚大使馆
سفارت عراق:伊拉克大使馆
سفارت عربستان سعودی:沙特阿拉伯大使馆
سفارت عمان:阿曼大使馆
سفارت فرانسه:法国大使馆
سفارت فلسطین:巴勒斯坦大使馆
سفارت فنلاند:芬兰大使馆
سفارت فیلیپین:菲律宾大使馆
سفارت قرقیزستان:吉尔吉斯斯坦大使馆
سفارت قزاقستان:哈萨克斯坦大使馆
سفارت قطر:卡塔尔大使馆
سفارت لبنان:黎巴嫩大使馆
سفارت لتونی:拉脱维亚大使馆
سفارت لهستان:波兰大使馆
سفارت لوکزامبورگ:卢森堡大使馆
سفارت لیبی:利比亚大使馆
سفارت لیتوانی:立陶宛大使馆
سفارت مالت:马耳他大使馆
سفارت مالدیو:马尔代夫大使馆
سفارت مالزی:马来西亚大使馆
سفارت مالی:马里大使馆
سفارت مجارستان:匈牙利大使馆
سفارت مراکش:摩洛哥大使馆
سفارت مصر:埃及大使馆
سفارت مغولستان:蒙古大使馆
سفارت مقدونیه شمالی:北马其顿大使馆
سفارت موریتانی:毛里塔尼亚大使馆
سفارت مولداوی:摩尔多瓦大使馆
سفارت مونته نگرو:黑山大使馆
سفارت مکزیک:墨西哥大使馆
سفارت نروژ:挪威大使馆
سفارت نیجر:尼日尔大使馆
سفارت نیجریه:尼日利亚大使馆
سفارت نیوزلند:新西兰大使馆
سفارت نیکاراگوئه:尼加拉瓜大使馆
سفارت هلند:荷兰大使馆
سفارت هند:印度大使馆
سفارت پاراگوئه:巴拉圭大使馆
سفارت پاناما:巴拿马大使馆
سفارت پاکستان:巴基斯坦大使馆
سفارت پرتغال:葡萄牙大使馆
سفارت پرو:秘鲁大使馆
سفارت چاد:乍得大使馆
سفارت چین:中国大使馆
سفارت ژاپن:日本大使馆
سفارت کاستاریکا:哥斯达黎加大使馆
سفارت کامبوج:柬埔寨大使馆
سفارت کامرون:喀麦隆大使馆
سفارت کانادا:加拿大大使馆
سفارت کره جنوبی:韩国大使馆
سفارت کرواسی:克罗地亚大使馆
سفارت کلمبیا:哥伦比亚大使馆
سفارت کنیا:肯尼亚大使馆
سفارت کوبا:古巴大使馆
سفارت کوزوو:科索沃大使馆
سفارت کویت:科威特大使馆
سفارت یمن:也门大使馆
سفارت یونان:希腊大使馆
سفالبارد وجان مايان:斯瓦尔巴特和扬马延
سفالبارد:斯瓦尔巴
سفالبارد:斯瓦巴
سفتلوغراد:斯韋特洛格勒
سفتلوغورسك:斯韋特洛戈爾斯克
سفتلي:斯韋特雷
سفتوغورسك:斯韋托戈爾斯克
سفتی نیکوله:圣尼古莱
سفتی نیکوله:聖尼古萊
سفرانبولو:番紅花城
سفربای قصبه‌سی:sèpàbāyī xiāng
سفربای قصبه‌سی:色帕巴依乡
سفربای قصبه‌سی:色帕巴依鄉
سفربای:sèpàbāyī xiāng
سفربای:色帕巴依乡
سفربای:色帕巴依鄉
سفرودفنسك:北德文斯克
سفرودونتسك:北頓涅茨克
سفری‌حصار:塞費里希薩爾
سفسك:谢夫斯克
سفسک:谢夫斯克
سفوان:萨夫万
سفوبودني:斯沃博德内
سفوک:修福郡
سفوک:薩福克郡
سفياتوهيرسك:斯維亞托戈爾斯克
سفيتلوفودسك:斯维特洛沃茨克
سفيتي نيكولا:圣尼古莱
سفيتي نيكولا:聖尼古萊
سفيرسك:斯維爾斯克
سفيرو-كوريلسك:北库里尔斯克
سفيرو-كوريلسك:北庫里爾斯克
سفيرومورسك:北莫爾斯克
سفيرويرالسك:北烏拉爾斯克
سفينيتشونيس:什文喬尼斯
سفیره:塞菲拉
سقامات:昔加末
سقطرا:索科特拉岛
سقطرى:索科特拉岛
سقو:塞古区
سقوطرہ:索科特拉岛
سكاربورو:斯卡伯勒
سكاربوروغ:斯卡伯勒
سكة حديد أديس أبابا - جيبوتي:亚吉铁路
سكر:蘇庫爾
سكردو:斯卡杜
سكردو:斯卡杜县
سكروندا:斯克倫達
سكرينفيتسه:斯凱爾涅維采
سكسارد:塞克薩德
سكسونيا أنهالت:萨克森－安哈尔特
سكسونيا أنهالت:薩克森－安哈爾特
سكسونيا السفلى:下萨克森州
سكسونيا السفلى:下薩克森州
سكسونيا:萨克森
سكسونيا:萨克森自由州
سكسونيا:薩克森
سكن الطلاب الجامعة اللبنانية، الحدث:黎巴嫩大学学生宿舍
سكوبين:斯科平
سكوتلاند:苏格兰
سكوتلاند:苏格兰 / 蘇格蘭
سكوتلاند:蘇格蘭
سكوطلاندا:苏格兰
سكوطلاندا:苏格兰 / 蘇格蘭
سكوطلاندا:蘇格蘭
سكوير الدام:水坝广场
سكوير الدام:水壩廣場
سكوپليې:史高比耶
سكوپليې:斯科普里
سكي دبي:酋长购物中心
سكيكدة:斯基克达
سكيلفتيا:謝萊夫特奧
سكيليج مايكل:斯凯利格·迈克尔岛
سكيليغ مايكل:斯凯利格·迈克尔岛
سلاتفنجاغ:石叻班讓
سلاتفنجاغ:石叻班让
سلاتينا:斯拉蒂納
سلاتينا:斯拉蒂纳
سلاتینا:斯拉蒂納
سلاتینا:斯拉蒂纳
سلافسك:斯拉夫斯克
سلافوتا:斯拉武塔
سلافوتيتش:斯拉夫蒂奇
سلافونسكي برود:斯拉沃尼亚布罗德
سلافونسكي برود:斯拉沃尼亞布羅德
سلافيانسك-نا-كوباني:庫班河畔斯拉維揚斯克
سلامت پورہ:撒拉馬特普拉
سلانتسي:斯蘭齊
سلانقاو:实兰沟
سلانقور:雪兰莪州
سلانقور:雪蘭莪州
سلانگور:雪兰莪州
سلاونسکی برود:斯拉沃尼亚布罗德
سلاونسکی برود:斯拉沃尼亞布羅德
سلايوديانكا:斯柳江卡
سلاڠور:雪兰莪州
سلاڤۆنسکی برۆد:斯拉沃尼亚布罗德
سلاڤۆنسکی برۆد:斯拉沃尼亞布羅德
سلتسو:謝利措
سلجوق:塞尔丘克
سلرنو:萨莱诺
سلرنو:薩萊諾
سلسلة الجبال الأمريكية:科迪勒拉山系
سلسلة ديس بويس:谢讷德皮
سلسلہ کوہ راکی:洛磯山脈
سلطان اسماعيل:苏丹依斯迈
سلطان اسماعيل:蘇丹依斯邁
سلطان حصار:苏丹希萨尔
سلطان پورہ:蘇爾坦普拉
سلطنة عمان:阿曼
سلطنت عمان:阿曼
سلطنتی کنزینقتون و چلسی منطقه‌سی:肯辛頓和切爾西區
سلفكه:錫利夫凱
سلنگه اوستانی:色楞格
سلنگه اوستانی:色楞格省
سلنگور:雪兰莪州
سلهت:锡尔赫特
سلواسا:锡尔瓦萨
سلواڈور:萨尔瓦多
سلواکيا:斯洛伐克
سلوتسک:斯盧茨克
سلوري:錫利夫里
سلوفاكيا:Sīluòfákè
سلوفاكيا:斯洛伐克
سلوفيانسك:斯拉維揚斯克
سلوفينج غرادتس:斯洛文尼亚格拉代茨
سلوفينج غرادتس:斯洛維尼亞格拉代茨
سلوفينيا:Sīluòwénníyà
سلوفينيا:斯洛文尼亚
سلوفينيا:斯洛文尼亞
سلوفينيا:斯洛文尼亞 / 斯洛維尼亞 / 斯洛文尼亚
سلوفينيا:斯洛維尼亞
سلوني:斯卢尼
سلوني:斯盧尼
سلونی گرادتس:斯洛文尼亚格拉代茨
سلونی گرادتس:斯洛維尼亞格拉代茨
سلونی:斯卢尼
سلونی:斯盧尼
سلووانیا:斯洛文尼亚
سلووانیا:斯洛文尼亞
سلووانیا:斯洛文尼亞 / 斯洛維尼亞 / 斯洛文尼亚
سلووانیا:斯洛維尼亞
سلوواکیہ کا اعزازی قونصل خانہ:斯洛伐克名誉领事馆
سلوواکیہ کا سفارت خانہ:斯洛伐克大使馆
سلوواکیہ کے قونصلیٹ جنرل:斯洛伐克总领事馆
سلوواکیہ:Sīluòfákè
سلوواکیہ:斯洛伐克
سلووینیا کا اعزازی قونصل خانہ:斯洛文尼亚名誉领事馆
سلووینیا کا سفارت خانہ:斯洛文尼亚大使馆
سلووینیا:Sīluòwénníyà
سلووینیا:斯洛文尼亚
سلووینیا:斯洛文尼亞
سلووینیا:斯洛文尼亞 / 斯洛維尼亞 / 斯洛文尼亚
سلووینیا:斯洛維尼亞
سلووېنيا:Sīluòwénníyà
سلووېنيا:斯洛文尼亚
سلووېنيا:斯洛文尼亞
سلووېنيا:斯洛文尼亞 / 斯洛維尼亞 / 斯洛文尼亚
سلووېنيا:斯洛維尼亞
سلوکیه:錫利夫凱
سلوۋاكىيە:斯洛伐克
سلوینیا:斯洛文尼亚
سلوینیا:斯洛文尼亞
سلوینیا:斯洛文尼亞 / 斯洛維尼亞 / 斯洛文尼亚
سلوینیا:斯洛維尼亞
سلویکیا:斯洛伐克
سلي غوري:西里古里
سليقية:錫利夫凱
سليمة:斯利馬
سلٹ:叙尔特岛
سلگه:塞尔盖
سلہٹ:锡尔赫特
سلہٹ:锡莱特
سلۆپیا:斯洛比
سلۆڤاکیا:斯洛伐克
سلۆڤێنیا:斯洛文尼亚
سلۆڤێنیا:斯洛文尼亞
سلۆڤێنیا:斯洛文尼亞 / 斯洛維尼亞 / 斯洛文尼亚
سلۆڤێنیا:斯洛維尼亞
سلی گوڑی:西里古里
سلیانه:錫勒亞奈省
سلیانہ:錫勒亞奈省
سلیدوفه:塞利多韋
سمئی:塞梅伊
سمارا أوبلاست:萨马拉州
سمارا أوبلاست:薩馬拉州
سمارا:萨马拉
سمارا:薩馬拉
سمارہون:斯莫爾貢
سمالينينكاي:斯馬利寧凱
سماوه:萨玛沃
سماوہ:萨玛沃
سماٹرا:苏门答腊
سماٹرا:苏门答腊 / 蘇門答臘
سماٹرا:蘇門答臘
سمباتهي:松博特海伊
سمبلبور:森伯尔布尔
سمبلپور:森伯尔布尔
سمبهل:萨巴哈尔
سمبورنا:仙本那
سمحة:薩姆哈島
سمرا:塞梅拉
سمراهان:三马拉汉
سمراهان:三马拉汉省
سمرسٹ:森麻實郡
سمرسٹ:森麻錫郡
سمرسیٹ:森麻實郡
سمرسیٹ:森麻錫郡
سمرقند خلق ارا هوا قونلغه سی:撒馬爾罕國際機場
سمرقند صوبہ:撒马尔罕州
سمرقند ویلایت:撒马尔罕州
سمرقند-بخارا تېزیورر تېمیر یۉلی:萨马尔罕－布哈拉高速铁路
سمرقند-بخارا تېزیورر تېمیر یۉلی:薩馬爾罕－布哈拉高速鐵路
سمرقند:撒马尔罕
سمرندا:沙馬林達
سمرندا:沙马林达
سمعانداغ:薩曼達厄
سمعان‌داغ:薩曼達厄
سمفروپول:辛菲罗波尔
سمفروپول:辛菲罗波尔 / 辛費羅波爾
سمفروپول:辛費羅波爾
سمن آباد:沙馬納巴德
سمن قصبه‌سی:sèmǎn xiāng
سمن قصبه‌سی:色满乡
سمن قصبه‌سی:色滿鄉
سمن:sèmǎn xiāng
سمن:色满乡
سمن:色滿鄉
سمنان (محافظة):塞姆南省
سمنان (محافظه):塞姆南省
سمنان ولايت:塞姆南省
سمنان ٚ اۊستان:塞姆南省
سمنان:塞姆南
سمنتن:士曼丹
سمنقان ویلایت:沙曼根省
سمنقان ویلایت:萨曼甘省
سمنقان ویلایت:薩曼甘省
سمنكان:萨曼甘
سمنكان:萨曼甘/薩曼甘
سمنكان:薩曼甘
سمنگان ولايت:沙曼根省
سمنگان ولايت:萨曼甘省
سمنگان ولايت:薩曼甘省
سمنگان:萨曼甘
سمنگان:萨曼甘/薩曼甘
سمنگان:薩曼甘
سمنیفکا:塞梅尼夫卡
سمورة:萨莫拉
سمولنسک:斯摩棱斯克
سمولينسك:斯摩棱斯克
سمولينسک:斯摩棱斯克
سمولينو:斯莫利諾
سميكاراكورسك:謝米卡拉科爾斯克
سميلا:斯米拉
سميلتين:斯米爾泰內
سميلجان:斯米连
سميلجان:斯米連
سمی:塞梅伊
سمیلجان:斯米连
سمیلجان:斯米連
سمیکاراکورسک:謝米卡拉科爾斯克
سن آنتونیو:圣安东尼奥
سن آنتونیو:聖安東尼奧
سن بارتلمی:圣巴泰勒米岛
سن بارتلمی:聖巴多祿繆島
سن بارتلمی:聖巴泰勒米
سن برناردینو:聖貝納迪諾
سن خوزه دل گاوریاره:瓜維亞雷河畔聖何塞
سن خوزه:圣何塞
سن خوزه:聖荷西
سن دیگو:圣迭戈
سن دیگو:聖地牙哥
سن شائن ان:阳光客栈
سن فرناندو د آپوره:阿普雷河畔聖費爾南多
سن مارتن (فرانسه):圣马丁 (法国)
سن مارتن (فرانسه):圣马丁 (法国) / 聖馬丁 (法國)
سن مارتن (فرانسه):法屬聖馬丁
سن مارتن (فرانسه):聖馬丁 (法國)
سن مارتن:圣马丁
سن مارتن:聖馬丁
سن نزر-1:圣纳泽尔-1
سن نزر-2:圣纳泽尔-2
سن نزر:圣纳泽尔
سن هلیه:圣赫利尔
سن هلیه:聖赫利爾
سن ویت:圣维特
سن پترزبورگ:圣彼得堡
سن پترزبورگ:聖彼得堡
سن کریستوبال:聖克里斯托瓦爾
سن-دنی:圣但尼
سن-دنی:聖但尼
سن-دونی:圣但尼
سن-دونی:聖但尼
سن-ماریتیم:滨海塞纳省
سن-ماریتیم:濱海塞納省
سن-مدردان-ژل:雅莱地区圣梅达尔
سن-نزر-1:圣纳泽尔-1
سن-نزر-2:圣纳泽尔-2
سن-نزر:圣纳泽尔
سن-پدرو:聖佩德羅
سن-گودن:圣戈当
سن:塞納河
سن:塞纳河
سناج:萨那格州
سنار:森纳尔
سنار:森纳尔州
سنافه:瑟納費
سنت آلبنز:聖奧爾本斯
سنت آگوستین، فلوریدا:圣奥古斯丁
سنت آگوستین، فلوریدا:聖奧古斯丁
سنت اندروز:圣安德鲁斯
سنت جرج:圣乔治
سنت جورج:圣乔治斯
سنت جورجس:圣乔治
سنت جونز:圣约翰斯
سنت جونز:聖約翰斯
سنت دنی:圣但尼
سنت دنی:聖但尼
سنت لوئیس:圣路易斯
سنت لوئیس:聖路易斯
سنت لوسیا:圣卢西亚
سنت لوسیا:圣卢西亚 / 聖露西亞
سنت لوسیا:聖盧西亞
سنت لوسیا:聖露西亞
سنت مارتین فرانسه:圣马丁
سنت مارتین فرانسه:圣马丁 (法国)
سنت مارتین فرانسه:圣马丁 (法国) / 聖馬丁 (法國)
سنت مارتین فرانسه:法屬聖馬丁
سنت مارتین فرانسه:聖馬丁
سنت مارتین فرانسه:聖馬丁 (法國)
سنت هلن:圣赫勒拿
سنت هلن:聖海倫娜島
سنت هلنا، اسنشن و تریستان دا کونا:圣赫勒拿、阿森松和特里斯坦-达库尼亚
سنت وینسنت و گرنادین:圣文森特和格林纳丁斯
سنت وینسنت و گرنادین:圣文森特和格林纳丁斯 / 聖文森及格瑞那丁
سنت وینسنت و گرنادین:聖文森及格瑞那丁
سنت وینسنت و گرنادین:聖文森特和格林納丁斯
سنت پیر و میکلون:圣皮埃尔和密克隆群岛
سنت کاترینز:圣凯瑟琳斯
سنت کیتس و نویس:圣基茨和尼维斯
سنت کیتس و نویس:聖克里斯多福及尼維斯
سنت کیتس و نویس:聖基茨和尼維斯
سنتا فه:圣菲
سنتا فه:聖塔菲
سنتا فه:聖菲
سنتا فه:聖達菲
سنترو سور:中南省
سنتنیال، کلرادو:森特尼尔 (科罗拉多州)
سنتول بارت:冼都西
سنتول تيمور:冼都东
سنتول تيمور:冼都東
سنتول:冼都
سنتول‎:冼都
سنجان:Xīnjiāng
سنجان:新疆
سنجان:新疆維吾爾自治區
سنجان:新疆维吾尔自治区
سنجنوغورسك:斯涅日諾戈爾斯克
سنجينسك:斯涅任斯克
سند چایی:印度河
سند:印度河
سند:森格藏布
سنداكن:山打根
سنداكن:山打根县
سنداکن:山打根
سندرلاند:新特蘭
سندرلاند:桑德兰
سندوخوزا:sāndàohézǐ zhèn
سندوخوزا:三道河子鎮
سندوخوزا:三道河子镇
سندھ دریا:印度河
سندھ:信德省
سنسیلخو:辛塞萊霍
سنغافورة:Xīnjiāpō
سنغافورة:新加坡
سنغافورة:新加坡岛
سنغافورة:星架坡
سنغيلي:先吉列伊
سنقال:Sàinèijiāěr
سنقال:塞內加爾
سنقال:塞内加尔
سنقال:塞内加尔 / 塞內加爾
سنقاي جاوي:双溪爪夷
سنقاپور:Xīnjiāpō
سنقاپور:新加坡
سنقاپور:星架坡
سنوفسك:斯諾夫斯克
سنووری کازاخستان-ڕووسیا:哈萨克斯坦-俄罗斯边界
سنوڈن:斯諾登山
سنيهوريفكا:斯尼胡里夫卡
سنڈرلینڈ یونیورسٹی:桑德蘭大學
سنڌ:信德省
سنڌو درياھ:印度河
سنڌو درياھ:森格藏布
سنکیانگ:Xīnjiāng
سنکیانگ:新疆
سنکیانگ:新疆維吾爾自治區
سنکیانگ:新疆维吾尔自治区
سنگ بوری صوبہ:信武里府
سنگا-مبائر:桑加-姆巴埃雷省
سنگال:Sàinèijiāěr
سنگال:塞內加爾
سنگال:塞内加尔
سنگال:塞内加尔 / 塞內加爾
سنگاپور کا اعزازی قونصل خانہ:新加坡名誉领事馆
سنگاپور کا سفارت خانہ:新加坡大使馆
سنگاپور(شهر):Xīnjiāpō
سنگاپور(شهر):新加坡
سنگاپور(شهر):新加坡岛
سنگاپور(شهر):星架坡
سنگاپور:Xīnjiāpō
سنگاپور:新加坡
سنگاپور:新加坡岛
سنگاپور:星架坡
سنگنینگ:Xīngníng Shì
سنگنینگ:兴宁市
سنگنینگ:興寧市
سنگیدا علاقہ:辛吉達區
سنگیدا علاقہ:辛基達區
سنگیدا:辛吉達區
سنگیدا:辛基達區
سنگیلی:先吉列伊
سنی:塞尼
سنیاتین:斯尼亞滕
سنیژینسک:斯涅任斯克
سنیک آئی لینڈ:蛇岛
سهارسا:萨哈尔萨
سهارنبور:萨哈兰普尔
سهارنپور:萨哈兰普尔
سهل سيبيريا الغربية:西西伯利亚平原
سه‌ون:塞文山脉
سه‌پو:洗浦邑
سه‌یتله‌ر:下戈爾斯基
سوآن لآک ضلع:春祿縣
سوآن لآک ضلع:春禄县
سوئد:Ruìdiǎn
سوئد:瑞典
سوئز اوستانی:蘇伊士省
سوئز:苏伊士
سوئز:蘇伊士
سوئز:蘇伊士/苏伊士
سوئنینگ کاؤنٹی، جیانگسو:Suíníng Xiàn
سوئنینگ کاؤنٹی، جیانگسو:睢宁县
سوئنینگ کاؤنٹی، جیانگسو:睢寧
سوئنینگ کاؤنٹی، جیانگسو:睢寧縣
سوئٹزرلینڈ کا اعزازی قونصل خانہ:瑞士名誉领事馆
سوئٹزرلینڈ کا سفارت خانہ:瑞士大使馆
سوئٹزرلینڈ کے قونصلیٹ جنرل:瑞士总领事馆
سوئیز:苏伊士
سوئیز:蘇伊士
سوئیز:蘇伊士/苏伊士
سوئیز:蘇伊士省
سوئیس:Ruìshì
سوئیس:瑞士
سوئیندون:史雲頓
سوئیندون:斯温顿
سوابۍ ولسوالۍ:斯瓦比县
سوابۍ:斯瓦比
سوات ضلعو:斯瓦特县
سوات ولسوالۍ:斯瓦特县
سوات:斯瓦特县
سواروفسكي:施华洛世奇
سواروفسکی:施华洛世奇
سوازيلاند:史瓦帝尼
سوازيلاند:史瓦蒂尼
سوازيلاند:斯威士兰
سوازيلاند:斯威士兰 / 史瓦蒂尼 / 斯威士蘭
سوازيلاند:斯威士蘭
سوازيلاندا:Sīwēishìlán
سوازيلاندا:史瓦帝尼
سوازيلاندا:史瓦蒂尼
سوازيلاندا:斯威士兰
سوازيلاندا:斯威士兰 / 史瓦蒂尼 / 斯威士蘭
سوازيلاندا:斯威士蘭
سوازيلانډ:Sīwēishìlán
سوازيلانډ:史瓦帝尼
سوازيلانډ:史瓦蒂尼
سوازيلانډ:斯威士兰
سوازيلانډ:斯威士兰 / 史瓦蒂尼 / 斯威士蘭
سوازيلانډ:斯威士蘭
سوازيلند:Sīwēishìlán
سوازيلند:史瓦蒂尼
سوازيلند:斯威士兰
سوازيلند:斯威士兰 / 史瓦蒂尼 / 斯威士蘭
سوازيلند:斯威士蘭
سوازی لینڈ:Sīwēishìlán
سوازی لینڈ:史瓦帝尼
سوازی لینڈ:史瓦蒂尼
سوازی لینڈ:斯威士兰
سوازی لینڈ:斯威士兰 / 史瓦蒂尼 / 斯威士蘭
سوازی لینڈ:斯威士蘭
سوازیلاند:Sīwēishìlán
سوازیلاند:史瓦帝尼
سوازیلاند:史瓦蒂尼
سوازیلاند:斯威士兰
سوازیلاند:斯威士兰 / 史瓦蒂尼 / 斯威士蘭
سوازیلاند:斯威士蘭
سوازیلند:Sīwēishìlán
سوازیلند:史瓦帝尼
سوازیلند:史瓦蒂尼
سوازیلند:斯威士兰
سوازیلند:斯威士兰 / 史瓦蒂尼 / 斯威士蘭
سوازیلند:斯威士蘭
سواستوپول:塞瓦斯托波尔
سواستوپول:塞瓦斯托波爾
سواكن:萨瓦金
سواكوبموند:斯瓦科普蒙德
سوالبارد:斯瓦尔巴
سوالبارد:斯瓦巴
سوالبرد:斯瓦尔巴
سوالبرد:斯瓦尔巴特和扬马延
سوالبرد:斯瓦巴
سوالبرڈ:斯瓦尔巴特和扬马延
سوان:塞凡湖
سوانلی:斯旺利
سوان‌تان:春新
سوان‌تو:春寿
سوان‌هوا:春和
سوان‌چیونگ:春长
سواکوپموند:斯瓦科普蒙德
سوبانق جايا:梳邦再也
سوبانق:梳邦
سوبتيتسا:苏博蒂察
سوبتيتسا:蘇博蒂察
سوبتیتسا:苏博蒂察
سوبتیتسا:蘇博蒂察
سوبيتار:苏佩塔尔
سوبيتار:蘇佩塔爾
سوبيس:苏必士
سوبڠ جاي:梳邦再也
سوبڠ:梳邦
سوبیتسه:斯武比采
سوتا ندلیا:圣内德利亚
سوتا ندلیا:聖內德利亞
سوتشي:索契
سوتشيان:Sùqiān Shì
سوتشيان:宿迁市
سوتشيان:宿遷
سوتشيان:宿遷市
سوتلوگورسک:斯韋特洛戈爾斯克
سوتلی:斯韋特雷
سوتی ایوان زلینا:圣伊万泽利纳
سوتی ایوان زلینا:聖伊萬澤利納
سوثهامبتون:修咸頓
سوثهامبتون:南安普敦
سوجو (مدينة):Sūzhōu Shì
سوجو (مدينة):苏州市
سوجو (مدينة):蘇州
سوجو (مدينة):蘇州市
سوخاتۇ يېزىسى:sūhātè xiāng
سوخاتۇ يېزىسى:苏哈特乡
سوخباتار:Xīnbā'ěrhǔ Yòu Qí
سوخباتار:苏赫巴托尔省
سوخباتار:苏赫巴托尔苏木
سوخباتار:蘇赫巴托爾省
سوخباتار:蘇赫巴托盟
سوخباتر اوستانی:Xīnbā'ěrhǔ Yòu Qí
سوخباتر اوستانی:苏赫巴托尔省
سوخباتر اوستانی:蘇赫巴托爾省
سوخباتر اوستانی:蘇赫巴托盟
سوخوتھائی صوبہ:素可泰府
سوخومي:苏呼米
سوخومي:苏呼米/蘇呼米
سوخومي:蘇呼米
سوخومی:苏呼米
سوخومی:苏呼米/蘇呼米
سوخومی:蘇呼米
سوخوي لوغ:蘇霍伊洛格
سوخوی لوگ:蘇霍伊洛格
سوخۇ يېزىسى:cǎohú xiāng
سوخۇ يېزىسى:草湖乡
سوخ‌باتور:苏赫巴托尔
سوخ‌باتور:苏赫巴托尔苏木
سوخ‌باتور:蘇赫巴托爾
سود کیوو:南基伍省
سود-اوبانگی:南乌班吉省
سودا-سانائەت بانكىسى:中国工商银行
سوداق:蘇達克
سودان جنوبی:南苏丹
سودان جنوبی:南苏丹 / 南蘇丹
سودان جنوبی:南蘇丹
سودان:Sūdān
سودان:苏丹
سودان:蘇丹
سوداک:蘇達克
سودجا:苏贾
سودجا:蘇賈
سودرمنلاند کاؤنٹی:南曼兰省
سودورپاشچیم پرادش:远西省
سوديغوارا، تشيبا:袖浦市
سودژآ:蘇賈
سودژا:苏贾
سودژا:蘇賈
سور الصين العظيم:Chángchéng
سور الصين العظيم:司马台长城
سور الصين العظيم:固原长城
سور الصين العظيم:大虫峪长城
سور الصين العظيم:大虫峪长城南段
سور الصين العظيم:娘子关长城
سور الصين العظيم:慕田峪長城
سور الصين العظيم:慕田峪长城
سور الصين العظيم:汉长城
سور الصين العظيم:苗疆长城
سور الصين العظيم:虎山长城
سور الصين العظيم:镇边城城墙
سور الصين العظيم:镇边废邑城墙
سور الصين العظيم:長城
سور الصين العظيم:长城
سور الصين العظيم:长城—雁门关
سور سمندر:紅海
سور سمندر:红海
سور:塞夫尔
سور:肖尔村
سورابايا:泗水
سورات تھانی صوبہ:素叻他尼府
سورات تھانی صوبہ:素叻府
سورات:苏拉特
سوراكارتا:梭罗
سوراكارتا:梭羅
سوراک‌دونگ:水落洞里
سورباق:肖尔巴格村
سورت ہوائی اڈا:苏拉特机场
سورت:苏拉特
سورتافالا:索爾塔瓦拉
سورتاوالا:索爾塔瓦拉
سورتلاند:苏特兰
سورتلند:苏特兰
سورتوبي:索尔托别
سورسك:苏尔斯克
سورسک:謝韋爾斯克
سورسک:谢韦尔斯克
سورغوت:苏尔古特
سورغوت:蘇爾古特
سورفاغور:瑟沃格
سوركول:xiāoěrkùlè hú
سوركول:硝尔库勒湖
سورمان:蘇爾曼
سورمن کی میونسپلٹی:苏尔曼市
سورمن:蘇爾曼
سورمنه:敍爾梅內
سورمنہ:敍爾梅內
سورن صوبہ:素林府
سورن صوبہ:素輦府
سورنایا زملیا:北地群岛
سورو-کوریلسک:北库里尔斯克
سورو-کوریلسک:北庫里爾斯克
سورواونژسک:北奥涅日斯克
سوروتشينسك:索羅欽斯克
سورودوینسک:北德文斯克
سورورالسک:北烏拉爾斯克
سوروفيكينو:蘇羅維基諾
سورومورسک:北莫爾斯克
سورونق:索龍
سورونژسک:北奥涅日斯克
سوروهنجاي ڤنچڬاهن رسواه مليسيا:馬來西亞反貪污委員會
سوروهنجاي ڤنچڬاهن رسواه مليسيا:马来西亚反贪污委员会
سوروویکینو:蘇羅維基諾
سوروچ:蘇魯奇
سوروچینسک:索羅欽斯克
سوروکا:索罗卡
سوريا:Xùlìyà
سوريا:叙利亚
سوريا:叙利亚 / 敘利亞
سوريا:敘利亞
سوريابت:苏里亚佩特
سورينام:苏里南
سورينام:苏里南 / 蘇利南 / 蘇里南
سورينام:蘇利南
سورينام:蘇利南 / 蘇里南
سورينام:蘇里南
سوريه:Xùlìyà
سوريه:叙利亚
سوريه:叙利亚 / 敘利亞
سوريه:敘利亞
سورَکوتّه:泰米尔区
سورپا:乔尔波村
سورکھٹے:泰米尔区
سورگوت:苏尔古特
سورگوت:蘇爾古特
سورگون:索爾貢
سوری:Xùlìyà
سوری:叙利亚
سوری:叙利亚 / 敘利亞
سوری:敘利亞
سورینام:苏里南
سورینام:苏里南 / 蘇利南 / 蘇里南
سورینام:蘇利南
سورینام:蘇利南 / 蘇里南
سورینام:蘇里南
سوریه:Xùlìyà
سوریه:叙利亚
سوریه:叙利亚 / 敘利亞
سوریه:敘利亞
سوریہ پیٹ:苏里亚佩特
سوزنووکا:索斯诺夫卡
سوزو:Sūzhōu Shì
سوزو:苏州市
سوزو:蘇州
سوزو:蘇州市
سوسا، تشيبا:匝瑳市
سوساكي، كوتشي:須崎市
سوساكي، كوتشي:须崎市
سوسة:苏塞
سوسنغورسك:索斯諾戈爾斯克
سوسنوفاي بور:索斯諾維博爾
سوسنوفييتس:索斯诺维茨
سوسنوفکا:索斯尼夫卡
سوسنوفکا:索斯诺夫卡
سوسنووی بور:索斯諾維博爾
سوسنوگورسک:索斯諾戈爾斯克
سوسه:苏塞
سوسه:蘇塞省
سوسورلوك:蘇蘇爾盧克
سوسورلوک:蘇蘇爾盧克
سوسومان:苏苏曼
سوسونو، شيزوكا:裾野市
سوسہ:苏塞
سوسہ:蘇塞省
سوسە:苏塞
سوسە:蘇塞省
سوشوی ضلع:Xúshuǐ Qū
سوشوی ضلع:徐水区
سوشوی ضلع:徐水區
سوعۇلىق:索古鲁克村
سوغ-ويبو:西归浦市
سوغ-ويبو:西歸浦市
سوغوت:瑟于特
سوغوتلو:瑟于特呂
سوغۇقتوقاي:苏吾克托海村
سوغۇلۇق:索古鲁克村
سوفا:苏瓦
سوفتسك:苏维埃茨克
سوفتسكاي:蘇維埃茨基
سوفتسكايا غافان:苏维埃港
سوفتسكايا غافان:蘇維埃港
سوفولك:修福郡
سوفولك:薩福克郡
سوفىيە:索菲亞
سوفىيە:索非亚
سوفىيە:索非亞
سوفيا:索菲亞
سوفيا:索非亚
سوفيا:索非亞
سوفيفي:索菲菲
سوفیا:索非亞區
سوق أهراس:苏格艾赫拉斯
سوق أهراس:苏格艾赫拉斯省
سوق أوراسيا:欧亚市场
سوق التنين:龙城
سوق الجملة للخضار والفواكه:蔬果批发市场
سوق اهراس:苏格艾赫拉斯
سوق اهراس:苏格艾赫拉斯省
سوق اھراس:苏格艾赫拉斯省
سوق اہراس:苏格艾赫拉斯
سوق اہراس:苏格艾赫拉斯省
سوق مدينة جميرا:朱美拉古堡集市
سوق ميدان:Meidan Bazaar
سوقا كۆلبېشى:索喀库勒贝希村
سوقاكولباسى:索喀库勒贝希村
سوقر:蘇格爾
سوقو كۅلباشى:索喀库勒贝希村
سوقۇلۇق:索古鲁克村
سوك:瑟凱
سوكا، سايتاما:草加市
سوكادانا:巫律述
سوكاغاوا، فوكوشيما:須賀川市
سوكال:索卡利
سوكري:蘇克雷
سوكو، ناغانو:佐久市
سوكول:索科爾
سوكومو، كوتشي:宿毛市
سول انجینرنگ کی:土木工程
سول-إيلتسك:索利-伊列茨克
سول-ایلتسک:索利-伊列茨克
سول:苏尔州
سول:首尔
سول:首尔特别市
سول:首爾
سول:首爾特別市
سولئیا:苏列亚
سولامان جٔزیٖرٕ:所罗门群岛
سولامان جٔزیٖرٕ:所罗门群岛 / 索羅門群島
سولامان جٔزیٖرٕ:所羅門群島
سولامان جٔزیٖرٕ:索羅門群島
سولاوسى:苏拉威西
سولاوسى:苏拉威西 / 蘇拉威西
سولاوسى:蘇拉威西
سولاوسي الجنوب شرقية:东南苏拉威西省
سولاوسي الجنوبية:南苏拉威西省
سولاوسي الشمالية:北苏拉威西省
سولاوسي الغربية:西苏拉威西省
سولاوسي الوسطى:中苏拉威西省
سولاوسي:苏拉威西
سولاوسي:苏拉威西 / 蘇拉威西
سولاوسي:蘇拉威西
سولاوسی:苏拉威西
سولاوسی:苏拉威西 / 蘇拉威西
سولاوسی:蘇拉威西
سولاویسی:苏拉威西
سولاویسی:苏拉威西 / 蘇拉威西
سولاویسی:蘇拉威西
سولاپور:索拉普
سولتسي:索利齊
سولتسی:索利齊
سولتيستىك جاڭا جەر:新地北村
سولتۇستىك ارال تەڭىزى:北咸海
سولتۇستىك ازات جولى:解放北路社区
سولتۇستىك اققابا:​阿克哈巴北村
سولتۇستىك التىن تاۋ جولى:金山北路社区
سولتۇستىك قارابۋرا:北哈拉布拉村
سولتۇستىك قاشقار:喀什北
سولتۇستىك كوجەباي:​库吉拜北村
سولتۇستىك كۋساك:​库萨克南村
سولتۇستىك ورتا ابدىرا:窝尔塔阿不都拉北村
سولتۇستىك ورتا جيەك:​窝尔塔吉也克北村
سولحان:索爾漢
سولدار:索萊達爾
سولغالتش:索利加利奇
سولفانغ:丹麦小镇
سولفيتشغودسك:索利维切戈茨克
سولكامسك:索利卡姆斯克
سولنتشنوغورسك:索爾涅奇諾戈爾斯克
سولنوك:索尔诺克
سولنوک:索尔诺克
سولنچنوگورسک:索爾涅奇諾戈爾斯克
سولهان:索爾漢
سولو جديد:新独奏
سولوانق:丹麦小镇
سولوانگ:丹麦小镇
سولواووا:蘇盧奧瓦
سولومن آئلینڈ:所罗门群岛
سولومن آئلینڈ:所罗门群岛 / 索羅門群島
سولومن آئلینڈ:所羅門群島
سولومن آئلینڈ:索羅門群島
سولومن آئلینڈز:所罗门群岛
سولومن آئلینڈز:所罗门群岛 / 索羅門群島
سولومن آئلینڈز:所羅門群島
سولومن آئلینڈز:索羅門群島
سولومون تاقىم ئاراللىرى:所罗门群岛
سولومون تاقىم ئاراللىرى:所罗门群岛 / 索羅門群島
سولومون تاقىم ئاراللىرى:所羅門群島
سولومون تاقىم ئاراللىرى:索羅門群島
سولووا:蘇盧奧瓦
سولووتسکی:索洛维茨
سولویچگودسک:索利维切戈茨克
سوليدار:索萊達爾
سولينا:蘇利納
سوليهل:索利赫爾
سولہان:索爾漢
سولیقالیچ:索利加利奇
سولین:索林
سولینا:蘇利納
سولیهال:索利赫爾
سولیکامسک:索利卡姆斯克
سولیگالیچ:索利加利奇
سولیہل:索利赫爾
سوما:索馬
سوما، فوكوشيما:相馬市
سوماترا:苏门答腊
سوماترا:苏门答腊 / 蘇門答臘
سوماترا:蘇門答臘
سوماترای غربی:西苏门答腊省
سوماترای غربی:西苏门答腊省 / 西蘇門答臘省
سوماترای غربی:西蘇門答臘
سوماترای غربی:西蘇門答臘省
سومالى:Suǒmǎlǐ
سومالى:索馬利亞
سومالى:索馬里
سومالى:索马里
سومالى:索马里 / 索馬利亞
سومالىيلەند:索馬利蘭
سومالىيلەند:索马里兰
سومالىيلەند:索马里兰 / 索馬利蘭
سومالِیا:Suǒmǎlǐ
سومالِیا:索馬利亞
سومالِیا:索馬里
سومالِیا:索马里
سومالِیا:索马里 / 索馬利亞
سومالی:Suǒmǎlǐ
سومالی:索馬利亞
سومالی:索馬里
سومالی:索马里
سومالی:索马里 / 索馬利亞
سومالیا:Suǒmǎlǐ
سومالیا:索馬利亞
سومالیا:索馬里
سومالیا:索马里
سومالیا:索马里 / 索馬利亞
سومالیلانډ:索馬利蘭
سومالیلانډ:索马里兰
سومالیلانډ:索马里兰 / 索馬利蘭
سومالی‌لند:索馬利蘭
سومالی‌لند:索马里兰
سومالی‌لند:索马里兰 / 索馬利蘭
سومالی‎:索马里
سومبا:松巴岛
سومبات‌هی:松博特海伊
سومباوا:松巴哇島
سومبه:孫貝
سومبور:松博尔
سومبور:松博爾
سومبي:孫貝
سومبِر:苏门苏木
سومبے:孫貝
سومتاش ايىلى:sūmùtǎshí xiāng
سومتاش ايىلى:苏木塔什乡
سومتاش ايىلى:蘇木塔什鄉
سومتاش اۋىلى:sūmùtǎshí xiāng
سومتاش اۋىلى:苏木塔什乡
سومتاش اۋىلى:蘇木塔什鄉
سومتاش قىستاعى:苏木塔什村
سومتاش قىشتاعى:苏木塔什村
سومتاش كەنتى:苏木塔什村
سومتاش يېزىسى:sūmùtǎshí xiāng
سومتاش يېزىسى:苏木塔什乡
سومتاش يېزىسى:蘇木塔什鄉
سومتاش:sūmùtǎshí xiāng
سومتاش:苏木塔什乡
سومتاش:蘇木塔什鄉
سومترا:苏门答腊
سومترا:苏门答腊 / 蘇門答臘
سومترا:蘇門答臘
سومرسيت:森麻實郡
سومرسيت:森麻錫郡
سومطرة الجنوبية:南苏门答腊省
سومطرة الشمالية:北苏门答腊省
سومطرة الغربية:西苏门答腊省
سومطرة الغربية:西苏门答腊省 / 西蘇門答臘省
سومطرة الغربية:西蘇門答臘
سومطرة الغربية:西蘇門答臘省
سومطرة:苏门答腊
سومطرة:苏门答腊 / 蘇門答臘
سومطرة:蘇門答臘
سومطره:苏门答腊
سومطره:苏门答腊 / 蘇門答臘
سومطره:蘇門答臘
سومقائیت:苏姆盖特
سومقاييت:苏姆盖特
سومقاییت:苏姆盖特
سومنب:漯水
سومور:索米尔
سومي أوبلاست:苏梅州
سومي:苏梅
سوميدا، طوكيو:墨田區
سوميدانغ:雙木丹
سومی اوبلاست:苏梅州
سومی:苏梅
سوم‌لیوی:网村
سوم‌ژای:村礼
سون الون:7-11便利店
سون تاے:山西市社
سون ترا ضلع:五行山郡
سون ترا ضلع:山茶郡
سون لا:山罗市
سون لا:山羅市
سوناغاوا، هوكايدو:砂川市
سونترال علاقہ، ٹوگو:中部区 (多哥)
سوندبورگ:森訥堡
سوندسفال:松茲瓦爾
سونده:仙台里
سونده:仙臺里
سونسوال:松茲瓦爾
سونغيوان:Sōngyuán Shì
سونغيوان:松原市
سونغینو:桑根诺苏木
سونق:桑坡
سونقاي بيتاني:双溪大年
سونقاي ليات:烈港
سونورا:索诺拉州
سونياتي:蘇尼亞尼
سونگ ما:馬江縣
سونگ ما:马江县
سونگجیانگ ضلع:Sōngjiāng Qū
سونگجیانگ ضلع:松江区
سونگجیانگ ضلع:松江區
سونگسان:城山里
سونگسان:松山里
سونگورلو:松古爾盧
سونگوے علاقہ:森圭区
سونگوے علاقہ:森圭區
سونگپو:松浦里
سونگکھلا صوبہ:宋卡府
سونگ‌دوک:泷督市镇
سونگ‌دوک:瀧督市鎮
سونگ‌سوای «۱»:泷帅1
سونگ‌سوای «۲»:泷帅2
سونگ‌سوای «۳»:泷帅3
سونگ‌وین:双永
سونگ‌پیونگ:城坪里
سونگ‌کاو:泷球
سونیانی:蘇尼亞尼
سونید بایاں پرچم:Sūnítè Zuǒ Qí
سونید بایاں پرچم:蘇尼特左旗
سون‌تان:山城
سون‌توان:山顺
سون‌هوا:山和
سوها:西下里
سوهاج اوستانی:索哈傑省
سوهاج:索哈傑省
سوو، كاغوشيما:曾於市
سووا:苏瓦
سووارد:苏厄德
سووالكي:苏瓦乌基
سوواوکی:苏瓦乌基
سووبودنی:斯沃博德内
سووتسک:苏维埃茨克
سووتسکایا گاوان:苏维埃港
سووتسکایا گاوان:蘇維埃港
سووتسکیی:蘇維埃茨基
سوودان:苏丹
سوودان:蘇丹
سووری:Xùlìyà
سووری:叙利亚
سووری:叙利亚 / 敘利亞
سووری:敘利亞
سووریا:Xùlìyà
سووریا:叙利亚
سووریا:叙利亚 / 敘利亞
سووریا:敘利亞
سوویئتسکی:蘇維埃茨基
سوویتسکایا گاوان:苏维埃港
سوویتسکایا گاوان:蘇維埃港
سووی‌له:水黎
سووی‌لوپ:水𣅶
سووی‌نوم:水蓉
سووی‌نگه:帅艺
سويارفي:蘇奧耶爾維
سويتا، أوساكا:吹田市
سويتي ستيفان:圣斯特凡
سويتي ستيفان:聖斯特凡
سويزهو:Suízhōu Shì
سويزهو:随州市
سويزهو:隨州
سويزهو:隨州市
سويس:Ruìshì
سويس:瑞士
سويسرا:Ruìshì
سويسرا:瑞士
سويفنهي:Suífēnhé Shì
سويفنهي:綏芬河市
سويفنهي:绥芬河市
سويندون:史雲頓
سويندون:斯温顿
سويهوا:Suíhuà Shì
سويهوا:綏化市
سويهوا:绥化市
سويډن:瑞典
سوِنڈن:史雲頓
سوِنڈن:斯温顿
سوْمداش اتراپچاسیٛ:sūmùtǎshí xiāng
سوْمداش اتراپچاسیٛ:苏木塔什乡
سوْمداش اتراپچاسیٛ:蘇木塔什鄉
سوْمداش قصبه‌سی:sūmùtǎshí xiāng
سوْمداش قصبه‌سی:苏木塔什乡
سوْمداش قصبه‌سی:蘇木塔什鄉
سوْمداش:sūmùtǎshí xiāng
سوْمداش:苏木塔什乡
سوْمداش:蘇木塔什鄉
سوٗدی عربِیہ:Shātè Ālābó
سوٗدی عربِیہ:沙地阿拉伯
سوٗدی عربِیہ:沙烏地阿拉伯
سوٗدی عربِیہ:沙特阿拉伯
سوٗدی عربِیہ:沙特阿拉伯 / 沙烏地阿拉伯
سوٗڈان:Sūdān
سوٗڈان:苏丹
سوپتار:苏佩塔尔
سوپتار:蘇佩塔爾
سوپرمارکت ولکام:惠康
سوپرمارکت ولکام:惠康超級市場
سوپرمارکت کای بو فود:佳宝食品超級市場
سوپرمارکت کای بو فود:佳寶食品超級市場
سوپونگ:素丰里
سوپونگ:素豐里
سوپىلار:苏皮拉村
سوپھان بوری صوبہ:素攀府
سوپھان بوری صوبہ:素攀武里府
سوپێتار:苏佩塔尔
سوپێتار:蘇佩塔爾
سوچی:索契
سوچیان:Sùqiān Shì
سوچیان:宿迁市
سوچیان:宿遷
سوچیان:宿遷市
سوڈان کا سفارت خانہ:苏丹大使馆
سوڈان:Sūdān
سوڈان:苏丹
سوڈان:蘇丹
سوډان:苏丹
سوډان:蘇丹
سوڊان:苏丹
سوڊان:蘇丹
سوژ چایی:索日河
سوژو صنعتی پارک:苏州工业园区
سوژو صنعتی پارک:蘇州工業園區
سوژو:Sūzhōu Shì
سوژو:苏州市
سوژو:蘇州
سوژو:蘇州市
سوژوو:Sūzhōu Shì
سوژوو:苏州市
سوژوو:蘇州
سوژوو:蘇州市
سوڠاي بسي:新街场
سوڠاي بسي:新街場
سوڠاي ڤينڠ بسر:大丸
سوک ترانگ صوبہ:朔庄省
سوک ترانگ صوبہ:朔莊省
سوکال:索卡利
سوکره:蘇克雷
سوکریانی:索基里亞尼
سوکه:瑟凱
سوکوتو ایالتی:索科托州
سوکوتو ریاست:索科托州
سوکول:索科爾
سوکے:瑟凱
سوک‌سون:朔山市鎮
سوک‌چانگ:朔庄市
سوک‌چانگ:朔莊市
سوگوت:瑟于特
سویئن مؤک ضلع:川木縣
سویا:塞維亞
سویا:塞维利亚
سویاروی:蘇奧耶爾維
سویتلودارسک:斯維特洛達爾斯克
سویتلوگورسک:斯韋特洛戈爾斯克
سوید:瑞典
سویدا اوستانی:苏韦达省
سویدا اوستانی:蘇韋達
سویدا:苏韦达
سویداء:苏韦达省
سویداء:蘇韋達
سویس:Ruìshì
سویس:瑞士
سویسرا:Ruìshì
سویسرا:瑞士
سویشی:Suíxī Xiàn
سویشی:遂溪
سویشی:遂溪县
سویشی:遂溪縣
سویلي افریقا:Nán Fēi
سویلي افریقا:南非
سویلي افریقا:南非共和國
سویٹزر لینڈ:Ruìshì
سویٹزر لینڈ:瑞士
سویٹزرلینڈ:Ruìshì
سویٹزرلینڈ:瑞士
سویڈن کا اعزازی قونصل خانہ:瑞典名誉领事馆
سویڈن کا سفارت خانہ:瑞典大使馆
سویڈن کے قونصلیٹ جنرل:瑞典总领事馆
سویڈن:Ruìdiǎn
سویڈن:瑞典
سویډن:Ruìdiǎn
سویډن:瑞典
سویژؤ:Suízhōu Shì
سویژؤ:随州市
سویژؤ:隨州
سویژؤ:隨州市
سویژو:Suízhōu Shì
سویژو:随州市
سویژو:隨州
سویژو:隨州市
سوېلي امريکا:南美洲
سوېلي سوډان:南苏丹
سوېلي سوډان:南苏丹 / 南蘇丹
سوېلي سوډان:南蘇丹
سوېلي شنک:南錐體
سوېلي کوريا:Hánguó
سوېلي کوريا:南韓
سوېلي کوريا:大韓民國
سوېلي کوريا:韓國
سوېلي کوريا:韩国
سوېلي کوريا:韩国 / 南韓
سىتئېرىق:色提日克村
سىتسىلىيە:西西里岛
سىتسىلىيە:西西里島
سىتمۇن حابچىك:西特木恩哈布其克村
سىداۋحىزى قالاشىعى:sìdàohézǐ zhèn
سىداۋحىزى قالاشىعى:四道河子镇
سىداۋحىزى:sìdàohézǐ zhèn
سىداۋحىزى:四道河子镇
سىداۋخۇزا بازىرى:sìdàohézǐ zhèn
سىداۋخۇزا بازىرى:四道河子镇
سىداۋخۇزا:sìdàohézǐ zhèn
سىداۋخۇزا:四道河子镇
سىردارىيا وودانى:瑟尔达里亚区
سىرداريا اۋدانى:瑟尔达里亚区
سىردەريا ناھىيىسى:瑟尔达里亚区
سىردەريا ۋىلايىتى:锡尔河州
سىركىچى:斯尔克其村
سىرىقبۇيا بازىرى:色力布亚镇
سىرىكچى:斯尔克其村
سىرىكچىي:斯尔克其村
سىزى يولى:斯孜路
سىزىي:斯孜村
سىلېسىيە ۋويۋودالىغى:西里西亚省
سىلەزىيا ۋوەۋوددۇعۇ:西里西亚省
سىمخانا:斯木哈纳村
سىمقانا:斯木哈纳村
سىنتاس:森塔斯村
سىنگاپور:Xīnjiāpō
سىنگاپور:新加坡
سىنگاپور:新加坡岛
سىنگاپور:星架坡
سىياۋىش:斯亚维什村
سىينگاپۋر:Xīnjiāpō
سىينگاپۋر:新加坡
سىينگاپۋر:星架坡
سىيىتلە يېزىسى:sètílì xiāng
سىيىتلە يېزىسى:色提力乡
سىيىتلە:斯提拉村
سىيەك يىزىسى:sīyěkè xiāng
سىيەك يىزىسى:斯也克乡
سىيەك يىزىسى:色也克乡
سىپرۇس:Sàipǔlùsī
سىپرۇس:塞浦路斯
سىپرۇس:塞浦路斯/賽普勒斯
سىپرۇس:賽普勒斯
سىچۈەن ئۆلكىسى:Sìchuān
سىچۈەن ئۆلكىسى:四川省
سىڭگىم يېزىسى:胜金乡
سىگۇڭ:​四工村
سيئول:首尔特别市
سيئول:首爾特別市
سياتيل، واشنطن:西雅图
سياتيل، واشنطن:西雅圖
سيارا:塞阿拉州
سياستروي:夏西斯特羅伊
سياق:錫
سياك:錫
سيالكوت:锡亚尔科特
سيالڪوٽ:锡亚尔科特
سيام ريب:暹粒市
سيبانق:雪邦
سيبانق:雪邦县
سيباي:錫拜
سيبو:詩巫
سيبو:诗巫
سيبو:诗巫省
سيبولقا:实武牙
سيبولقا:實武牙
سيبيتانق:实必丹
سيبيتانق:實必丹
سيتاغايا، طوكيو:世田谷區
سيتسو، أوساكا:摄津市 / 攝津市
سيتسو، أوساكا:攝津市
سيتشوان:Sìchuān
سيتشوان:四川省
سيتشيوفكا:瑟喬夫卡
سيتو، آيتشي:瀨戶市
سيتوبوندو:詩都文羅
سيتوي:实兑
سيتيا:锡蒂亚
سيتياوان:实兆远
سيحون:錫爾河
سيحون:锡尔河
سيخن:赛汗苏木
سيداما:錫達馬州
سيدلس:謝德爾采
سيدلس:谢德尔采
سيدني:悉尼
سيدني:雪梨
سيده:西代
سيدهيو:塞久區
سيدو شريف:赛杜沙里夫
سيدوأرجو:徐圖利祖
سيدونا:塞多纳
سيدي أحمد العروسي:西迪艾哈迈德拉鲁西
سيدي أحمد لعروسي:西迪艾哈迈德拉鲁西
سيدي بلعباس:西迪贝勒阿巴斯
سيدي بلعباس:西迪贝勒阿巴斯省
سيدي بوزيد:西迪布濟德
سيدي بوزيد:西迪布濟德省
سيدي بوسعيد:西迪布赛义德
سيدي لزرق:西迪拉茲拉格
سيراليون:Sàilālì'áng
سيراليون:塞拉利昂
سيراليون:塞拉利昂 / 獅子山
سيراليون:獅子山
سيرانق:西冷
سيرتوخيمبوس:斯海尔托亨博斯
سيرجيبي:塞尔希培州
سيرداريا:錫爾河
سيرداريا:锡尔河
سيردانق:西岭
سيردريا:錫爾河
سيردريا:锡尔河
سيرمرسوك:塞梅索克
سيروف:謝羅夫
سيريكوندا:萨拉昆达
سيزران:塞兹兰
سيزران:塞茲蘭
سيساك:錫薩克
سيساك:锡萨克
سيستان ؤ بلۊچستان ٚ اۊستان:錫斯坦－俾路支斯坦省
سيستان ؤ بلۊچستان ٚ اۊستان:锡斯坦和俾路支斯坦省
سيستان او بلوچستان ولايت:錫斯坦－俾路支斯坦省
سيستان او بلوچستان ولايت:锡斯坦和俾路支斯坦省
سيستان و بلوتشستان (محافظه):錫斯坦－俾路支斯坦省
سيستان و بلوتشستان (محافظه):锡斯坦和俾路支斯坦省
سيستان ۽ بلوچستان صوبو:錫斯坦－俾路支斯坦省
سيستان ۽ بلوچستان صوبو:锡斯坦和俾路支斯坦省
سيسرت:瑟謝爾季
سيسفين:采斯瓦伊內
سيشيل:Sàishéěr Qúndǎo
سيشيل:塞席爾
سيشيل:塞舌尔
سيشيل:塞舌尔 / 塞席爾
سيشيل:塞舌爾
سيغو:塞古区
سيغولدا:錫古爾達
سيفاس:锡瓦斯省
سيفاستوبول:塞瓦斯托波尔
سيفاستوبول:塞瓦斯托波爾
سيفر:塞夫尔
سيفرسك:謝韋爾斯克
سيفرسك:谢韦尔斯克
سيفيرينيا زيمليا:北地群岛
سيقلي:司吉利
سيك:锡
سيك:锡县
سيكاداو:昔加羅
سيكاسو:锡卡索区
سيكتيفكار:瑟克特夫卡尔
سيكتيفكار:瑟克特夫卡爾
سيكشفهيرفار:塞克什白堡
سيكو (شركة يابانية):精工
سيكوندي تاكورادي:塞康第-塔科拉迪
سيكيم:锡金邦
سيلاساب:芝拉扎
سيلاما:錫拉邁埃
سيلت:叙尔特岛
سيلوبي:斯洛比
سيليستات:塞莱斯塔
سيليقون:芝勒贡
سيلينهوت:Xīlínhàotè Shì
سيلينهوت:錫林浩特市
سيلينهوت:锡林浩特市
سيليگوري:西里古里
سيم:錫姆
سيماى:塞梅伊
سيماي:塞梅伊
سيمبوكو، أكيتا:仙北市
سيمفروبول:辛菲罗波尔
سيمفروبول:辛菲罗波尔 / 辛費羅波爾
سيمفروبول:辛費羅波爾
سيمنقانق:成邦江
سيمونجان:实文然
سيميبالاتينسك:塞米巴拉金斯克基地
سين شو:Sinjhú ShÌh
سين شو:Xīnzhú ShÌ
سين شو:ㄒㄧㄣ ㄓㄨˊ ㄕˋ
سين شو:新竹市
سيناء:西奈半岛
سينائي اپٻيٽ:西奈半岛
سينالوا:锡那罗亚州
سينان، أوساكا:泉南市
سينبينغ:Sìpíng Shì
سينبينغ:四平市
سينت اوستاتيوس:圣尤斯特歇斯
سينت مارتن:荷屬聖馬丁
سينتانق:新当
سينتانق:新當
سينجابوره:Xīnjiāpō
سينجابوره:新加坡
سينجابوره:新加坡岛
سينجابوره:星架坡
سينديرغي:森德格
سينس:桑斯
سينسليخو:辛塞萊霍
سينسيناتي:辛辛那提
سينشند:賽音山達
سينشند:赛音山达
سينشي:Samkai-si
سينشي:cénxī shì
سينشي:岑溪市
سينغرولي:辛格劳利
سينقكاوانق:山口洋
سينوب:锡诺普
سينيجال:Sàinèijiāěr
سينيجال:塞內加爾
سينيجال:塞内加尔
سينيجال:塞内加尔 / 塞內加爾
سينيلتيكوف:錫內利尼科韋
سينيگال:Sàinèijiāěr
سينيگال:塞內加爾
سينيگال:塞内加尔
سينيگال:塞内加尔 / 塞內加爾
سينټ لوسيا:圣卢西亚
سينٽ لوسيا:圣卢西亚
سينٽ پيٽرسبرگ:圣彼得堡
سينٽ پيٽرسبرگ:聖彼得堡
سينګاپور:Xīnjiāpō
سينګاپور:新加坡
سينګاپور:新加坡岛
سينګاپور:星架坡
سينگاپور:Xīnjiāpō
سينگاپور:新加坡
سينگاپور:星架坡
سيهوي:Sìhuì Shì
سيهوي:四会市
سيهوي:四會
سيهوي:四會市
سيوارد:苏厄德
سيواس:锡瓦斯
سيواستوپول:塞瓦斯托波尔
سيواستوپول:塞瓦斯托波爾
سيوج-أولي:石隅里
سيوداد بوليفار:玻利瓦尔城
سيوداد خواريز:华雷斯城
سيوداد غوايانا:圭亞那城
سيوف القادسية:军刀门
سييراليون:Sàilālì'áng
سييراليون:塞拉利昂
سييراليون:塞拉利昂 / 獅子山
سييراليون:獅子山
سييغو دي افيلا:謝戈德阿維拉
سيينا:锡耶纳
سييو، إهيمه:西予市
سيچيليس:塞席爾
سيچيليس:塞舌尔
سيچيليس:塞舌尔 / 塞席爾
سيچيليس:塞舌爾
سيڠاڤورا:新加坡
سيڠاڤورا:星架坡
سيڠكاوڠ:山口洋
سيکټيوکار:瑟克特夫卡尔
سيکټيوکار:瑟克特夫卡爾
سيۇرىخ:苏黎世
سيۇرىخ:苏黎世州
سيۇرىخ:蘇黎世
سيۇرىخ:蘇黎世州
سيېررا لېئونې:Sàilālì'áng
سيېررا لېئونې:塞拉利昂
سيېررا لېئونې:塞拉利昂 / 獅子山
سيېررا لېئونې:獅子山
سٍشٍ ﺛُﻮْ:兴庆区
سٍشٍ ﺛُﻮْ:興慶區
سَربِیا:Sàiěrwéiyà
سَربِیا:塞尔维亚
سَربِیا:塞爾維亞
سَلوواکِیا:Sīluòfákè
سَلوواکِیا:斯洛伐克
سَلووینِیا:Sīluòwénníyà
سَلووینِیا:斯洛文尼亚
سَلووینِیا:斯洛文尼亞
سَلووینِیا:斯洛文尼亞 / 斯洛維尼亞 / 斯洛文尼亚
سَلووینِیا:斯洛維尼亞
سَوالبریڑ تہٕ جان ماییڑ:斯瓦尔巴特和扬马延
سُرِنام:苏里南
سُرِنام:苏里南 / 蘇利南 / 蘇里南
سُرِنام:蘇利南
سُرِنام:蘇利南 / 蘇里南
سُرِنام:蘇里南
سُوزِلینٛڑ:Sīwēishìlán
سُوزِلینٛڑ:史瓦蒂尼
سُوزِلینٛڑ:斯威士兰
سُوزِلینٛڑ:斯威士兰 / 史瓦蒂尼 / 斯威士蘭
سُوزِلینٛڑ:斯威士蘭
سُوِزَرلینٛڑ:Ruìshì
سُوِزَرلینٛڑ:瑞士
سُوِڈَن:Ruìdiǎn
سُوِڈَن:瑞典
سِبرِی:赛布赖苏木
سِرگِلِن:塞尔盖兰县
سِرگِلِن:色尔格楞苏木
سِری نَگَر:斯利那加
سِلِنگه:色楞格苏木
سِنٛگاپور:Xīnjiāpō
سِنٛگاپور:新加坡
سِنٛگاپور:星架坡
سِچِن‌اُول:策岑乌拉苏木
سٕپین:Xībānyá
سٕپین:西班牙
سٱئرا ٱفتۉنشین:西撒哈拉
سٱنعا:萨那
سٱنعا:薩那
سٹاوروپول:斯塔夫罗波尔
سٹاوروپول:斯塔夫羅波爾
سٹاک اون ٹرینٹ:史篤城
سٹاک اون ٹرینٹ:特倫特河畔斯托克
سٹاکہوم:斯德哥尔摩
سٹاکہوم:斯德哥爾摩
سٹرلنگ:史特靈
سٹرلنگ:斯特靈
سٹن:薩頓區
سٹون_ہینج:巨石阵
سٹون_ہینج:巨石陣
سٹونہنج:巨石阵
سٹونہنج:巨石陣
سټادټیل مولیم ان ډیر روهر:斯塔德哈勒 鲁尔河畔米尔海姆
سټاوروپول:斯塔夫罗波尔
سټاوروپول:斯塔夫羅波爾
سټاکهولم:斯德哥尔摩
سټاکهولم:斯德哥爾摩
سپاسک-دالنی:斯帕斯克达利尼
سپری:施普雷河
سپلیت:史普利特
سپلیت:斯普利特
سپلیت:施普利特
سپنگ:Sìpíng Shì
سپنگ:四平市
سپه:斯帕
سپين ټاپو:白岛
سپیتاک:斯皮塔克
سپیلتھون:斯佩尔索恩
سپین کا سفارت خانہ:西班牙大使馆
سپین:西班牙
سڈنی ایئرپورٹ:悉尼金斯福德·史密斯国际机场
سڈنی:悉尼
سڈنی:雪梨
سڊني:悉尼
سڊني:雪梨
سڤاڠ:雪邦县
سڤوتيه:士布爹
سڤێتا نێدێلا:圣内德利亚
سڤێتا نێدێلا:聖內德利亞
سڤێتی ایڤان زێلینا:圣伊万泽利纳
سڤێتی ایڤان زێلینا:聖伊萬澤利納
سکائی:斯凯岛
سکائیانگ کنگری:斯坎格里峰
سکاربورو:斯卡伯勒
سکاٹ لینڈ:苏格兰
سکاٹ لینڈ:苏格兰 / 蘇格蘭
سکاٹ لینڈ:蘇格蘭
سکاٹش بارڈرز:蘇格蘭邊區
سکای:斯凯岛
سکر:蘇庫爾
سکرادین:斯克拉丁
سکردو:斯卡杜
سکردو:斯卡杜县
سکرے:蘇克雷
سکسارد:塞克薩德
سکش‌فهروار:塞克什白堡
سکل برم:斯吉尔布鲁木峰
سکل برم:斯吉爾布魯木峰
سکم:锡金邦
سکندر آباد:西坎达拉巴德
سکهر:蘇庫爾
سکوله مونتيسوري کانق٢ ريا:快樂幼兒園
سکوندی-تاکورادی:塞康第-塔科拉迪
سکونہ کاؤنٹی:斯科讷省
سکوپ جے:史高比耶
سکوپ جے:斯科普里
سکھر:蘇庫爾
سکۆتلاند:苏格兰
سکۆتلاند:苏格兰 / 蘇格蘭
سکۆتلاند:蘇格蘭
سکیانگ کنگری:斯坎格里峰
سکیدزیل:斯基傑利
سکیفل پائیک:斯科費爾峰
سکیکده:斯基克达
سکیکدہ:斯基克达
سګد:塞格德
سڬامبوت:泗岩末
سڬامبوت:泗岩沫
سگا:佐賀市
سگا:佐贺市
سگامات:昔加末
سگامات:昔加末县
سگد:塞格德
سگوبیا:塞哥維亞
سگژا:索罗卡
سگینگ ضلع:实皆县
سگینگ ٹاؤنشپ:实皆镇区
سہارن پور:萨哈兰普尔
سہیل ریجن:萨赫勒大区
سۅۅك:苏约克村
سۆفیا:索菲亞
سۆفیا:索非亚
سۆفیا:索非亞
سۆل:首尔特别市
سۆل:首爾
سۆل:首爾特別市
سۆلین:索林
سۆمالیلەندا:索馬利蘭
سۆمالیلەندا:索马里兰
سۆمالیلەندا:索马里兰 / 索馬利蘭
سۆماڵیا:Suǒmǎlǐ
سۆماڵیا:索馬利亞
سۆماڵیا:索馬里
سۆماڵیا:索马里
سۆماڵیا:索马里 / 索馬利亞
سۆماڵیلاند:索馬利蘭
سۆماڵیلاند:索马里兰
سۆماڵیلاند:索马里兰 / 索馬利蘭
سۆمبۆر:松博尔
سۆمبۆر:松博爾
سۆڭەك:苏约克村
سۆگەت بوستان:​苏盖提博斯坦村
سۆگەت قاراۋۇل:Sū gài tè kù rú lēi
سۆگەت قۇرۇل:Sū gài tè kù rú lēi
سۆگەت كوچىسى:liǔshùjiē jiēdào
سۆگەت كوچىسى:柳树街街道
سۆگەت يىزىسى:sūgětí xiāng
سۆگەت يىزىسى:苏盖提乡
سۆگەتلىك:苏盖特力克村
سۆەنتو كشيش ۆويۆودالىعى:圣十字省
سۆەنتو كشيش ۆويۆودالىعى:聖十字省
سۇجۇ شەھىرى:Sūzhōu Shì
سۇجۇ شەھىرى:苏州市
سۇجۇ شەھىرى:蘇州
سۇجۇ شەھىرى:蘇州市
سۇدان:苏丹
سۇدان:蘇丹
سۇر:泰尔
سۇرخاندەريا ۋىلايىتى:苏尔汉河州
سۇرىنام:苏里南
سۇرىنام:苏里南 / 蘇利南 / 蘇里南
سۇرىنام:蘇利南
سۇرىنام:蘇利南 / 蘇里南
سۇرىنام:蘇里南
سۇرىيە:Xùlìyà
سۇرىيە:叙利亚
سۇرىيە:叙利亚 / 敘利亞
سۇرىيە:敘利亞
سۇزۇك بۇلاق:苏孜克布拉克村
سۇفىلەر:苏皮拉村
سۇكرې:蘇克雷
سۇكېدوڭ:苏克墩村
سۇلىغاز:苏勒尕孜村
سۇلۇق:苏鲁克村
سۇمتاش ئاوىُلىُ:sūmùtǎshí xiāng
سۇمتاش ئاوىُلىُ:苏木塔什乡
سۇمتاش ئاوىُلىُ:蘇木塔什鄉
سۇمتاش ئاۋىُلىُ:sūmùtǎshí xiāng
سۇمتاش ئاۋىُلىُ:苏木塔什乡
سۇمتاش ئاۋىُلىُ:蘇木塔什鄉
سۇمتاش:sūmùtǎshí xiāng
سۇمتاش:苏木塔什乡
سۇمتاش:蘇木塔什鄉
سۇمقاغا:头堡
سۇمقاغا:头堡村
سۇنتاع جولى:松他克路社区
سۇنتاغ بازىرى:松他克镇
سۇنتاغ يولى:松他克路社区
سۇنتاق جولۇ:松他克路社区
سۇنتاق شاارچاسى:松他克镇
سۇنجاچىنىرۇ بازىرى:孙扎齐牛录镇
سۇنجاچىنىرۇ:sūnzāqíniúlù zhèn
سۇنجاچىنىرۇ:孙扎齐牛录镇
سۇنەن يۇغۇر ئاپتونوم ناھىيىسى:sùnán yùgùzú zìzhìxiàn
سۇنەن يۇغۇر ئاپتونوم ناھىيىسى:肃南裕固族自治县
سۇنەن يۇغۇر ئاپتونوم ناھىيىسى:肅南裕固族自治縣
سۇيەك:苏约克村
سۇپتاي:苏布台乡
سۇچىلىق شىركىتى:水工连
سۇۇباش:苏巴什村
سۇۇلۇق:苏鲁克村
سۇۋۇر:​苏吾尔村
سۈزۈكبۇلاق:苏孜克布拉克村
سۈيدۈڭ بازىرى:水定镇
سۈيدۈڭ:水定鎮
سۈيدۈڭ:水定镇
سۉخ تومنی:索克区
سۉزۉك بۇلاق:苏孜克布拉克村
سۉمتاش قصبه سی:sūmùtǎshí xiāng
سۉمتاش قصبه سی:苏木塔什乡
سۉمتاش قصبه سی:蘇木塔什鄉
سۉمتاش:sūmùtǎshí xiāng
سۉمتاش:苏木塔什乡
سۉمتاش:蘇木塔什鄉
سۊریٱ:Xùlìyà
سۊریٱ:叙利亚
سۊریٱ:叙利亚 / 敘利亞
سۊریٱ:敘利亞
سۋ جيدە:约勒吉格代村
سۋازىلېند:Sīwēishìlán
سۋازىلېند:史瓦帝尼
سۋازىلېند:史瓦蒂尼
سۋازىلېند:斯威士兰
سۋازىلېند:斯威士兰 / 史瓦蒂尼 / 斯威士蘭
سۋازىلېند:斯威士蘭
سۋباش:苏巴什村
سۋدان:苏丹
سۋدان:蘇丹
سۋلىق:苏鲁克村
سۋماترا:苏门答腊
سۋماترا:苏门答腊 / 蘇門答臘
سۋماترا:蘇門答臘
سۋنان ۇيگۋ اۆتونوميالىق اۋدانى:sùnán yùgùzú zìzhìxiàn
سۋنان ۇيگۋ اۆتونوميالىق اۋدانى:肃南裕固族自治县
سۋنان ۇيگۋ اۆتونوميالىق اۋدانى:肅南裕固族自治縣
سۋىر:​苏吾尔村
سۋىقتوعاي:苏吾克托海村
سۋەنتو كشىش ۋوەۋوددۇعۇ:圣十字省
سۋەنتو كشىش ۋوەۋوددۇعۇ:聖十字省
سی سا کیت صوبہ:四色菊府
سیئر لیون:Sàilālì'áng
سیئر لیون:塞拉利昂
سیئر لیون:塞拉利昂 / 獅子山
سیئر لیون:獅子山
سیئفینہے:Suífēnhé Shì
سیئفینہے:綏芬河市
سیئفینہے:绥芬河市
سیئۆل:首尔
سیئۆل:首尔特别市
سیئۆل:首爾
سیئۆل:首爾特別市
سیا کانگری:锡亚康戈里峰
سیاستروی:夏西斯特羅伊
سیالکوت:锡亚尔科特
سیالکوٹ:锡亚尔科特
سیان:Xī'ān shì
سیان:西安
سیان:西安市
سیانو:先諾
سیانگہوانگ صوبہ:川圹省
سیاچن گلیشیئر:锡亚琴冰川
سیاچن گلیشیر:锡亚琴冰川
سیاہ زن:錫阿贊
سیایا کاؤنٹی:夏亞郡
سیب گلن:苹果格伦
سیب گلن:蘋果格倫
سیبای:錫拜
سیبرت:塞伯特
سیبو شہر:宿霧市
سیبو:宿务
سیبو:宿霧
سیبو:宿霧/宿务
سیبیرسکی:锡比尔斯基
سیتوه:实兑
سیتی ویکفیلد:韋克菲爾德市
سیتینیے:切庭耶
سیتینیے:策提涅
سیتینیے:采蒂涅
سیحون:錫爾河
سیحون:锡尔河
سیحوں:錫爾河
سیحوں:锡尔河
سیداما:錫達馬州
سیدلر:下戈爾斯基
سیدنی:悉尼
سیدنی:雪梨
سیده:西代
سیدو شریف ایئر پورٹ:赛杜沙里夫机场
سیدو شریف ہوائی اڈا:赛杜沙里夫机场
سیدو شریف:赛杜沙里夫
سیدھیو علاقہ:塞久區
سیدہ:西代
سیدی بلعباس اوستانی:西迪贝勒阿巴斯省
سیدی بلعباس:西迪贝勒阿巴斯
سیدی بلعباس:西迪贝勒阿巴斯省
سیدی بوزید:西迪布濟德
سیدی بوزید:西迪布濟德省
سیدی لزرق:西迪拉茲拉格
سیدی‌شهر:塞伊迪謝希爾
سیر دریا صوبہ:锡尔河州
سیر سیند:錫爾河
سیر سیند:锡尔河
سیرا لیون کا اعزازی قونصل خانہ:塞拉利昂名誉领事馆
سیرا لیون کا سفارت خانہ:塞拉利昂大使馆
سیرالئون:Sàilālì'áng
سیرالئون:塞拉利昂
سیرالئون:塞拉利昂 / 獅子山
سیرالئون:獅子山
سیرالیون:Sàilālì'áng
سیرالیون:塞拉利昂
سیرالیون:塞拉利昂 / 獅子山
سیرالیون:獅子山
سیردریا بؤلگه‌سی:瑟尔达里亚区
سیردریا تومنی:瑟尔达里亚区
سیردریا ویلایت:锡尔河州
سیردریا:錫爾河
سیردریا:锡尔河
سیروان دیاله:迪亚拉河
سیرپینجیک جھیل:塞尔平吉克湖
سیریوس:锡里乌斯
سیزران:塞兹兰
سیزران:塞茲蘭
سیساک:錫薩克
سیساک:锡萨克
سیستان و بلوچیستان اوستانی:錫斯坦－俾路支斯坦省
سیستان و بلوچیستان اوستانی:锡斯坦和俾路支斯坦省
سیسرت:瑟謝爾季
سیسیل:西西里岛
سیسیل:西西里島
سیشل:Sàishéěr Qúndǎo
سیشل:塞席爾
سیشل:塞舌尔
سیشل:塞舌尔 / 塞席爾
سیشل:塞舌爾
سیشلز کا اعزازی قونصل خانہ:塞舌尔名誉领事馆
سیشَلِس:Sàishéěr Qúndǎo
سیشَلِس:塞席爾
سیشَلِس:塞舌尔
سیشَلِس:塞舌尔 / 塞席爾
سیشَلِس:塞舌爾
سیشێل:塞席爾
سیشێل:塞舌尔
سیشێل:塞舌尔 / 塞席爾
سیشێل:塞舌爾
سیفیری حصار:塞費里希薩爾
سیلامائه:錫拉邁埃
سیلز آفس:销售办公室
سیلزي سفلي:下西里西亚省
سیلزي سفلي:下西里西亞省
سیلزی ویوودالیغی:西里西亚省
سیلزیه ویووده‌لیغی:西里西亚省
سیلسیان اوستانی:西里西亚省
سیلسیان اوستانی:西里西亞省
سیلسیان:西里西亚省
سیلسیان:西里西亞省
سیلهت:锡尔赫特
سیلهت:锡莱特
سیلوان:錫爾萬
سیلوپی:斯洛比
سیلچوک:塞尔丘克
سیلیزیا صوبہ:西里西亚省
سیلیزیا صوبہ:西里西亞省
سیلیفکے:錫利夫凱
سیلینگی صوبہ:色楞格
سیلینگی صوبہ:色楞格省
سیلینگینسک:色楞金斯克
سیلیوری:錫利夫里
سیلیگوری:西里古里
سیلیے:采列
سیلېسیه وۉیوۉده‌لیغی:西里西亚省
سیم:錫姆
سیمئیز:锡梅伊兹
سیماو:錫馬夫
سیمسن:森松
سیمسن:薩姆松
سیمفروپول شهر منطقه‌سی:辛菲罗波尔市
سیمفروپول شهر منطقه‌سی:辛菲罗波尔市 / 辛費羅波爾市
سیمفروپول شهر منطقه‌سی:辛費羅波爾市
سیمفروپول:辛菲罗波尔
سیمفروپول:辛菲罗波尔 / 辛費羅波爾
سیمفروپول:辛費羅波爾
سیمفێرۆپۆل:辛菲罗波尔
سیمفێرۆپۆل:辛菲罗波尔 / 辛費羅波爾
سیمفێرۆپۆل:辛費羅波爾
سیمنان اوستانی:塞姆南省
سیمه‌یز:锡梅伊兹
سیمووا:萨摩亚
سیمووا:萨摩亚 / 薩摩亞
سیمووا:薩摩亞
سیمی:塞梅伊
سیمیز:锡梅伊兹
سیمینگ:Sīmíng Qū
سیمینگ:思明
سیمینگ:思明区
سیمینگ:思明區
سین مآن ضلع:箐門縣
سین مآن ضلع:箐门县
سین-منیھولڈ:圣梅内乌尔德
سینؤ کاؤنٹی:錫諾縣
سینا:西奈半岛
سینا:锡耶纳
سینافے:瑟納費
سینای جنوبی:南西奈省
سینای شمالی:北西奈省
سینت جانز:聖約翰
سینت پال:圣保罗
سینت پال:聖保羅
سینترو جنوبی:中南省
سینت‌جورجس:圣乔治
سیند چایی:印度河
سیند چایی:森格藏布
سیندیرگی:森德格
سینسلخو:辛塞萊霍
سینسینتی:辛辛那提
سینشی:Samkai-si
سینشی:cénxī shì
سینشی:岑溪市
سینلنیکوفه:錫內利尼科韋
سینهوی:Sìhuì Shì
سینهوی:四会市
سینهوی:四會
سینهوی:四會市
سینوب:锡诺普
سینوپ:锡诺普
سینٛٹ لوٗسِیا:圣卢西亚
سینٛٹ لوٗسِیا:圣卢西亚 / 聖露西亞
سینٛٹ لوٗسِیا:聖盧西亞
سینٛٹ لوٗسِیا:聖露西亞
سینٛٹ وینسٮ۪ٹ تہٕ گرٛیناڑاینٕز:圣文森特和格林纳丁斯
سینٛٹ وینسٮ۪ٹ تہٕ گرٛیناڑاینٕز:圣文森特和格林纳丁斯 / 聖文森及格瑞那丁
سینٛٹ وینسٮ۪ٹ تہٕ گرٛیناڑاینٕز:聖文森及格瑞那丁
سینٛٹ وینسٮ۪ٹ تہٕ گرٛیناڑاینٕز:聖文森特和格林納丁斯
سینٛٹ پیٖری تہٕ موکیلِیَن:圣皮埃尔和密克隆群岛
سینٛٹ کِٹَس تہٕ نیوِس:圣基茨和尼维斯
سینٛٹ کِٹَس تہٕ نیوِس:聖克里斯多福及尼維斯
سینٛٹ کِٹَس تہٕ نیوِس:聖基茨和尼維斯
سینٛٹ ہٮ۪لِنا:圣赫勒拿
سینٹ آگسٹین، فلوریڈا:圣奥古斯丁
سینٹ آگسٹین، فلوریڈا:聖奧古斯丁
سینٹ البینز:聖奧爾本斯
سینٹ بارتھلمی:圣巴泰勒米岛
سینٹ بارتھلمی:聖巴多祿繆島
سینٹ بارتھلمی:聖巴泰勒米
سینٹ بارتھیملے:圣巴泰勒米岛
سینٹ بارتھیملے:聖巴多祿繆島
سینٹ بارتھیملے:聖巴泰勒米
سینٹ جارج:圣乔治
سینٹ جارج:圣乔治斯
سینٹ جارجز:圣乔治
سینٹ جانز کاؤنٹی، فلوریڈا:圣约翰斯县
سینٹ جانز کاؤنٹی، فلوریڈا:聖約翰斯縣
سینٹ جانز کاؤنٹی، فلوریڈا:聖約翰斯郡
سینٹ جوزف:圣约瑟夫
سینٹ جونز کاؤنٹی:圣约翰斯县
سینٹ جونز کاؤنٹی:聖約翰斯縣
سینٹ جونز کاؤنٹی:聖約翰斯郡
سینٹ جونز:圣约翰斯
سینٹ جونز:聖約翰
سینٹ جونز:聖約翰斯
سینٹ فرانسس یونیورسٹی:圣弗朗西斯大学
سینٹ لوسیا:圣卢西亚
سینٹ لوسیا:圣卢西亚 / 聖露西亞
سینٹ لوسیا:聖盧西亞
سینٹ لوسیا:聖露西亞
سینٹ مارٹن (فرانس):圣马丁 (法国)
سینٹ مارٹن (فرانس):圣马丁 (法国) / 聖馬丁 (法國)
سینٹ مارٹن (فرانس):法屬聖馬丁
سینٹ مارٹن (فرانس):聖馬丁 (法國)
سینٹ مارٹن:圣马丁
سینٹ مارٹن:聖馬丁
سینٹ ونسنٹ اور گریناڈائنز کا اعزازی قونصل خانہ:圣文森特和格林纳丁斯名誉领事馆
سینٹ ونسنٹ اور گرینیڈائنز:圣文森特和格林纳丁斯
سینٹ ونسنٹ اور گرینیڈائنز:圣文森特和格林纳丁斯 / 聖文森及格瑞那丁
سینٹ ونسنٹ اور گرینیڈائنز:聖文森及格瑞那丁
سینٹ ونسنٹ اور گرینیڈائنز:聖文森特和格林納丁斯
سینٹ پیئر اور میکلیئون:圣皮埃尔和密克隆群岛
سینٹ پیٹرز برگ:圣彼得堡
سینٹ پیٹرز برگ:聖彼得堡
سینٹ کٹس اور نیوس کا اعزازی قونصل خانہ:圣基茨和尼维斯名誉领事馆
سینٹ کٹس اور نیویس:圣基茨和尼维斯
سینٹ کٹس اور نیویس:聖克里斯多福及尼維斯
سینٹ کٹس اور نیویس:聖基茨和尼維斯
سینٹ کیتھرائنز:圣凯瑟琳斯
سینٹ ہلینا:圣赫勒拿
سینٹ ہلینا:聖海倫娜島
سینٹ ہیلیر:圣赫利尔
سینٹ ہیلیر:聖赫利爾
سینٹ ہیلینا:圣赫勒拿
سینٹ-بنویست-سر-وں نے:旺河畔圣邦瓦斯 (奥布省)
سینٹ-لوئیس علاقہ:聖路易區
سینٹ-لوپ-دے-بففگنے:圣卢德比菲尼 (奥布省)
سینٹ-مردس-این -اٹھے:奥特地区圣马尔德 (奥布省)
سینٹ-میڈرڈ-این -جلوس:雅莱地区圣梅达尔
سینٹ-نبورد-سر-ابے:奥布河畔圣纳博尔 (奥布省)
سینٹ-نظارے-1:圣纳泽尔-1
سینٹ-نظارے-2:圣纳泽尔-2
سینٹ-نظارے:圣纳泽尔
سینٹ-ڈینس-سر-کسے:夸斯河畔圣德尼 (卢瓦尔省)
سینٹ-ڈینس:圣但尼
سینٹ-ڈینس:聖但尼
سینٹ-گرمین-سر-وینے:维安河畔圣日尔曼
سینٹ-گودینس:圣戈当
سینٹرل ریور ڈویژن:中河区
سینٹیاگو:圣地亚哥
سینٹیاگو:聖地亞哥
سینٹیاگو:聖地亞哥/圣地亚哥
سینٹیاگو:聖地牙哥
سینټ جوزف:圣约瑟夫
سینټ پیټرزبورګ:圣彼得堡
سینټ پیټرزبورګ:聖彼得堡
سینچو:Sinjhú ShÌh
سینچو:Xīnzhú ShÌ
سینچو:ㄒㄧㄣ ㄓㄨˊ ㄕˋ
سینچو:新竹市
سینگاپور:Xīnjiāpō
سینگاپور:新加坡
سینگاپور:新加坡岛
سینگاپور:星架坡
سینی:塞尼
سینی:錫尼
سینی:锡尼
سینیئی:Slannji-si
سینیئی:Xìnyí Shì
سینیئی:信宜市
سینیگال کا اعزازی قونصل خانہ:塞内加尔名誉领事馆
سینیگال کا سفارت خانہ:塞内加尔大使馆
سینیگال:Sàinèijiāěr
سینیگال:塞內加爾
سینیگال:塞内加尔
سینیگال:塞内加尔 / 塞內加爾
سینیگل:Sàinèijiāěr
سینیگل:塞內加爾
سینیگل:塞内加尔
سینیگل:塞内加尔 / 塞內加爾
سینیگَل:Sàinèijiāěr
سینیگَل:塞內加爾
سینیگَل:塞内加尔
سینیگَل:塞内加尔 / 塞內加爾
سین‌کیانگ:Xīnjiāng
سین‌کیانگ:新疆
سین‌کیانگ:新疆維吾爾自治區
سین‌کیانگ:新疆维吾尔自治区
سیه‌زن:錫阿贊
سیه‌م رئاپ:暹粒市
سیه‌گو ده آویلا:謝戈德阿維拉
سیو دریا:黑海
سیواس:錫瓦斯
سیواس:锡瓦斯
سیوداد بولیبار:玻利瓦尔城
سیوداد بولیوار:玻利瓦尔城
سیوداد دل استه:东方市
سیوداد دل استه:東方市
سیوداد دیل استے:东方市
سیوداد دیل استے:東方市
سیوداد گویانا:圭亞那城
سیورسک:塞維爾斯克
سیورسک:錫韋爾斯克
سیورسکی دونتس:北顿涅茨河
سیورودونتسک:北頓涅茨克
سیورودونسک:北德文斯克
سیورک:錫韋雷克
سیوریجه:希吾里杰县
سیوری‌حصار:錫夫里希薩爾
سیول:首尔
سیول:首尔特别市
سیول:首爾
سیول:首爾特別市
سیونیک صوبہ:休尼克省
سیونیک صوبہ:蕭力省
سیوڑی:苏里
سیویرو-کوریلسک:北库里尔斯克
سیویرو-کوریلسک:北庫里爾斯克
سیویرونژسک:北奥涅日斯克
سیویرڈ:苏厄德
سیٖرالیوون:Sàilālì'áng
سیٖرالیوون:塞拉利昂
سیٖرالیوون:塞拉利昂 / 獅子山
سیٖرالیوون:獅子山
سیٛرداریا اترابیٛ:瑟尔达里亚区
سیٛول:首尔特别市
سیٛول:首爾特別市
سیپینگ:Sìpíng Shì
سیپینگ:四平市
سیچوآن:Sìchuān
سیچوآن:四川省
سیچوان:Sìchuān
سیچوان:四川省
سیچی شہر:Cíxī Shì
سیچی شہر:慈溪市
سیچی شہر:慈谿
سیچی شہر:慈谿市
سیچیلیس:塞席爾
سیچیلیس:塞舌尔
سیچیلیس:塞舌尔 / 塞席爾
سیچیلیس:塞舌爾
سیچیوفکا:瑟喬夫卡
سیډني:悉尼
سیډني:雪梨
سیک کداح:锡县
سیک:锡
سیکاسو اوستانی:锡卡索区
سیکتیوکار:瑟克特夫卡尔
سیکتیوکار:瑟克特夫卡爾
سیکشفهروار:塞克什白堡
سیکلادیز:基克拉泽斯
سیکلدیز:基克拉泽斯
سیکو (شرکت):精工
سیکونڈی-ٹاکوراڈی:塞康第-塔科拉迪
سیکونگ صوبہ:塞公省
سیکیم:锡金邦
سیگو دا ویلا:謝戈德阿維拉
سیگو:塞古区
سیگولدا:錫古爾達
سیہوئی:Sìhuì Shì
سیہوئی:四会市
سیہوئی:四會
سیہوئی:四會市
سیہونگ کاؤنٹی:Sìhóng Xiàn
سیہونگ کاؤنٹی:泗洪
سیہونگ کاؤنٹی:泗洪县
سیہونگ کاؤنٹی:泗洪縣
سییانگ کاؤنٹی:Sìyáng Xiàn
سییانگ کاؤنٹی:泗阳县
سییانگ کاؤنٹی:泗阳縣
سییانگ کاؤنٹی:泗陽
سییانگ کاؤنٹی:泗陽縣
سییم:謝伊姆河
سیەرالیۆن:Sàilālì'áng
سیەرالیۆن:塞拉利昂
سیەرالیۆن:塞拉利昂 / 獅子山
سیەرالیۆن:獅子山
سێرت:錫爾特
سێمێی:塞梅伊
سێنی:塞尼
سێنیگال:Sàinèijiāěr
سێنیگال:塞內加爾
سێنیگال:塞内加尔
سێنیگال:塞内加尔 / 塞內加爾
سێواس:锡瓦斯
سێڤاستۆپۆل:塞瓦斯托波尔
سێڤاستۆپۆل:塞瓦斯托波爾
سېرالیون:Sàilālì'áng
سېرالیون:塞拉利昂
سېرالیون:塞拉利昂 / 獅子山
سېرالیون:獅子山
سېرىق قىر:Sè rì kè kè ěr cūn
سېرىق قىر:色日克克尔村
سېرىقباي:萨热克巴依村
سېغىزئۆي:色格孜乌依村
سېغىزكۆل يېزىسى:色格孜库勒乡
سېنت بارتھېلەمي ئاراللىرى:圣巴泰勒米岛
سېنت بارتھېلەمي ئاراللىرى:聖巴多祿繆島
سېنت بارتھېلەمي ئاراللىرى:聖巴泰勒米
سېنت ليۇسىيە:圣卢西亚
سېنېګال:Sàinèijiāěr
سېنېګال:塞內加爾
سېنېګال:塞内加尔
سېنېګال:塞内加尔 / 塞內加爾
سېنېگال:Sàinèijiāěr
سېنېگال:塞內加爾
سېنېگال:塞内加尔
سېنېگال:塞内加尔 / 塞內加爾
سېويلا:塞維亞
سېويلا:塞维利亚
سېيشېل ئاراللىرى:Sàishéěr Qúndǎo
سېيشېل ئاراللىرى:塞席爾
سېيشېل ئاراللىرى:塞舌尔
سېيشېل ئاراللىرى:塞舌尔 / 塞席爾
سېيشېل ئاراللىرى:塞舌爾
سېۋەتچاقا:色外特恰喀村
سەئىدلا:色依提拉村
سەئۇدى ئەرەبىستان:Shātè Ālābó
سەئۇدى ئەرەبىستان:沙地阿拉伯
سەئۇدى ئەرەبىستان:沙烏地阿拉伯
سەئۇدى ئەرەبىستان:沙特阿拉伯
سەئۇدى ئەرەبىستان:沙特阿拉伯 / 沙烏地阿拉伯
سەحرای ڕۆژاوا:西撒哈拉
سەدىچىن سېپىلى:Chángchéng
سەدىچىن سېپىلى:司马台长城
سەدىچىن سېپىلى:固原长城
سەدىچىن سېپىلى:大虫峪长城
سەدىچىن سېپىلى:大虫峪长城南段
سەدىچىن سېپىلى:娘子关长城
سەدىچىن سېپىلى:慕田峪長城
سەدىچىن سېپىلى:慕田峪长城
سەدىچىن سېپىلى:汉长城
سەدىچىن سېپىلى:苗疆长城
سەدىچىن سېپىلى:虎山长城
سەدىچىن سېپىلى:镇边城城墙
سەدىچىن سېپىلى:镇边废邑城墙
سەدىچىن سېپىلى:長城
سەدىچىن سېپىلى:长城
سەدىچىن سېپىلى:长城—雁门关
سەرگۆل:格爾巴舍
سەریکانیی سەرخەت:傑伊蘭珀納爾
سەرەگۆسا:札拉哥沙
سەرەگۆسا:萨拉戈萨
سەكسەۋىلتۇبەك:赛克赛吾勒吐别克村
سەككىز ئېرىق:赛克孜艾日克村
سەكىرۋ:赛克露村
سەلانىك:塞薩洛尼基
سەلكىت چارۋىچىلىق مەيدانى:赛力克提牧场
سەلكىت:sàilìkètí mùchǎng
سەلكىت:赛力克提牧场
سەلەزيا ۆويۆودالىعى:西里西亚省
سەلەيچوڭ مەھەللىسى:赛来琼买里斯村
سەماوە:萨玛沃
سەمسوور:阿德亚曼
سەمیساد:萨姆萨特
سەمەرقەنت ۋىلايىتى:撒马尔罕州
سەمەرقەنت:撒马尔罕
سەمەن ايىلى:sèmǎn xiāng
سەمەن ايىلى:色满乡
سەمەن ايىلى:色滿鄉
سەمەن اۋىلى:sèmǎn xiāng
سەمەن اۋىلى:色满乡
سەمەن اۋىلى:色滿鄉
سەمەن يولى:色满路
سەمەن يېزىسى:sèmǎn xiāng
سەمەن يېزىسى:色满乡
سەمەن يېزىسى:色滿鄉
سەمەن:sèmǎn xiāng
سەمەن:色满乡
سەمەن:色滿鄉
سەمەي پوليگونى:塞米巴拉金斯克基地
سەنئا:萨那
سەنئا:薩那
سەنا:塞納河
سەنا:塞纳河
سەنتاڭخۇ بازىرى:三塘湖镇
سەنخې بازىرى:Sānhé Zhèn
سەنخې بازىرى:三河鎮
سەنخې بازىرى:三河镇
سەندوخوزا بازىرى:sāndàohézǐ zhèn
سەندوخوزا بازىرى:三道河子镇
سەندوخوزا يېزىسى:三道河乡
سەندوخوزا:sāndàohézǐ zhèn
سەندوخوزا:三道河乡
سەندوخوزا:三道河子鎮
سەندوخوزا:三道河子镇
سەنشىيا سانائەت باغچىسى:三峡工业园区
سەنعا:萨那
سەنعا:薩那
سەنعا:薩那省
سەنگۇڭ خۇيزۇ يېزىسى:三宫回族乡
سەنگۇڭ:三宫乡
سەنەگال:Sàinèijiāěr
سەنەگال:塞內加爾
سەنەگال:塞内加尔
سەنەگال:塞内加尔 / 塞內加爾
سەي بازار يولى:莱巴扎路
سەيلى يېزىسى:赛力乡
سەڭگەر:桑加尔村
سەگىز ارىق:赛克孜艾日克村
سەگىزسۇمىن اۋىلى:纳达齐牛录乡
سەگىزسۇمىن:nàdáqí niúlù xiāng
سەگىزسۇمىن:纳达齐牛录乡
سەینت دێنیس:圣但尼
سەینت دێنیس:聖但尼
س्राप्स्काचे प्रजासत्ताक:塞族共和国
س्राप्स्काचे प्रजासत्ताक:塞族共和國
