Hṳ̄-chiŏng:Xǔchāng Shì
Hṳ̄-chiŏng:許昌
Hṳ̄-chiŏng:許昌市
Hṳ̄-chiŏng:许昌市
Hạ Bayern:下巴伐利亚行政区
Hạ Bản Thành:xiàbănchéng zhèn
Hạ Bản Thành:下板城镇
Hạ Châu:Hoezou-si
Hạ Châu:Hézhōu Shì
Hạ Châu:賀州
Hạ Châu:賀州市
Hạ Châu:贺州市
Hạ Cảng:夏港街道
Hạ Doanh:下營區
Hạ Hoa Viên:下花园区
Hạ Hoa Viên:下花園區
Hạ Hà:Xiàhé
Hạ Hà:夏河县
Hạ Hà:夏河縣
Hạ Hòa District:夏和县
Hạ Hòa District:夏和縣
Hạ Hòa:夏和县
Hạ Hòa:夏和縣
Hạ Lan:Hèlán Xiàn
Hạ Lan:賀蘭縣
Hạ Lan:贺兰县
Hạ Long Bay:下龙湾
Hạ Long:下龍市
Hạ Long:下龙市
Hạ Lôi:下雷镇
Hạ Lục:下陆区
Hạ Lục:下陸區
Hạ Môn:Siàmén-Shìh
Hạ Môn:Xiàmén Shì
Hạ Môn:厦门市
Hạ Môn:廈門市
Hạ Mạnh:xiàmèng xiāng
Hạ Mạnh:下孟乡
Hạ Phái:贺派乡
Hạ Quản:下管镇
Hạ Thành Tử:下城子镇
Hạ Thạch:夏石镇
Hạ Tân:夏津县
Hạ Tân:夏津縣
Hạ Tằng Phô:xiàcéngpù zhèn
Hạ Tằng Phô:夏层铺镇
Hạ Uy Di:夏威夷县
Hạ Uy Di:夏威夷州
Hạ Uy Di:夏威夷縣
Hạ Uy Di:夏威夷郡
Hạ Ấp:夏邑县
Hạ Ấp:夏邑縣
Hạ-Long-Straße:下龙路
Hạ:夏县
Hạ:夏縣
Hạc Bích:Hèbì Shì
Hạc Bích:鶴壁市
Hạc Bích:鹤壁市
Hạc Cương:Hègǎng Shì
Hạc Cương:鶴崗市
Hạc Cương:鹤岗市
Hạc Khánh:Heqing Xian
Hạc Khánh:Hèqìngxiàn
Hạc Khánh:鶴慶縣
Hạc Khánh:鹤庆县
Hạc Phong:Hefeng Xian
Hạc Phong:鶴峯縣
Hạc Phong:鹤峰县
Hạc Sơn:Hoeksaan-si
Hạc Sơn:Hèshān Shì
Hạc Sơn:鶴山區
Hạc Sơn:鶴山市
Hạc Sơn:鹤山区
Hạc Sơn:鹤山市
Hạc Sơn:鹤山街道
Hạc Thành, Hoài Hóa:hèchéng qū
Hạc Thành, Hoài Hóa:鶴城區
Hạc Thành, Hoài Hóa:鹤城区
Hạng Thành:Xiàngchéng Shì
Hạng Thành:項城市
Hạng Thành:项城市
Hạnh Hoa Lĩnh:Xinghualing Qu
Hạnh Hoa Lĩnh:杏花岭区
Hạnh Hoa Lĩnh:杏花嶺區
Hạnh Phúc:jūnsài wǎzú lāhùzú lìsùzú déángzú xiāng
Hạnh Phúc:幸福镇
Hạnh Sơn:杏山街道
Hạo Môn:Ményuán Xiàn
Hạo Môn:门源县
Hạp Khẩu:xiákǒu zhèn
Hạp Khẩu:峡口镇
Hạp Nhĩ:Xiā'ěr
Hạp Nhĩ:呷尔镇
Hạt Klaipėda:克莱佩达县
Hạt Klaipėda:克萊佩達縣
Hạt Međimurje:梅吉穆列县
Hạt Međimurje:梅吉穆列縣
Hạt Zagreb:札格雷布縣
Hạt Zagreb:萨格勒布县
Hải An District:海安郡
Hải An:Hǎi'ān Xiàn
Hải An:海安
Hải An:海安市
Hải Bắc:Haibei Zangzu Zizhizhou
Hải Bắc:海北州
Hải Bắc:海北藏族自治州
Hải Châu District:海洲郡
Hải Châu:Hǎizhōu Qū
Hải Châu:Hǎizhū Qū
Hải Châu:海州区
Hải Châu:海州區
Hải Châu:海州市
Hải Châu:海珠区
Hải Châu:海珠區
Hải Cảng:Haigang Qu
Hải Cảng:海港区
Hải Cảng:海港區
Hải Diêm:Hǎiyán Xiàn
Hải Diêm:海盐县
Hải Diêm:海鹽
Hải Diêm:海鹽縣
Hải Dương Province:海阳省
Hải Dương Province:海陽省
Hải Dương Ward:海阳市
Hải Dương Ward:海陽市
Hải Dương:Hǎiyáng Shì
Hải Dương:海阳市
Hải Dương:海阳省
Hải Dương:海陽市
Hải Dương:海陽省
Hải Hà District:海河县
Hải Hà District:海河縣
Hải Hưng:海兴县
Hải Hưng:海興縣
Hải Hậu District:海后县
Hải Hậu District:海後縣
Hải Khẩu:Hǎikǒu Shì
Hải Khẩu:海口
Hải Khẩu:海口市
Hải Khẩu:海口街道
Hải Luân:Hǎilún Shì
Hải Luân:海伦市
Hải Luân:海倫市
Hải Lâm:Hǎilín Shì
Hải Lâm:海林市
Hải Lãng:海浪
Hải Lãng:海浪镇
Hải Lăng Commune:海陵社
Hải Lăng District:海陵县
Hải Lăng District:海陵縣
Hải Lăng, Thái Châu:Hǎilíng Qū
Hải Lăng, Thái Châu:海陵区
Hải Lăng, Thái Châu:海陵區
Hải Lăng:海陵县
Hải Lăng:海陵縣
Hải Môn:Hǎimén
Hải Môn:海門
Hải Môn:海門區
Hải Môn:海门区
Hải Nam:Hǎinán Zàngzú Zìzhìzhōu
Hải Nam:hǎinán shěng
Hải Nam:海南区
Hải Nam:海南區
Hải Nam:海南省
Hải Nam:海南藏族自治州
Hải Ngu:Hǎiyú Zhèn
Hải Ngu:海虞鎮
Hải Ngu:海虞镇
Hải Nguyên:Hǎiyuán Xiàn
Hải Nguyên:海原县
Hải Nguyên:海原縣
Hải Ninh:Hǎiníng Shì
Hải Ninh:海宁市
Hải Ninh:海寧
Hải Ninh:海寧市
Hải Phong:Hǎifēng Xiàn
Hải Phong:海丰县
Hải Phong:海豐
Hải Phong:海豐縣
Hải Phòng:海防市
Hải Thành:Hoising-kei
Hải Thành:Hǎichéng Qū
Hải Thành:Hǎichéng Shì
Hải Thành:海城区
Hải Thành:海城區
Hải Thành:海城市
Hải Thương:Hǎicāng qū
Hải Thương:海沧区
Hải Thương:海滄
Hải Thương:海滄區
Hải Thượng Lãn Ông:海上揽翁街
Hải Thịnh Lake:海盛湖
Hải Thự:Hǎishǔ Qū
Hải Thự:海曙区
Hải Thự:海曙區
Hải Tây:Hǎixī Měnggǔzú Zàngzú Zìzhìzhōu
Hải Tây:海西蒙古族藏族自治州
Hải Yến:Hǎiyàn Xiàn
Hải Yến:海晏县
Hải Yến:海晏縣
Hải quan:海关
Hải Điến:海淀区
Hải Điến:海淀區
Hải Đoan:Hǎi​duān​ Xiāng
Hải Đoan:海端鄉
Hải Đông Primary School:海东小学
Hải Đông:Hǎidōng Shì
Hải Đông:海东市
Hải Đông:海東市
Hải Đường, Tam Á:海棠区
Hải Đường, Tam Á:海棠區
Hải Đức Buddhist Temple:海德寺
Hải đăng An Bang:安波
Hải đăng Trường Sa Lớn:海南三沙灯塔
Hải đăng Vĩnh Hưng:永兴灯塔
Hải đăng Vĩnh Hưng:永興燈塔
Hải đăng Vĩnh Thử:鼎盛中华（永暑灯塔）
Hải đăng Vĩnh Thử:鼎盛中華（永暑燈塔）
Hải đăng Vũng Tàu:头顿灯塔
Hải đăng Đông Đĩnh Đảo:东碇岛灯塔
Hải đăng Đông Đĩnh Đảo:東碇燈塔
Hấp:歙县
Hấp:歙縣
Hầm sông Sài Gòn:西贡河隧道
Hầm đá phấn Chełm:海乌姆粉笔地下
Hầu Mã:Hóumǎ Shì
Hầu Mã:侯馬市
Hầu Mã:侯马市
Hậu Bích:後壁區
Hậu Giang Province:后江省
Hậu Giang Province:後江省
Hậu Giang:后江省
Hậu Giang:後江省
Hậu Long:後龍鎮
Hậu Lý:后里區
Hậu Lộc District:厚祿縣
Hậu Lộc District:厚禄县
Hậu Lộc:厚祿縣
Hậu Lộc:厚禄县
Hậu Lộc:厚禄市镇
Hậu Nghĩa:后义市镇
Hậu Nhai:厚街鎮
Hậu Nhai:厚街镇
Hậu Trạch:Hòuzhái Zhèn
Hậu Trạch:后宅镇
Hậu Trạch:後宅鎮
Hậu Trại:后寨
Hậu kỳ Hữu dực Chahar:Cháhā'ěr Yòuyì Hòu Qí
Hậu kỳ Hữu dực Chahar:察哈尔右翼后旗
Hậu kỳ Hữu dực Chahar:察哈爾右翼後旗
Hậu kỳ Tả dực Horqin:Horqin Zuoyi Houqi
Hậu kỳ Tả dực Horqin:科尔沁左翼后旗
Hậu kỳ Urat:Urad Houqi
Hậu kỳ Urat:乌拉特后旗
Hắc Chi Quả:黑支果乡
Hắc Cương:黑岗乡
Hắc Hà:Heihe Shi
Hắc Hà:Hēihé Shì
Hắc Hà:黑河
Hắc Hà:黑河市
Hắc Hà:黑河镇
Hắc Long Giang:Heilongjiang Sheng
Hắc Long Giang:Hēilóngjiāng
Hắc Long Giang:黑龍江省
Hắc Long Giang:黑龙江省
Hắc Sơn:黑山县
Hắc Sơn:黑山縣
Hắc Thủy:Heishui Xian
Hắc Thủy:Hēishuǐ Xiàn
Hắc Thủy:芦花镇
Hắc Thủy:黑水县
Hắc Thủy:黑水縣
Hắc Tỉnh:黑井镇
Hằng Phong:héngfēng xiāng
Hằng Phong:恒丰乡
Hằng Sơn:Héngshān qū
Hằng Sơn:héng shān
Hằng Sơn:恆山區
Hằng Sơn:恒山
Hằng Sơn:恒山区
Hằng Xuân:Héngchūn Zhèn
Hằng Xuân:恆春鎮
Hẻm 10 Lạc Long Quân:文高路
Hẻm 2 Nguyễn Huệ:阮惠路2号巷
Hẻm núi đá:Shí xiágǔ
Hẻm núi đá:石峡谷
Hẻm núi đá:石峽谷
Hỉ Châu:Xǐzhōu zhèn
Hỉ Châu:喜洲鎮
Hỉ Châu:喜洲镇
Họa Kiều:画桥镇
Học Giáp:學甲區
Học viện Kỹ thuật Chức nghiệp Công nghiệp Quảng Tây:广西工业职业技术学院
Học viện Thể thao Quảng Châu:广州体育学院
Học viện Tài chính Kinh tế Quảng Tây:广西财经学院(明秀校区)
Học viện Tài chính Kinh tế Quảng Tây:广西财经学院(相思湖校区)
Họ̀ndúràs:宏都拉斯
Họ̀ndúràs:洪都拉斯
Họ́ng Kọng:Heung Gong
Họ́ng Kọng:Hoeng1 gong2
Họ́ng Kọng:Xiāng gǎng
Họ́ng Kọng:Xiānggǎng
Họ́ng Kọng:香港
Hỏa Diệm Sơn:huǒyàn shān
Hỏa Diệm Sơn:火焰山
Hỏa Liệt:火烈
Hỏa Thán:Fo Tan
Hỏa Thán:Fo2 Taan3
Hỏa Thán:火炭
Hố Rồng (Tam Sa Vĩnh Lạc Long Động):三沙永乐龙洞
Hồ Albert:艾伯特湖
Hồ Bafa:巴法湖
Hồ Balkhash:巴尔喀什湖
Hồ Beyşehir:贝伊谢希尔湖
Hồ Bán Nguyệt:半月湖
Hồ Bạch Tầm:白潭湖
Hồ Bắc:Húběi
Hồ Bắc:Húběi Shěng
Hồ Bắc:湖北省
Hồ Châu:湖州
Hồ Châu:湖州市
Hồ Chí Minh gávpot:胡志明市
Hồ Chí Minh-borg:胡志明市
Hồ Chí Minh:胡志明市
Hồ Chí Minhin kaupunki:胡志明市
Hồ Chứa Tụng Hoà:sònghé shuǐkù
Hồ Chứa Tụng Hoà:颂和水库
Hồ Dầu Tiếng:油汀湖
Hồ Edward:爱德华湖
Hồ Everett:埃弗里特湖
Hồ Garda:加尔达湖
Hồ Gương:镜湖
Hồ Gấu Lớn:大熊湖
Hồ Hảo Hớn:胡好汉路
Hồ Inle:茵萊湖
Hồ Kariba:卡里巴水庫
Hồ Kenyir:肯逸湖
Hồ Khẩu:Hukou Xian
Hồ Khẩu:húkǒu xiàn
Hồ Khẩu:湖口
Hồ Khẩu:湖口县
Hồ Khẩu:湖口縣
Hồ Khẩu:湖口鄉
Hồ Kivu:基伏湖
Hồ Lô Đảo:Húlúdǎo Shì
Hồ Lô Đảo:葫芦岛市
Hồ Lô Đảo:葫蘆島市
Hồ Lý:Húlǐ Qū
Hồ Lý:湖裏區
Hồ Lý:湖里
Hồ Lý:湖里区
Hồ Manasarovar:Măpángyōng Cuò
Hồ Manasarovar:玛旁雍错
Hồ Minifenokee:Hú Mǐ ní fú nuò jī hú
Hồ Minifenokee:湖米尼弗諾基湖
Hồ Muối Lớn:大盐湖
Hồ Nam Hải:南海
Hồ Nam:Hunan Sheng
Hồ Nam:Húnán Shěng
Hồ Nam:Húnán-Shěng
Hồ Nam:湖南省
Hồ Ngải Đinh:Àidīng Hú
Hồ Ngải Đinh:艾丁湖
Hồ Nhuận:湖润镇
Hồ Nhĩ Hải:洱海
Hồ Núi Cốc:山谷湖
Hồ Nội:湖內區
Hồ Onega:奥涅加湖
Hồ Peipus:楚德湖
Hồ Phụ:湖㳇鎮
Hồ Phụ:湖㳇镇
Hồ Quan:Huguan Xian
Hồ Quan:壶关县
Hồ Quan:壺關縣
Hồ Quý Ly:胡季犛路
Hồ Sakata:坂田池
Hồ Serpincik:塞尔平吉克湖
Hồ Siling:色林错
Hồ Slave Lớn:大奴湖
Hồ Thanh Hải:青海湖
Hồ Thiên Đảo:千岛湖
Hồ Thiên Đảo:千島湖
Hồ Thác Bà:塔婆湖
Hồ Thái Dịch:太液湖
Hồ Tonlé Sap:洞里萨湖
Hồ Trung Hải:中海
Hồ Tràm:湖沾
Hồ Trúc Bạch:竹帛湖
Hồ Trị An:治安湖
Hồ Tân Nguyệt:新月湖
Hồ Tân:Hubin Qu
Hồ Tân:湖滨区
Hồ Tân:湖濱區
Hồ Tây:湖西乡
Hồ Tây:湖西鄉
Hồ Tùng Mậu:胡松茂街
Hồ Tập:胡集鎮
Hồ Tập:胡集镇
Hồ Tộc Phô:胡族铺镇
Hồ Tứ:húsì jiēdào
Hồ Tứ:湖泗
Hồ Van:凡湖
Hồ Winnipeg:温尼伯湖
Hồ Yamdrok:yángzhuó yōngcuò
Hồ Yamdrok:羊卓雍错
Hồ Zaysan:斋桑泊
Hồ chứa nước Kamianske:卡缅斯科耶水库
Hồ chứa nước Kyiv:基輔水庫
Hồ dünastia kindlus:西都城
Hồ không đáy:阿巴诺矿物湖
Hồ leinuaren zitadela:西都城
Hồ-dynastian linnoitus:西都城
Hồ:yuèhú qū
Hồ:月湖区
Hồ:月湖區
Hồi Dân:Huímín Qū
Hồi Dân:回民区
Hồi Dân:回民區
Hồi Hột:呼和浩特市
Hồi Long Khư:huílóngxū
Hồi Long Khư:huílóngxū zhèn
Hồi Long Khư:回龙圩管理区
Hồi Long Khư:回龙圩镇
Hồi Long Khư:迴龍墟管理區
Hồi Long Khư:迴龍墟鎮
Hồi Long Sơn:回龙山镇
Hồi Long:回隆镇
Hồn Nguyên:húnyuán xiàn
Hồn Nguyên:浑源县
Hồn Nguyên:渾源縣
Hồn Xuân:Húnchūn Shì
Hồn Xuân:珲春市
Hồn Xuân:琿春市
Hồng An:紅安
Hồng An:紅安縣
Hồng An:红安县
Hồng Bàng District:鴻龐郡
Hồng Bàng District:鸿庞郡
Hồng Bàng:鴻龐路
Hồng Bàng:鸿庞大路
Hồng Bản Khố:红本库
Hồng Cương:Hónggǎng qū
Hồng Cương:紅崗區
Hồng Cương:红岗区
Hồng Cốc Than:hónggǔtān qū
Hồng Cốc Than:紅谷灘區
Hồng Cốc Than:红谷滩区
Hồng Cổ:Hónggǔ Qū
Hồng Cổ:紅古區
Hồng Cổ:红古区
Hồng Dân District:洪民县
Hồng Dân District:洪民縣
Hồng Giang, Hoài Hóa:洪江
Hồng Giang, Hoài Hóa:洪江市
Hồng Giang, Hoài Hóa:洪江管理区
Hồng Giang:Hóngjiāng Shì
Hồng Giang:洪江市
Hồng Giang:紅江
Hồng Giang:红江
Hồng Hà:Honghe Xian
Hồng Hà:Hónghé Hānízú Yízú Zìzhìzhōu
Hồng Hà:Hónghéxiàn
Hồng Hà:紅河哈尼族彝族自治州
Hồng Hà:紅河坊
Hồng Hà:紅河州
Hồng Hà:紅河縣
Hồng Hà:红河
Hồng Hà:红河县
Hồng Hà:红河哈尼族彝族自治州
Hồng Hà:红河坊
Hồng Hà:红河州
Hồng Hồ:Hónghú Shì
Hồng Hồ:洪湖市
Hồng Khám:紅磡
Hồng Khẩu:Hóngkǒu Qū
Hồng Khẩu:虹口区
Hồng Khẩu:虹口區
Hồng Kiều:Hōngqiáo Qū
Hồng Kiều:紅橋區
Hồng Kiều:红桥区
Hồng Kiều:红桥镇
Hồng Kông Siêu Thị:香港超級市場
Hồng Kông Siêu Thị:香港超级市場
Hồng Kông:Heung Gong
Hồng Kông:Hoeng1 gong2
Hồng Kông:Xiāng gǎng
Hồng Kông:Xiānggǎng
Hồng Kông:香港
Hồng Kỳ:Hongqi Qu
Hồng Kỳ:紅旗區
Hồng Kỳ:红旗
Hồng Kỳ:红旗区
Hồng Kỳ:红旗街道
Hồng Lam:洪蓝街道
Hồng Lam:洪藍街道
Hồng Liễu Hà:红柳河
Hồng Liễu Viên:柳园镇
Hồng Loan Tự:红湾寺镇
Hồng Lĩnh:鴻嶺市社
Hồng Lĩnh:鸿岭市社
Hồng Nguyên:Hóngyuán Xiàn
Hồng Nguyên:紅原縣
Hồng Nguyên:红原县
Hồng Ngự District:雄禦縣
Hồng Ngự:鴻御市
Hồng Nhã:Hongya Xian
Hồng Nhã:洪雅县
Hồng Nhã:洪雅縣
Hồng Phòng Tử:红房子
Hồng Phụ:洪埠乡
Hồng Sa Bá:红砂坝镇
Hồng Sơn:Hongshan Qu
Hồng Sơn:Hóngshān Qū
Hồng Sơn:Hóngshān Zhèn
Hồng Sơn:hóngshān zhèn
Hồng Sơn:洪山区
Hồng Sơn:洪山區
Hồng Sơn:紅山區
Hồng Sơn:红山区
Hồng Sơn:红山镇
Hồng Sơn:鸿山街道
Hồng Tháp:Hóngtǎ Qū
Hồng Tháp:紅塔區
Hồng Tháp:红塔区
Hồng Trạch:Hóngzé Xiàn
Hồng Trạch:洪泽区
Hồng Trạch:洪澤
Hồng Trạch:洪澤區
Hồng Tự Bảo:hóngsìbǎo qū
Hồng Tự Bảo:紅寺堡區
Hồng Tự Bảo:红寺堡区
Hồng Vĩ:jiāngwěi zhèn
Hồng Vĩ:江尾
Hồng Vĩ:江尾镇
Hồng Đình:Hungting-gaaidau
Hồng Đình:hóngtíng jiēdào
Hồng Đình:鸿亭街道
Hồng Đường Doanh:hóngtángyíng yáozú xiāng
Hồng Đường Doanh:洪塘营瑶族乡
Hồng Đồng:Hóngtóng Xiàn
Hồng Đồng:洪洞县
Hồng Đồng:洪洞縣
Hổ Khâu:虎丘区
Hổ Khâu:虎丘區
Hổ Lâm:Hǔlín zhèn
Hổ Lâm:虎林市
Hổ Phong:虎峰
Hổ Vĩ Liêu:虎尾寮
Hổ Vĩ:虎尾鎮
Hỗ Trợ:Huzhu Tuzu Zizhixian
Hỗ Trợ:互助土族自治县
Hỗ Trợ:互助土族自治縣
Hộ Tát:hùsā āchāngzú xiāng
Hộ Tát:戶撒鄉
Hộ Tát:户撒乡
Hộ:hùyì ōu
Hộ:鄠邑区
Hội An:会安市
Hội An:會安市
Hội Lý:Huìlǐ Shì
Hội Lý:会理市
Hội Lý:會理市
Hội Ninh:huìníng xiàn
Hội Ninh:会宁县
Hội Ninh:會寧縣
Hội Phước Tự:Hoi Phuoc寶塔
Hội Phật học Minh Nguyệt Cư Sĩ Lâm:西雅图佛教明月居士林
Hội Phật học Minh Nguyệt Cư Sĩ Lâm:西雅圖佛教明月居士林
Hội Thánh của Đức Chúa Trời Hiệp Hội Truyền Giáo Tin Lành Thế Giới (WMC) vn.watv.org (An Xang Hồng, Lễ Vượt Qua, Êlôhim):Shàngdì de Jiàohuì Shìjiè Fúyīn Xuānjiào Xiéhuì (WMC) chinese.watv.org (Ān Shāng Hóng, Nián Yúyuè Jié, Yé Luò)
Hội Thánh của Đức Chúa Trời Hiệp Hội Truyền Giáo Tin Lành Thế Giới (WMC) vn.watv.org (An Xang Hồng, Lễ Vượt Qua, Êlôhim):上帝的教会 世界福音宣教协会 (WMC) chinese.watv.org (安商洪, 年逾越节, 耶洛)
Hội Thánh của Đức Chúa Trời Hiệp Hội Truyền Giáo Tin Lành Thế Giới (WMC):Shàngdì de Jiàohuì Shìjiè Fúyīn Xuānjiào Xiéhuì (WMC)
Hội Thánh của Đức Chúa Trời Hiệp Hội Truyền Giáo Tin Lành Thế Giới (WMC):上帝的教会 世界福音宣教协会 (WMC)
Hội Thánh của Đức Chúa Trời Hiệp Hội Truyền Giáo Tin Lành Thế Giới:Shàngdì de Jiàohuì Shìjiè Fúyīn Xuānjiào Xiéhuì
Hội Thánh của Đức Chúa Trời Hiệp Hội Truyền Giáo Tin Lành Thế Giới:上帝的教会 世界福音宣教协会
Hội Trạch:Huize Xian
Hội Trạch:Huìzé Xiàn
Hội Trạch:Huìzéxiàn
Hội Trạch:会泽县
Hội Trạch:會澤縣
Hội Xương:huìchāng xiàn
Hội Xương:会昌县
Hội Xương:會昌
Hội Xương:會昌縣
Hội nghị Liên Hiệp Quốc về Thương mại và Phát triển:联合国贸易和发展会议
Hội quán Hà Chương:霞漳會館
Hội quán Nghĩa An:义安会馆
Hội quán Nghĩa An:義安會館
Hội quán Nhị Phủ:二府會館
Hội quán Phước An:福安會館
Hội quán Quần Tân:羣賓會館
Hội quán Tuệ Thành:穗城會館
Hội quán Ôn Lăng:溫陵會館
Hội thánh Tin lành Việt Nam tại Úc:墨爾本基督教會堂
Hội trường Thành ủy:头顿市党委会场
Hội Đông:Huidong Xian
Hội Đông:huìdōng xiàn
Hội Đông:会东县
Hội Đông:會東縣
Hội Đồng:huìtóng xiàn
Hội Đồng:会同县
Hội Đồng:會同
Hội Đồng:會同縣
Hội Đồng:林城镇
Hội đồng Liên minh châu Âu:欧洲联盟理事会
Hội đồng Liên minh châu Âu:歐盟理事會
Hớn Quản District:汉广县
Hớn Quản District:漢廣縣
Hớn Quản:汉广县
Hớn Quản:漢廣縣
Hợp Giang:Héjiāng Xiàn
Hợp Giang:合江县
Hợp Giang:合江縣
Hợp Phì:Héféi Shì
Hợp Phì:合肥
Hợp Phì:合肥市
Hợp Phố:Happu-jun
Hợp Phố:Hépǔ Xiàn
Hợp Phố:合浦县
Hợp Phố:合浦縣
Hợp Sơn:Héshān Shì
Hợp Sơn:合山市
Hợp Thủy:Heshui Xian
Hợp Thủy:合水县
Hợp Thủy:合水縣
Hợp Tác:Hézuò Shì
Hợp Tác:合作市
Hợp Xuyên:Héchuān Qū
Hợp Xuyên:héchuān qū
Hợp Xuyên:合川区
Hợp Xuyên:合川區
Hủa Phăn:华潘省
Hủa Phăn:華潘省
Hứa Xương:Xǔchāng Shì
Hứa Xương:許昌
Hứa Xương:許昌市
Hứa Xương:许昌市
Hữu Dực Môn:Yòuyìmén
Hữu Dực Môn:右翼門
Hữu Dực Môn:右翼门
Hữu Giang:右江区
Hữu Giang:右江區
Hữu Hảo:Yǒuhǎo Qū
Hữu Hảo:友好区
Hữu Hảo:友好區
Hữu Lũng District:右陇县
Hữu Lũng District:右隴縣
Hữu Lũng:右陇
Hữu Lũng:右隴
Hữu Nghị Quan:友誼關
Hữu Nghị Quan:友谊关
Hữu Nghị trấn:友谊镇
Hữu Nghị:Yǒuyì Xiàn
Hữu Nghị:友誼縣
Hữu Nghị:友谊县
Hữu Nghị:友谊镇
Hữu Ngọc:county
Hữu Ngọc:右玉
Hữu Ngọc:右玉县
Hữu Ngọc:右玉縣
Hữu Sản:有产
Hữu Sản:有產
Hữu Trắc Tường:Yòucèqiáng
Hữu Trắc Tường:右侧墙
Hữu Trắc Tường:右側牆
Hữu Vu:右廡
Hữu kỳ Alxa:Ālāshàn Yòu Qí
Hữu kỳ Alxa:Ālāshàn Zuǒ Qí
Hữu kỳ Alxa:阿拉善右旗
Hữu kỳ Alxa:阿拉善左旗
Hữu kỳ Baarin:Bālín Yòu Qí
Hữu kỳ Baarin:巴林右旗
Hữu kỳ Sonid:Sonid Youqi
Hữu kỳ Sonid:苏尼特右旗
Hữu kỳ Tân Barga:Xin Barga Youqi
Hữu kỳ Tân Barga:新巴尔虎右旗
Hữu:右江
Hỷ Đức:Xǐdé Xiàn
Hỷ Đức:喜德县
Hỷ Đức:喜德縣
