Şabran:迪維奇
Şabran:迪维奇
Şabran:迪维奇/迪維奇
Şadrinsk:沙德林斯克
Şahin ve Sülün:猎鹰与野鸡
Şahin ve Sülün:獵鷹與野雞
Şahin və Qırqovul:猎鹰与野鸡
Şahin və Qırqovul:獵鷹與野雞
Şahinbey:沙欣贝伊
Şahmanîs:Toğpçu Değirmeni
Şahrisabz:沙赫里萨布兹
Şahrud:沙赫鲁德
Şahti:沙赫特
Şahtyorsk:沙赫乔尔斯克
Şahtı:沙赫特
Şahunya:沙胡尼亞
Şahvorostivka:沙赫沃羅斯季夫卡
Şahzadə-Patrik adası:帕特里克王子岛
Şahzadə-Çarlz adası:查爾斯王子島
Şahînbeg:沙欣贝伊
Şaksgam Vadisi:沙克思干谷地
Şakürtı qalaşyğy:恰库尔图镇
Şakürtı:qiàkùěrtú zhèn
Şakürtı:恰库尔图
Şakürtı:恰库尔图镇
Şali:沙里
Şalkar:沙爾卡爾
Şalqar:沙爾卡爾
Şalçininkay:沙爾奇寧凱
Şalālah:薩拉拉
Şalāḩ ad-Dīni kubernerkond:萨拉赫丁省
Şalāḩ ad-Dīni kubernerkond:薩拉甸省
Şalşyqai auyly:qiàlèshíhǎi xiāng
Şalşyqai auyly:恰勒什海乡
Şalşyqai:qiàlèshíhǎi xiāng
Şalşyqai:恰勒什海乡
Şam:大馬士革
Şam:大马士革
Şam:大马士革 / 大馬士革
Şamanivka:沙馬尼夫卡
Şanghay Kulesi:Shànghǎi Zhōngxīn Dàshà
Şanghay Kulesi:上海中心大厦
Şanghay Kulesi:上海中心大廈
Şanghay Pudong Uluslararası Havalimanı:Shànghǎi Pǔdōng Guójì Jīchǎng
Şanghay Pudong Uluslararası Havalimanı:上海浦东国际机场
Şanghay:Shànghǎi Shì
Şanghay:上海
Şanghay:上海市
Şanhay:Shànghǎi Shì
Şanhay:上海市
Şanhaý:上海
Şanhaý:上海市
Şanlyurfa:尚勒乌尔法省
Şanlıurfa:尚勒乌尔法省
Şanlıurfa:尚勒烏爾法
Şansi:Shanxi Sheng
Şansi:Shānxī
Şansi:山西省
Şantun:Shandong Sheng
Şantun:山东省
Şantun:山東省
Şantung:Shāndōng
Şantung:山东省
Şantung:山東省
Şanxay:Shànghǎi Shì
Şanxay:上海
Şanxay:上海市
Şapşal audany:Chábùchá'ěr Xībó Zìzhìxiàn
Şapşal audany:察布查尔锡伯自治县
Şapşal audany:察布查爾錫伯自治縣
Şapşal qalaşyğy:察布查尔镇
Şapşal qalaşyğy:察布查尔镇 چاپچال بازىرى ᠴᠠᠪᠴᠠᠯ ᡪᡝᠨ
Şapşal qalaşyğy:察布查爾鎮
Şapşal:察布查尔县
Şapşal:察布查爾縣
Şardara District:沙尔达拉区
Şari çayı:沙里河
Şarja əmirliyi:夏尔迦
Şarja əmirliyi:沙迦酋長國
Şarja:沙迦
Şarkikaraağaç:沙爾基卡拉阿奇
Şarkiye (il):東部省 (埃及)
Şarköy:沙爾柯伊
Şarkışla:沙爾克什拉
Şarlevil-Mezyer-1:沙勒维尔-梅济耶尔-1
Şarlevil-Mezyer-2:沙勒维尔-梅济耶尔-2
Şarlevil-Mezyer-3:沙勒维尔-梅济耶尔-3
Şarlevil-Mezyer-4:沙勒维尔-梅济耶尔-4
Şarlevil-Mezyer:沙勒维尔-梅济耶尔
Şarlotta Amaliya:夏洛特阿马利亚
Şarlotta-Amaliya:夏洛特阿馬利亞
Şarlotta-Amaliya:夏洛特阿马利亚
Şarlūñ qalaşyğy:qià'ěrlóng zhèn
Şarlūñ qalaşyğy:恰尔隆镇
Şarlūñ qalaşyğy:恰爾隆鎮
Şarlūñ:qià'ěrlóng zhèn
Şarlūñ:恰尔隆镇
Şarlūñ:恰爾隆鎮
Şarm El Şeyh:沙姆沙伊赫
Şaroçke ya Soran:索兰区
Şaroçkeya Mexmûr:麦赫穆尔县
Şarq Qazahistan vilâyeti:东哈萨克斯坦州
Şarqije:沙爾克什拉
Şarqiy Timor:东帝汶
Şarqiy Timor:东帝汶 / 東帝汶
Şarqiy Timor:東帝汶
Şarya:沙里亞
Şarîqe:沙迦
Şatsk:沙茨克
Şattülarap:阿剌伯河
Şattülarap:阿拉伯河
Şatura:沙圖拉
Şaturu:沙托鲁
Şaty:xiàtè kēěrkèzīzú xiāng
Şaty:夏特乡
Şaven:Shāwān Shì
Şaven:沙湾市
Şaven:沙灣市
Şax:恰塔克
Şaxtyorsk:沙赫乔尔斯克
Şaxtı:沙赫特
Şazğet auyly:夏孜盖乡
Şazğet:夏孜盖乡
Şañhudi auyly:shānghùdì xiāng
Şañhudi auyly:商户地乡
Şañhudi:shānghùdì xiāng
Şañhudi:商户地乡
Şañhy qalaşyğy:上户镇
Şañhy:上户镇
Şağalalı:恰格林卡河
Şağan:恰甘河
Şağanköl auyly:查干库勒乡
Şağanköl:查干库勒乡
Şağannūr sūmyny:查干诺尔苏木
Şağannūr:查干诺尔苏木
Şağantoğai audany:Yùmín Xiàn
Şağantoğai audany:裕民县
Şağantoğai audany:裕民縣
Şağantoğai:裕民县
Şağantoğai:裕民縣
Şağanğol auyly:查干郭勒乡
Şağanğol:查干郭勒乡
Şağyty auyly:zhāhétè xiāng
Şağyty auyly:查和特乡
Şağyty:查和特乡
Şaşa qalaşyğy:qiàxià zhèn
Şaşa qalaşyğy:恰夏镇
Şaşa:qiàxià zhèn
Şaşa:恰夏镇
Şaşu joly mälı basqarmasy:恰秀路街道
Şaşu joly:恰秀路街道
Şciolkovo:曉爾科沃
Şebekino:舍別基諾
Şebinkarahisar:謝賓卡拉希薩爾
Şebve:舍卜沃省
Şefaatli:謝法阿特利
Şehitkamil:悉嘎米
Şehr-i-Sebz:沙赫里萨布兹
Şehri:科貢
Şekergölü:西克尔库勒镇
Şeki:舍基
Şeksna:舍克斯纳
Şela:沙里
Şelf Vilayeti:谢利夫
Şemdinli:谢姆丁利
Şemrex:馬澤達厄
Şemzînan:謝姆丁利
Şemzînan:谢姆丁利
Şemırşek qalaşyğy:切木尔切克镇
Şemırşek:切木尔切克镇
Şenbe Bazar:xiānbài bāzhā zhèn
Şenbe Bazar:先拜巴扎镇
Şenkursk:申库尔斯克
Şensi:Shaanxi Sheng
Şensi:陕西省
Şensi:陝西省
Şenyan:Shěnyáng shì
Şenyan:沈阳市
Şenyan:瀋陽市
Şençjen:Shēnzhèn Shì
Şençjen:深圳
Şençjen:深圳市
Şepeizı qalaşyğy:车排子镇
Şepeizı:chēpáizǐ zhèn
Şepeizı:车排子镇
Şepetivka:舍彼托夫卡
Şeqini:舍希尼
Şerbinka:謝爾賓卡
Şereflikoçhisar:謝雷夫利科奇希薩爾
Şeregeş:舍列格什
Şeremetyevo Uluslararası Havalimanı:谢列梅捷沃国际机场
Şerur:沙魯爾
Şerîl:沙魯爾
Şerşel:歇爾謝爾
Şetelereb:阿剌伯河
Şetelereb:阿拉伯河
Şetland:昔德蘭
Şetland:设德兰
Şetsin:什切青
Şevçenkove:舍夫琴科韋
Şeñgel sūmyny:增格尔苏木
Şeñgel:增格尔苏木
Şhara:什哈拉山
Şian:Xī'ān shì
Şian:西安
Şian:西安市
Şiaşkotan:捨子古丹島
Şibenik:希貝尼克
Şibenik:希贝尼克
Şibirgan:希比尔甘
Şibirgan:希比尔甘/希比爾甘
Şibirgan:希比爾甘
Şida Kartli:什达-卡特利州
Şidagu qalaşyğy:西大沟镇
Şidagu:西大沟镇
Şihu qalaşyğy:西湖鎮
Şihu qalaşyğy:西湖镇
Şihu türmesı:乌苏监狱
Şihu:Wūsū shì
Şihu:乌苏
Şihu:乌苏市
Şihu:烏蘇市
Şijiazhuanq:石家庄市
Şijiazhuanq:石家莊市
Şikago:芝加哥
Şikesteka rojhilatê Anatolyayê:東安那托利亞斷層
Şikoku:四国
Şikoku:四国 / 四國
Şikoku:四国地方
Şikoku:四国地方 / 四國地方
Şikoku:四國
Şikoku:四國地方
Şikotan Adası:色丹島
Şikotan:色丹島
Şili Büyükelçiliği:智利大使馆
Şili Fahri Konsolosluğu:智利名誉领事馆
Şili:智利
Şilıözek:qílèwūzékè zhèn
Şilıözek:齐勒乌泽克镇
Şimal Qazahistan vilâyeti:北哈萨克斯坦州
Şimal Torpağı:北地群岛
Şimal adası:北島
Şimal adası:謝韋爾內島
Şimal boğazı:北海海峽
Şimal bölgəsi:北部区
Şimal dənizi:北海
Şimal regionu:巴西北部
Şimal İli:北黎巴嫩省
Şimal-Qərb vilayəti:西北省
Şimal-Qərb əraziləri:西北地区
Şimal-şərq regionu:东北部
Şimali Dakota:北达科他州
Şimali Dakota:北達科他州
Şimali Karolina:北卡罗来纳州
Şimali Karolina:北卡羅萊那州
Şimali Keyp vilayəti:北開普
Şimali Keyp vilayəti:北開普省
Şimali Kipr:北塞浦路斯
Şimali Kipr:北塞浦路斯/北賽普勒斯
Şimali Kipr:北賽普勒斯
Şimali Kordofan:北科尔多凡州
Şimali Koreya:Cháoxiǎn
Şimali Koreya:北韓
Şimali Koreya:朝鮮
Şimali Koreya:朝鮮民主主義人民共和國
Şimali Koreya:朝鲜
Şimali Koreya:朝鲜 / 北韓
Şimali Makedoniya Baş Konsulluğu:北马其顿总领事馆
Şimali Makedoniya səfirliyi:北马其顿大使馆
Şimali Makedoniya:Mǎqídùn
Şimali Makedoniya:北馬其頓
Şimali Makedoniya:北馬其頓共和國
Şimali Makedoniya:北马其顿
Şimali Makedoniya:北马其顿 / 北馬其頓
Şimali Makedoniyanın fəxri konsulluğu:北马其顿名誉领事馆
Şimali Osetiya:北奥塞梯-阿兰共和国
Şimali Osetiya:北奥塞梯—阿兰共和国
Şimali Osetiya:北奧塞梯—阿蘭
Şimali Osetiya:北奧塞梯—阿蘭共和國
Şimali Ostrobotniya:北博滕區
Şimali Qazaxıstan vilayəti:北哈萨克斯坦州
Şimali Reyn-Vestfaliya:北莱茵-威斯特法伦州
Şimali Reyn-Vestfaliya:北萊茵－威斯特法倫
Şimali Savoniya:北薩沃區
Şimali Xorasan ostanı:北呼罗珊省
Şimali Xorasan ostanı:北呼羅珊省
Şimali İrlandiya:北愛爾蘭
Şimali İrlandiya:北爱尔兰
Şimali İrlandiya:北爱尔兰 / 北愛爾蘭
Şimaliy Koreya:Cháoxiǎn
Şimaliy Koreya:北韓
Şimaliy Koreya:朝鮮
Şimaliy Koreya:朝鮮民主主義人民共和國
Şimaliy Koreya:朝鲜
Şimaliy Koreya:朝鲜 / 北韓
Şimaliy Qıbrız:北塞浦路斯
Şimaliy Qıbrız:北塞浦路斯/北賽普勒斯
Şimaliy Qıbrız:北賽普勒斯
Şirak mərzi:希拉克省
Şirak mərzi:斯拉克省
Şirak:希拉克省
Şirak:斯拉克省
Şiran:希蘭
Şiraz:设拉子
Şirdast Qazvinin Baklevasi ve Şekerci dükkan:糕点店-传统
Şirnex:舍尔纳克
Şirnex:舍尔纳克省
Şirnex:舍爾納克
Şirîta Xezeyê:Jiāshā Dìdài
Şirîta Xezeyê:加沙地带
Şirîta Xezeyê:加沙地帶
Şirîta Xezeyê:加薩走廊
Şiyeli:西亚利
Şkoder:斯库台
Şkodir:斯库台
Şlezviq-Holşteyn:石勒苏益格-荷尔斯泰因
Şolaqterek:qiáolākètiěrèkè zhèn
Şolaqterek:乔拉克铁热克镇
Şonjy:春賈
Şopokov:紹波科夫
Şopokov:绍波科夫
Şortandı district:紹爾坦德區
Şostka:紹斯特卡
Şotlandiya:苏格兰
Şotlandiya:苏格兰 / 蘇格蘭
Şotlandiya:蘇格蘭
Şoğyr qalaşyğy:绰霍尔镇
Şoğyr:chāohuòěr xiāng
Şoğyr:绰霍尔镇
Şpıçıntsi:什皮欽齊
Şri Lanka səfirliyi:斯里兰卡大使馆
Şri Lanka:斯里兰卡
Şri Lanka:斯里兰卡 / 斯里蘭卡
Şri Lanka:斯里蘭卡
Şri Lankanın fəxri konsulluğu:斯里兰卡名誉领事馆
Şri-Lanka:斯里兰卡
Şri-Lanka:斯里兰卡 / 斯里蘭卡
Şri-Lanka:斯里蘭卡
Şri-Lankanyň hormatly konsullygy:斯里兰卡名誉领事馆
Şri-Lankanyň ilçihanasy:斯里兰卡大使馆
Ştutqart:斯图加特
Ştutqart:斯圖加特
Ştşutşinsk:Xiū qīn sīkè
Ştşutşinsk:休欽斯克
Şu ilçesi:楚河区
Şu:楚河
Şu:楚河市
Şuahevi belediyesi:舒阿海維市
Şuaxevi bələdiyyəsi:舒阿海維市
Şucaiyye:舒賈亞
Şuhut:舒胡特
Şumava Milli Parkı:舒馬瓦國家公園
Şumiha:舒米哈
Şumixa:舒米哈
Şumnu (il):舒门州
Şumşu:占守岛
Şumşu:占守島
Şunhua Salar Özerk İlçesi:Xúnhuà Sǎlāzú Zìzhìxiàn
Şunhua Salar Özerk İlçesi:循化撒拉族自治县
Şunhua Salar Özerk İlçesi:循化撒拉族自治縣
Şuya:舒亚
Şuymogu:水磨沟区
Şuymogu:水磨溝區
Şuçinsk:Xiū qīn sīkè
Şuçinsk:休欽斯克
Şuçye:休奇耶
Şuşa Bölgesi:舒沙區
Şuşa rayonu:舒沙區
Şuşa:舒沙
Şuşenskoye:舒申斯科
Şveyțariya:Ruìshì
Şveyțariya:瑞士
Şvețiya:瑞典
Şw awdanı:楚河区
Şw:楚河市
Şwesiýa:瑞典
Şwesiýanyň Baş konsullygy:瑞典总领事馆
Şwesiýanyň hormatly konsullygy:瑞典名誉领事馆
Şwesiýanyň ilçihanasy:瑞典大使馆
Şweýsariýa:Ruìshì
Şweýsariýa:瑞士
Şweýsariýanyň Baş konsullygy:瑞士总领事馆
Şweýsariýanyň hormatly konsullygy:瑞士名誉领事馆
Şweýsariýanyň ilçihanasy:瑞士大使馆
Şyaulyay:希奥利艾
Şybar qalaşyğy:qíbā'ěr zhèn
Şybar qalaşyğy:齐巴尔镇
Şybar:qíbā'ěr zhèn
Şybar:齐巴尔镇
Şychiau auyly:石桥乡
Şychiau:shíqiáo xiāng
Şychiau:石桥乡
Şygobi qalaşyğy:xīgēbì zhèn
Şygobi qalaşyğy:西戈壁镇
Şygobi:xīgēbì zhèn
Şygobi:西戈壁镇
Şymkent:希姆肯特
Şymkent:苫勤
Şyokino:曉基諾
Şyolkovo:曉爾科沃
Şyrnak:舍尔纳克省
Şyğanjide auyly:qígànjídié xiāng
Şyğanjide auyly:齐干吉迭乡
Şyğanjide:qígànjídié xiāng
Şyğanjide:齐干吉迭乡
Şârika Emirliği:夏尔迦
Şârika Emirliği:沙迦酋長國
Şârika:沙迦
Şäueşek qalasy:Tacheng
Şäueşek qalasy:Tǎchéng Shì
Şäueşek qalasy:塔城市
Şäueşek:Tǎchéng Shì
Şäueşek:塔城
Şäueşek:塔城市
Şçerbativka:謝爾巴季夫卡
Şçerbinka:謝爾賓卡
Şçetsin:什切青
Şçigrı:希格雷
Şçolkino:曉爾基諾
Şçolkovo:曉爾科沃
Şçuçye:休奇耶
Şçwçïnsk:Xiū qīn sīkè
Şçwçïnsk:休欽斯克
Şçyokino:曉基諾
Şêro:皮特格
Şîle:智利
Şîrak:希拉克省
Şîrak:斯拉克省
Şîraz:设拉子
Şîro:皮特格
Şïeli District:西亚利区
Şïeli:西亚利
Şûşa:舒沙
Şıgışör qalaşyğy:四棵树镇
Şıgışör:四棵树镇
Şık İç Tasarımlı Daire:时尚的室内设计公寓
Şımkent:希姆肯特
Şımkent:苫勤
Şıngırlav Nehri:烏特瓦河
Şırnak Merkez:舍爾納克
Şırnak:舍尔纳克
Şırnak:舍尔纳克省
Şırnak:舍爾納克
Şırnaq:舍尔纳克
Şırnaq:舍尔纳克省
Şırnaq:舍爾納克
Şırâyeve:希里亞葉韋
Şırıkşi auyly:qiè'ěrkèqí xiāng
Şırıkşi auyly:切尔克齐乡
Şırıkşi:qiè'ěrkèqí
Şırıkşi:切尔克齐乡
Şıñgıl audany:Qīnghé Xiàn
Şıñgıl audany:青河县
Şıñgıl audany:青河縣
Şıñgıl qalaşyğy:青河鎮
Şıñgıl qalaşyğy:青河镇
Şıñgıl:青河县
Şıñgıl:青河縣
Şığıs Qazaqstan oblısı:东哈萨克斯坦州
Şūr:泰尔
Şūñqyr qalaşyğy:chōnghū'ěr zhèn
Şūñqyr qalaşyğy:冲乎尔镇
Şūñqyr:chōnghū'ěr zhèn
Şūñqyr:冲乎尔镇
Şəbva mühafəzəsi:舍卜沃省
Şəhrisəbz:沙赫里萨布兹
Şəki:舍基
Şərq Timor:东帝汶
Şərq Timor:东帝汶 / 東帝汶
Şərq Timor:東帝汶
Şərqi Anadolu fay xətti:東安那托利亞斷層
Şərqi Azərbaycan ostanı:东阿塞拜疆省
Şərqi Azərbaycan ostanı:東亞塞拜疆省
Şərqi Bəyazid:多烏巴亞澤特
Şərqi Keyp vilayəti:东开普省
Şərqi Keyp vilayəti:東開普
Şərqi Keyp vilayəti:東開普省
Şərqi Malvinas:东福克兰岛
Şərqi Qazaxıstan vilayəti:东哈萨克斯坦州
Şərqi Sibir dənizi:东西伯利亚海
Şərqi Timor:东帝汶
Şərqi Timor:东帝汶 / 東帝汶
Şərqi Timor:東帝汶
Şərqi Zəngəzur zonası:東贊格祖爾經濟區
Şərqi-Koreya körfəzi:东朝鲜湾
Şərqi-Koreya körfəzi:東朝鮮灣
Şərur rayonu:沙魯爾區
Şərur:沙魯爾
Şəttül-Ərəb:阿剌伯河
Şəttül-Ərəb:阿拉伯河
