Š'-jen:Shíyàn Shì
Š'-jen:十堰市
Š'-nan:Shìnán Qū
Š'-nan:市南区
Š'-nan:市南區
Š'-pej:Shìběi Qū
Š'-pej:市北区
Š'-pej:市北區
Šaansi:Shaanxi Sheng
Šaansi:陕西省
Šaansi:陝西省
Šaanši:Shaanxi Sheng
Šaanši:陕西省
Šaanši:陝西省
Šaaņsji:陕西省
Šaaņsji:陝西省
Šabac:沙巴茨
Šabacas:沙巴茨
Šabel'nja:沙別利尼亞
Šabeljkivka:沙貝利基夫卡
Šabelkivka:沙貝利基夫卡
Šabranas:迪維奇
Šabranas:迪维奇
Šabranas:迪维奇/迪維奇
Šabva (muhafaza):舍卜沃省
Šabva:舍卜沃省
Šabwa (maakunta):舍卜沃省
Šac'k:沙茨克
Šachovskaja:沙霍夫斯卡亚
Šachtarsk:沙赫喬爾斯克
Šachtos:沙赫特
Šachty:沙赫特
Šachtërsk:沙赫乔尔斯克
Šachtų Kamenskas:卡緬斯克-沙赫京斯基
Šachun'ja:沙胡尼亞
Šachuňja:沙胡尼亞
Šachvorostivka:沙赫沃羅斯季夫卡
Šachy:沙希
Šachťorsk:沙赫乔尔斯克
Šack:沙茨克
Šackas:沙茨克
Šadrinsk:沙德林斯克
Šafhauzenas:沙夫豪森
Šafhauzene:沙夫豪森
Šah'vorostivka:沙赫沃羅斯季夫卡
Šah`y:沙希
Šahovskaja:沙霍夫斯卡亚
Šahrud:沙赫鲁德
Šahti:沙赫特
Šahtjorsk:沙赫乔尔斯克
Šahty:沙赫特
Šahtõ:沙赫特
Šahunja:沙胡尼亞
Šaki:舍基
Šakiai:沙基艾
Šakių rajono savivaldybė:沙基艾区
Šalamounovy ostrovy:所罗门群岛
Šalamounovy ostrovy:所罗门群岛 / 索羅門群島
Šalamounovy ostrovy:所羅門群島
Šalamounovy ostrovy:索羅門群島
Šalamúnove ostrovy:所罗门群岛
Šalamúnove ostrovy:所罗门群岛 / 索羅門群島
Šalamúnove ostrovy:所羅門群島
Šalamúnove ostrovy:索羅門群島
Šalamúnovo more:所罗门海
Šali:沙里
Šalja:沙利亚
Šalkar:沙爾卡爾
Šalkaras:沙爾卡爾
Šalomounovo moře:所罗门海
Šalomounovy ostrovy:所罗门群岛
Šalomounovy ostrovy:所羅門群島
Šalomounovy ostrovy:索羅門群島
Šalteri za prijavu 1–30:办理登机柜台 1–30
Šalčininkai:沙爾奇寧凱
Šamalas:北部区
Šamanivka:沙馬尼夫卡
Šamchal:沙姆哈爾
Šamil'kala:沙米利卡拉
Šamilkala:沙米利卡拉
Šamocinas:沙莫欽
Šampanės Šalonas-1:香槟沙隆-1
Šampanės Šalonas-2:香槟沙隆-2
Šampanės Šalonas-3:香槟沙隆-3
Šampanės Šalonas:香槟沙隆
Šan-nan:陕南
Šan-nan:陝南
Šan-si:Shanxi Sheng
Šan-si:Shānxī
Šan-si:山西省
Šan-tchou:Shàntóu Shì
Šan-tchou:汕头市
Šan-tchou:汕頭
Šan-tchou:汕頭市
Šan-tung:Shandong Sheng
Šan-tung:Shāndōng
Šan-tung:山东省
Šan-tung:山東省
Šan-wej:Shànwěi Shì
Šan-wej:汕尾
Šan-wej:汕尾市
Šanchajaus Pudongo tarptautinis oro uostas:Shànghǎi Pǔdōng Guójì Jīchǎng
Šanchajaus Pudongo tarptautinis oro uostas:上海浦东国际机场
Šanchajus:Shànghǎi Shì
Šanchajus:上海
Šanchajus:上海市
Šandong:Shandong Sheng
Šandong:山东省
Šandong:山東省
Šandongas:Shandong Sheng
Šandongas:Shāndōng
Šandongas:山东省
Šandongas:山東省
Šang-luo:Shāngluò Shì
Šang-luo:商洛市
Šang-čchiou:Shāngqiū Shì
Šang-čchiou:商丘市
Šang-čchiou:商邱市
Šang-čou:Shāngzhōu Qū
Šang-čou:商州区
Šang-čou:商州區
Šang-žao:Shàngráo Shì
Šang-žao:上饒
Šang-žao:上饒市
Šang-žao:上饶市
Šangaj:Shànghǎi Shì
Šangaj:上海
Šangaj:上海市
Šanghaj:Shànghǎi Shì
Šanghaj:上海
Šanghaj:上海市
Šangri-la:Xiānggélǐlā Shì
Šangri-la:香格里拉市
Šanhaja:上海
Šanhaja:上海市
Šani osariik:掸邦
Šani osariik:撣邦
Šanliurfa:尚勒烏爾法
Šansi:Shānxī
Šansi:山西省
Šanský stát:掸邦
Šanský stát:撣邦
Šantarski otoci:尚塔尔群岛
Šantarské ostrovy:尚塔尔群岛
Šantou:Shàntóu Shì
Šantou:汕头市
Šantou:汕頭
Šantou:汕頭市
Šantov:Shàntóu Shì
Šantov:汕头市
Šantov:汕頭
Šantov:汕頭市
Šanši:Shanxi Sheng
Šanši:山西省
Šanų valstija:掸邦
Šanų valstija:撣邦
Šao-jang:Shàoyáng Shì
Šao-jang:邵阳市
Šao-jang:邵陽
Šao-jang:邵陽市
Šao-kuan:Sháoguān Shì
Šao-kuan:韶关市
Šao-kuan:韶關
Šao-kuan:韶關市
Šao-sing:Shàoxīng
Šao-sing:紹興
Šao-sing:紹興市
Šao-sing:绍兴市
Šar'ja:沙里亞
Šaran:沙兰
Šaran:沙兰/沙蘭
Šaran:沙蘭
Šarapanivka:沙拉帕尼夫卡
Šarce:夏子二峰
Šardaros tvenkinys:沙达拉水库
Šardža:沙迦
Šardžá:沙迦
Šarhorod:沙尔霍罗德
Šarhorod:沙爾霍羅德
Šari:沙里河
Šaria:沙里亞
Šario–Bagirmio regionas:沙里-巴吉尔米区
Šaris:沙里河
Šarja:沙里亞
Šarkija (muhafaza):東部省 (埃及)
Šarkijos muchafaza:東部省 (埃及)
Šarkíja:東部省 (埃及)
Šarlevilis-Mezjeras-1:沙勒维尔-梅济耶尔-1
Šarlevilis-Mezjeras-2:沙勒维尔-梅济耶尔-2
Šarlevilis-Mezjeras-3:沙勒维尔-梅济耶尔-3
Šarlevilis-Mezjeras-4:沙勒维尔-梅济耶尔-4
Šarlevilis-Mezjeras:沙勒维尔-梅济耶尔
Šarlote Amālija:夏洛特阿馬利亞
Šarlote Amālija:夏洛特阿马利亚
Šarlotetaunas:夏洛特顿
Šarlotetaunas:沙洛城
Šarlotė Amalija:夏洛特阿馬利亞
Šarlotė Amalija:夏洛特阿马利亚
Šarm El Šeichas:沙姆沙伊赫
Šarm aš Šajch:沙姆沙伊赫
Šarm eš Šejh:沙姆沙伊赫
Šartra-1:沙特尔-1
Šartra-2:沙特尔-2
Šartra-3:沙特尔-3
Šartra:沙特尔
Šartras-1:沙特尔-1
Šartras-2:沙特尔-2
Šartras-3:沙特尔-3
Šartras:沙特尔
Šarur:沙魯爾
Šarurský rajón:沙魯爾區
Šat al Arabas:阿剌伯河
Šat al Arabas:阿拉伯河
Šat al-Arab:阿剌伯河
Šat al-Arab:阿拉伯河
Šat el Arab:阿剌伯河
Šat el Arab:阿拉伯河
Šatelaraba:阿剌伯河
Šatelaraba:阿拉伯河
Šatoru-1:沙托鲁-1
Šatoru-2:沙托鲁-2
Šatoru-3:沙托鲁-3
Šatoru:沙托鲁
Šatsk:沙茨克
Šatt al-Arab:阿剌伯河
Šatt al-Arab:阿拉伯河
Šatura:沙圖拉
Šauli:希奥利艾
Šauļi:希奥利艾
Šavnik:沙夫尼克
Šavnikas:沙夫尼克
Šaķi:沙基艾
Šaļčininki:沙爾奇寧凱
Šaņduna:Shāndōng
Šaņduna:山东省
Šaņduna:山東省
Šaņsji:Shānxī
Šaņsji:山西省
Šaṭṭ al-ʿArab:阿剌伯河
Šaṭṭ al-ʿArab:阿拉伯河
Šchara:什哈拉山
Šebekina:舍別基諾
Šebekinas:舍別基諾
Šebekino:舍別基諾
Šeberghán:希比尔甘
Šeberghán:希比尔甘/希比爾甘
Šeberghán:希比爾甘
Šefildas:谢菲尔德
Šefīlda:谢菲尔德
Šeki:舍基
Šeksn:舍克斯纳
Šeksna:舍克斯纳
Šel'viv:舍利維夫
Šelda:斯海尔德河
Šeldė:斯海尔德河
Šelefteo:謝萊夫特奧
Šelif:契立夫河
Šelifas (upė):契立夫河
Šelifas:谢利夫
Šelifas:谢里夫市
Šellefteo:謝萊夫特奧
Šelviv:舍利維夫
Šen'čžen':Shēnzhèn Shì
Šen'čžen':深圳
Šen'čžen':深圳市
Šen-jang sever:沈阳北
Šen-jang:Shěnyáng shì
Šen-jang:沈阳
Šen-jang:沈阳市
Šen-jang:瀋陽市
Šen-nung-ťia:Shénnóngjià lín qū
Šen-nung-ťia:神农架林区
Šen-nung-ťia:神農架
Šen-nung-ťia:神農架林區
Šen-si:Shaanxi Sheng
Šen-si:陕西省
Šen-si:陝西省
Šen-čen:Shēnzhèn Shì
Šen-čen:深圳
Šen-čen:深圳市
Šenbruno rūmai:美泉宮
Šendženas:Shēnzhèn Shì
Šendženas:深圳
Šendženas:深圳市
Šenkursk:申库尔斯克
Šenkurska:申库尔斯克
Šenžen:Shēnzhèn Shì
Šenžen:深圳
Šenžen:深圳市
Šepetivka:舍彼托夫卡
Šepetyn:舍佩京
Šepylove:舍皮洛韋
Šeras:谢尔省
Šerbakul':舍尔巴库尔
Šeregeš:舍列格什
Šeremetjevo oro uostas:谢列梅捷沃国际机场
Šeremetjevo rahvusvaheline lennujaam:谢列梅捷沃国际机场
Šeremetjevon kansainvälinen lentoasema:谢列梅捷沃国际机场
Šeršenci:舍爾申齊
Šeršentsi:舍爾申齊
Šerūras:沙魯爾
Šetlanda salas:昔德蘭
Šetlanda salas:设德兰
Šetlando salos:昔德蘭
Šetlando salos:设德兰
Šetlendas salas:昔德蘭
Šetlendas salas:设德兰
Ševtšenka:舍夫琴卡
Ševtšenkivske:舍夫琴基夫西克
Ševtšenkove:舍夫琴科韋
Ševtšenky:舍夫琴基
Ševčenka:舍夫琴卡
Ševčenkivs'ke:舍夫琴基夫西克
Ševčenkivski rajon:舍甫琴科区
Ševčenkivski rajon:舒夫真高區
Ševčenko:舍夫琴科
Ševčenko:舍甫琴柯
Ševčenkove:舍夫琴科韋
Ševčenkove:舍夫琴科韦
Ševčenky:舍夫琴基
Šeņdžeņa:Shēnzhèn Shì
Šeņdžeņa:深圳
Šeņdžeņa:深圳市
Šhara:什哈拉山
Šiauliai County:希奥利艾县
Šiauliai district:希奥利艾县
Šiauliai:希奥利艾
Šiaulių apskritis:希奥利艾县
Šiaulē:希奥利艾
Šiaurinio Kranto padalinys:北岸区
Šiaurinio Krašto emyratas:北部边疆省
Šiaurinė Raudonoji Jūra:北紅海區
Šiaurinė Raudonoji Jūra:北紅海地區
Šiaurinė Teritorija:北领地
Šiaurinė Žemė:北地群岛
Šiaurės Airija:北愛爾蘭
Šiaurės Airija:北爱尔兰
Šiaurės Airija:北爱尔兰 / 北愛爾蘭
Šiaurės Amerika:北美洲
Šiaurės Bahr al Gazalis:北加扎勒河州
Šiaurės Bioko provincija:北比奥科省
Šiaurės Chorasano provincija:北呼罗珊省
Šiaurės Chorasano provincija:北呼羅珊省
Šiaurės Dakota:北达科他州
Šiaurės Dakota:北達科他州
Šiaurės Dvina:北德维纳河
Šiaurės Eršyras:北艾尔郡
Šiaurės Hvanghės provincija:黃海北道
Šiaurės Hvanghės provincija:黄海北道
Šiaurės Jutlandijos regionas:北日德兰大区
Šiaurės Kapas:北開普
Šiaurės Kapas:北開普省
Šiaurės Karolina:北卡罗来纳州
Šiaurės Karolina:北卡羅萊那州
Šiaurės Kaukazo federalinė apygarda:北高加索联邦管区
Šiaurės Kaukazo federalinė apygarda:北高加索聯邦管區
Šiaurės Kazachstano sritis:北哈萨克斯坦州
Šiaurės Kiongsango provincija:庆尚北道
Šiaurės Kiongsango provincija:慶尚北道
Šiaurės Kivu:北基伍省
Šiaurės Korėja — Rusija:朝俄边界
Šiaurės Korėja:Cháoxiǎn
Šiaurės Korėja:北韓
Šiaurės Korėja:朝鮮
Šiaurės Korėja:朝鮮民主主義人民共和國
Šiaurės Korėja:朝鲜
Šiaurės Korėja:朝鲜 / 北韓
Šiaurės Kuoriejė:Cháoxiǎn
Šiaurės Kuoriejė:北韓
Šiaurės Kuoriejė:朝鮮
Šiaurės Kuoriejė:朝鮮民主主義人民共和國
Šiaurės Kuoriejė:朝鲜
Šiaurės Kuoriejė:朝鲜 / 北韓
Šiaurės Kvanza:北宽扎省
Šiaurės Kvanza:北廣薩省
Šiaurės Kyšulio provincija:北開普
Šiaurės Kyšulio provincija:北開普省
Šiaurės Lanarkšyras:北拉纳克郡
Šiaurės Libano muchafaza:北黎巴嫩省
Šiaurės Lunda:北倫達省
Šiaurės Lunda:北隆达省
Šiaurės Makedonija:Mǎqídùn
Šiaurės Makedonija:北馬其頓
Šiaurės Makedonija:北馬其頓共和國
Šiaurės Makedonija:北马其顿
Šiaurės Makedonija:北马其顿 / 北馬其頓
Šiaurės Makedonijos ambasada:北马其顿大使馆
Šiaurės Makedonijos garbės konsulatas:北马其顿名誉领事馆
Šiaurės Makedonijos generalinis konsulatas:北马其顿总领事馆
Šiaurės Makeduonėjė:Mǎqídùn
Šiaurės Makeduonėjė:北馬其頓
Šiaurės Makeduonėjė:北馬其頓共和國
Šiaurės Makeduonėjė:北马其顿
Šiaurės Makeduonėjė:北马其顿 / 北馬其頓
Šiaurės Matabelelandas:北马塔贝莱兰省
Šiaurės Olandija:北荷兰
Šiaurės Olandija:北荷兰省
Šiaurės Olandija:北荷蘭
Šiaurės Olandija:北荷蘭省
Šiaurės Osetija:北奥塞梯—阿兰共和国
Šiaurės Osetija:北奧塞梯—阿蘭
Šiaurės Osetija:北奧塞梯—阿蘭共和國
Šiaurės Pieva:北草坪
Šiaurės Pohjanma:北博滕區
Šiaurės Ramusis vandenynas:北太平洋
Šiaurės Reinas-Vestfalija:北莱茵-威斯特法伦州
Šiaurės Reinas-Vestfalija:北萊茵－威斯特法倫
Šiaurės Rio Grandė:北里奥格兰德州
Šiaurės Savas:北薩沃區
Šiaurės Sinajaus muchafaza:北西奈省
Šiaurės Vakarai:西北地区
Šiaurės Vakarai:西北地區
Šiaurės Vakarai:西北省
Šiaurės Vakarų regionas:西北區
Šiaurės Vakarų teritorijos:西北地区
Šiaurės Vokietijos žemuma:北德平原
Šiaurės apskritis:北部区
Šiaurės apskritis:北部區
Šiaurės jūra:北海
Šiaurės kanalas:北海海峽
Šiaurės muchafaza:北方省
Šiaurės provincija:北方省
Šiaurės provincija:北方省 (赞比亚)
Šiaurės provincija:北部省
Šiaurės regionas:北部区
Šiaurės regionas:北部區
Šiaurės regionas:北部大區
Šiaurės regionas:巴西北部
Šiaurės rytų rajonas:東北區
Šiaurės rytų regionas:东北部
Šiaurės sala:北島
Šiaurės sala:謝韋爾內島
Šiaurės vakarų provincija:西北省
Šiaurės vakarų rajonas:西北區
Šiaurės Čungčongo provincija:忠清北道
Šiaurės-Vakarų federalinė apskritis:西北联邦管区
Šiaurės-Vakarų federalinė apskritis:西北聯邦管區
Šiaurės:北部大區
Šiaškotan:捨子古丹島
Šibenika:希貝尼克
Šibenika:希贝尼克
Šibenikas:希貝尼克
Šibenikas:希贝尼克
Šibuja:涩谷区
Šibuja:澀谷區
Šida Kartli:什达-卡特利州
Šida Kartlis:什达-卡特利州
Šida Kharthli:什达-卡特利州
Šidloveca:希德沃維茨
Šidzuoka:靜岡市
Šigadzė:Chéngběi Jiēdào
Šigadzė:城北街道
Šigadzė:日喀则市
Šigadzė:日喀則市
Šikmá veža v Pise:比萨斜塔
Šikmá věž v Pise:比萨斜塔
Šikoku:四国
Šikoku:四国 / 四國
Šikoku:四国地方
Šikoku:四国地方 / 四國地方
Šikoku:四國
Šikoku:四國地方
Šikotan:色丹島
Šilales rajona pašvaldība:希拉莱区
Šilalė rajoon:希拉莱区
Šilalėn kunnallispiiri:希拉莱区
Šilalės rajono savivaldybė:希拉莱区
Šilin Chot:Xīlínguōlè Méng
Šilin Chot:Xīlínhàotè Shì
Šilin Chot:錫林浩特市
Šilin Chot:錫林郭勒盟
Šilin Chot:锡林浩特市
Šilin Chot:锡林郭勒盟
Šilka:石勒喀河
Šillong:西隆
Šilute:希盧泰
Šilutė:希盧泰
Šimada:岛田市
Šimada:島田市
Šimkent:希姆肯特
Šimkent:苫勤
Šimkenta:希姆肯特
Šimkenta:苫勤
Šimla:西姆拉
Šimsk:希姆斯克
Šimtmečio parkas:Bǎinián jìniàn gōngyuán
Šimtmečio parkas:百年紀念公園
Šindžjang:新疆
Šindžjang:新疆維吾爾自治區
Šindžuku:新宿区
Šindžuku:新宿区/新宿區
Šindžuku:新宿區
Šinjanga:希尼安加区
Šinjanga:辛陽賈區
Širak:希拉克省
Širak:斯拉克省
Širaki maakond:希拉克省
Širaki maakond:斯拉克省
Širako sritis:希拉克省
Širako sritis:斯拉克省
Širaz:设拉子
Širazas:设拉子
Širjajeve:希里亞葉韋
Širvinta:希爾溫塔河
Širáz:设拉子
Šiselvenio rajonas:希塞卢韦尼
Šizuoka:静冈市
Šizuoka:靜岡市
Šiša Pangma:Xīxiàbāngmǎ Fēng
Šiša Pangma:希夏邦马峰
Šjamen:Siàmén-Shìh
Šjamen:Xiàmén Shì
Šjamen:厦门市
Šjamen:廈門
Šjamen:廈門市
Šjan:Xī'ān shì
Šjan:西安
Šjan:西安市
Škandinávia:斯堪地那維亞
Škandinávia:斯堪的納維亞
Škandinávia:斯堪的纳维亚
Škandinávsky polostrov:斯堪的纳维亚半岛
Škhara:什哈拉山
Šklo:什克洛
Škoderio apskritis:士科德州
Škoderis:斯库台
Škodra:斯库台
Škotija:苏格兰
Škotija:苏格兰 / 蘇格蘭
Škotija:蘇格蘭
Škotovo:什科托沃
Škotska:苏格兰
Škotska:苏格兰 / 蘇格蘭
Škotska:蘇格蘭
Škotsko more:斯科舍海
Škotsko morje:斯科舍海
Škuotėjė:苏格兰
Škuotėjė:苏格兰 / 蘇格蘭
Škuotėjė:蘇格蘭
Škótske more:苏格兰西海岸近海水域
Škótske more:蘇格蘭西海岸近海水域
Škótsko:苏格兰
Škótsko:苏格兰 / 蘇格蘭
Škótsko:蘇格蘭
Šlazyńske wójwodstwo:西里西亚省
Šlazyńske wójwodstwo:西里西亞省
Šlef:谢利夫
Šleske wojewódstwo:西里西亚省
Šleske wojewódstwo:西里西亞省
Šlesko vojvodstvo:西里西亚省
Šlesko vojvodstvo:西里西亞省
Šlesvicko-Holštýnsko:什勒斯維希—霍爾斯坦邦
Šlesvicko-Holštýnsko:石勒苏益格-荷尔斯泰因
Šlesvicko-Holštýnsko:石勒苏益格—荷尔斯泰因州
Šlesvik:石勒苏益格
Šleswigsko-Holšteinska:什勒斯維希—霍爾斯坦邦
Šleswigsko-Holšteinska:石勒苏益格—荷尔斯泰因州
Šlezijsko vojvodstvo:西里西亚省
Šlezijsko vojvodstvo:西里西亞省
Šlezvicko-Holštajnsko:什勒斯維希—霍爾斯坦邦
Šlezvicko-Holštajnsko:石勒苏益格-荷尔斯泰因
Šlezvicko-Holštajnsko:石勒苏益格—荷尔斯泰因州
Šlezvig:石勒苏益格
Šljamarka:什利亞馬爾卡河
Šlyškivci:什利什基夫齊
Šlyškivtsi:什利什基夫齊
Šlēsviga-Holšteina:什勒斯維希—霍爾斯坦邦
Šlēsviga-Holšteina:石勒苏益格-荷尔斯泰因
Šlēsviga-Holšteina:石勒苏益格—荷尔斯泰因州
Šlēsviga:石勒苏益格
Šlėzvigas-Holšteinas:石勒苏益格-荷尔斯泰因
Šmajivka:什馬伊夫卡
Šmaïvka:什馬伊夫卡
Šmidt:施密特岛
Šmidti saar:施密特岛
Šmidtov ostrov:施密特岛
Šmidtův ostrov:施密特岛
Šmyrky:什米爾基
Šnjakivka:什尼亞基夫卡
Šoina:紹伊納
Šolė:紹萊
Šopokov:紹波科夫
Šopokov:绍波科夫
Šopokovas:紹波科夫
Šopokovas:绍波科夫
Šostka:紹斯特卡
Šoten:绍滕
Šotimaa:苏格兰
Šotimaa:苏格兰 / 蘇格蘭
Šotimaa:蘇格蘭
Šotiska:苏格兰
Šotiska:苏格兰 / 蘇格蘭
Šotiska:蘇格蘭
Šotlandii:苏格兰
Šotlandii:苏格兰 / 蘇格蘭
Šotlandii:蘇格蘭
Španielsko:Xībānyá
Španielsko:西班牙
Španija:Xībānyá
Španija:西班牙
Španiska:Xībānyá
Španiska:西班牙
Španjolska:Xībānyá
Španjolska:西班牙
Španělsko:Xībānyá
Španělsko:西班牙
Špańska:西班牙
Špicbergy a Jan Mayen:斯瓦尔巴特和扬马延
Špicberky:斯瓦尔巴
Špicberky:斯瓦尔巴特和扬马延
Špicberky:斯瓦巴
Špikiv:什皮基夫
Špindlerův Mlýn:什平德萊魯夫姆林
Špičinci:什皮欽齊
Špola:什波拉
Špreva:施普雷河
Šprē:施普雷河
Šprė:施普雷河
Špykiv:什皮基夫
Špykivka:什皮基夫卡
Špyt'ky:什皮季基
Špytky:什皮季基
Špytšynci:什皮欽齊
Špytšyntsi:什皮欽齊
Špyčynci:什皮欽齊
Špõkiv:什皮基夫
Špõkivka:什皮基夫卡
Šri Lanka:斯里兰卡
Šri Lanka:斯里兰卡 / 斯里蘭卡
Šri Lanka:斯里蘭卡
Šri Lankos ambasada:斯里兰卡大使馆
Šri Lankos garbės konsulatas:斯里兰卡名誉领事馆
Šrilanka:斯里兰卡
Šrilanka:斯里兰卡 / 斯里蘭卡
Šrilanka:斯里蘭卡
Šrilankas goda konsulāts:斯里兰卡名誉领事馆
Šrilankas vēstniecība:斯里兰卡大使馆
Šrinagaras:斯利那加
Šrubkiv:什魯布基夫
Šrí Džajavardanapura Kotte:斯里賈亞瓦德納普拉科特
Šrí Džajavardanapura Kotte:斯里贾耶瓦德内普拉科特
Šrí Lanka:斯里兰卡
Šrí Lanka:斯里兰卡 / 斯里蘭卡
Šrí Lanka:斯里蘭卡
Šrínagar:斯利那加
Štajerska (zvezna dežela):史泰爾馬克邦
Štajerska (zvezna dežela):施泰尔马克州
Štajerska:史泰爾馬克邦
Štajerska:施泰尔马克州
Štajersko:史泰爾馬克邦
Štajersko:施泰尔马克州
Štetín:什切青
Štokholm:斯德哥尔摩
Štokholm:斯德哥爾摩
Štokholmský kraj:斯德哥尔摩省
Štokholmský kraj:斯德哥爾摩省
Štralzund:施特拉尔松德
Štralzundas:施特拉尔松德
Štrasburg-1:斯特拉斯堡-1
Štrasburg-2:斯特拉斯堡-2
Štrasburg-3:斯特拉斯堡-3
Štrasburg-4:斯特拉斯堡-4
Štrasburg-5:斯特拉斯堡-5
Štrasburg-6:斯特拉斯堡-6
Štrasburg:史特拉斯堡
Štrasburg:斯特拉斯堡
Štrasburk-1:斯特拉斯堡-1
Štrasburk-2:斯特拉斯堡-2
Štrasburk-3:斯特拉斯堡-3
Štrasburk-4:斯特拉斯堡-4
Štrasburk-5:斯特拉斯堡-5
Štrasburk-6:斯特拉斯堡-6
Štrasburk:史特拉斯堡
Štrasburk:斯特拉斯堡
Štrālzunde:施特拉尔松德
Štrālzunde:施特拉爾松德
Štutgart:斯图加特
Štutgart:斯圖加特
Štutgartas:斯图加特
Štutgartas:斯圖加特
Štutgarte:斯图加特
Štutgarte:斯圖加特
Štyrski Hródk:格拉茨
Štát Mexiko:墨西哥州
Štíhrad:斯图加特
Štíhrad:斯圖加特
Štít víťazstva:Tuōmù'ěr Fēng
Štít víťazstva:托木尔峰
Štýrsko:史泰爾馬克邦
Štýrsko:施泰尔马克州
Štýrský Hradec:格拉茨
Štěbřešín:什切布熱申
Štětín:什切青
Štīrijas arsenāls:盔甲博物馆
Štšaslyve:夏斯利韋
Štšaslõvtseve:夏斯利夫采韦
Štšastja:夏斯季耶
Štšerbani:謝爾巴尼
Štšerbanivka:謝爾巴尼夫卡
Štšerbativka:謝爾巴季夫卡
Štšerbinka:謝爾賓卡
Štšigry:希格雷
Štšigrõ:希格雷
Štšokino:曉基諾
Štšolkine:曉爾基諾
Štšolkovo:曉爾科沃
Štšutšinsk:Xiū qīn sīkè
Štšutšinsk:休欽斯克
Štšutšje:休奇耶
Štšutšyn:休欽
Šu:楚河市
Šuahhevi rajoon:舒阿海維市
Šuang-che:tǎsīěrhǎi zhèn
Šuang-che:双河市
Šuang-che:雙河市
Šuang-ja-šan:Shuāngyāshān Shì
Šuang-ja-šan:双鸭山市
Šuang-ja-šan:雙鴨山市
Šuja:舒亚
Šuljaky:舒利亞基
Šumava National Park:舒馬瓦國家公園
Šumavos nacionalinis parkas:舒馬瓦國家公園
Šumiačiai:舒米亞奇
Šumicha:舒米哈
Šumiha:舒米哈
Šumihha:舒米哈
Šumivci:舒米夫齊
Šumivtsi:舒米夫齊
Šumjatši:舒米亞奇
Šumjači:舒米亞奇
Šumšu:占守岛
Šumšu:占守島
Šuo-čou:Shuòzhōu Shì
Šuo-čou:朔州市
Šuparka:舒帕爾卡
Šura-Bondurivs'ka:舒拉-邦杜里夫西卡
Šura-Bondurivska:舒拉-邦杜里夫西卡
Šureimon:守禮門
Šuša:舒沙
Šušenskoe:舒申斯科
Šušenskoje:舒申斯科
Šv. Bartolomėjus:圣巴泰勒米岛
Šv. Bartolomėjus:聖巴多祿繆島
Šv. Bartolomėjus:聖巴泰勒米
Šv. Jonų bažnyčia:聖若望教堂
Šv. Martos Namai:圣玛尔大之家
Šv. Martos Namai:聖瑪爾大之家
Šv. Morkaus bazilika:圣马可大教堂
Šv. Pauliaus katedra:聖保羅大教堂
Šv. Vincento kyšulys:圣维森特角
Šv. apaštalų Petro ir Povilo bažnyčia:聖伯多祿聖保祿教堂
Šv. arkangela Mīkuola bažnīčė:聖米迦勒教堂
Šv. arkangelo Mykolo bažnyčia:聖米迦勒教堂
Švabijos Alpės:施瓦本汝拉山
Švajcarska:Ruìshì
Švajcarska:瑞士
Švajkivka:什瓦伊基夫卡
Švajčiarsko:Ruìshì
Švajčiarsko:瑞士
Švapska Jura:施瓦本汝拉山
Švedeja:瑞典
Švedija:Ruìdiǎn
Švedija:瑞典
Švedijos ambasada:瑞典大使馆
Švedijos garbės konsulatas:瑞典名誉领事馆
Švedijos generalinis konsulatas:瑞典总领事馆
Švedska:Ruìdiǎn
Švedska:瑞典
Švedėjė:瑞典
Šveica:Ruìshì
Šveica:瑞士
Šveicareja:Ruìshì
Šveicareja:瑞士
Šveicarii:Ruìshì
Šveicarii:瑞士
Šveicarija:Ruìshì
Šveicarija:瑞士
Šveicarijos ambasada:瑞士大使馆
Šveicarijos garbės konsulatas:瑞士名誉领事馆
Šveicarijos generalinis konsulatas:瑞士总领事馆
Šveicarėjė:Ruìshì
Šveicarėjė:瑞士
Šveicca ambassáda:瑞士大使馆
Šveicca gudnekonsuláhta:瑞士名誉领事馆
Šveicca váldokonsuláhta:瑞士总领事馆
Šveice:Ruìshì
Šveice:瑞士
Šveices Goda konsulāts:瑞士名誉领事馆
Šveices vēstniecība:瑞士大使馆
Šveices ģenerālkonsulāts:瑞士总领事馆
Šveits:Ruìshì
Šveits:瑞士
Šveitsi aukonsulaat:瑞士名誉领事馆
Šveitsi peakonsulaat:瑞士总领事馆
Šveitsi saatkond:瑞士大使馆
Švennigenes autoosta:施文尼根汽车站
Švennigeno autobusų stotis:施文尼根汽车站
Šventas Petras:圣伯多禄
Šventas Petras:聖伯多祿
Švento Jono Krikštytojo arkikatedra bazilika:圣若翰洗者圣殿总主教座堂
Švento Jono Krikštytojo arkikatedra bazilika:聖若翰洗者聖殿總主教座堂
Švento Kryžiaus vaivadija:圣十字省
Švento Kryžiaus vaivadija:聖十字省
Švento Lauryno įlanka:圣罗伦斯湾
Švento Lauryno įlanka:聖羅倫斯灣
Švento Petro aikštė:圣伯多禄广场
Švento Petro aikštė:聖伯多祿廣場
Šventoji Elena, Dangun Žengimo ir Tristanas da Kunja:圣赫勒拿、阿森松和特里斯坦-达库尼亚
Šventoji Elena:圣赫勒拿
Šventoji Elena:聖海倫娜島
Šventojo Pranciškaus universitetas:圣弗朗西斯大学
Šventųjų Stanislovo ir Vaclovo katedra:瓦維爾主教座堂
Švenčionių rajono savivaldybė:什文乔尼斯区
Švenčionys:什文喬尼斯
Švenčionėliai:什文喬內利艾
Švenčonēļi:什文喬內利艾
Švenčoņi:什文喬尼斯
Švenčoņu rajona pašvaldība:什文乔尼斯区
Šverinas:什未林
Šverte:施韦特
Švertė:施韦特
Šverīne:什未林
Švica:Ruìshì
Švica:瑞士
Švicarska:Ruìshì
Švicarska:瑞士
Švábska Jura:施瓦本汝拉山
Švábský Jura:施瓦本汝拉山
Švédsko:Ruìdiǎn
Švédsko:瑞典
Švýcarsko:Ruìshì
Švýcarsko:瑞士
Šwebo:瑞波
Šwebo:瑞波镇区
Šwedska:Ruìdiǎn
Šwedska:瑞典
Šwicarska:Ruìshì
Šwicarska:瑞士
Šwikawa:茨维考
Šydlovecas:希德沃維茨
Šydloviéc:希德沃維茨
Šymkent:希姆肯特
Šymkent:苫勤
Šymkentas:希姆肯特
Šymkentas:苫勤
Šymkivci:什姆基夫齊
Šymkivtsi:什姆基夫齊
Šymkove:什姆科韋
Šyrjajeve:希里亞葉韋
Šyroka Dolyna:什羅卡多利納
Šyroka Hreblja:什羅卡格列布利亞
Šyroka Hreblja:羅卡格列布利亞
Šyroke:希羅克
Šäuläi:希奥利艾
Šíráz:设拉子
Šõmkent:希姆肯特
Šõmkent:苫勤
Šārdža:沙迦
Šāriqa:夏尔迦
Šāriqa:沙迦酋長國
Šćećin:什切青
Šćučinsk:Xiū qīn sīkè
Šćučinsk:休欽斯克
Ščaslyve:夏斯利韋
Ščastja:夏斯季耶
Ščasťa:夏斯季耶
Ščasťský rajón:夏斯佳区
Ščebetovka:謝別托夫卡
Ščebžešina:什切布熱申
Ščecina:什切青
Ščecinas:什切青
Ščekyčyn:謝基欽
Ščerbani:謝爾巴尼
Ščerbanivka:謝爾巴尼夫卡
Ščerbativka:謝爾巴季夫卡
Ščerbinivka:謝爾比尼夫卡
Ščerbinka:謝爾賓卡
Ščerbiņivka:謝爾比尼夫卡
Ščigri:希格雷
Ščigry:希格雷
Ščiolkovas:曉爾科沃
Ščiutinas:休欽
Ščokino:曉基諾
Ščolkine:曉爾基諾
Ščolkino:曉爾基諾
Ščolkova:曉爾科沃
Ščolkovo:曉爾科沃
Ščucina:什丘欽
Ščuč'e:休奇耶
Ščučina:休欽
Ščučinskas:Xiū qīn sīkè
Ščučinskas:休欽斯克
Ščučje:休奇耶
Ščučyn:休欽
Ščëkino:曉基諾
Ščëlkino:曉爾基諾
Ščëlkovo:曉爾科沃
Šēra:谢尔省
Šėkoku:四国
Šėkoku:四国 / 四國
Šėkoku:四国地方
Šėkoku:四国地方 / 四國地方
Šėkoku:四國
Šėkoku:四國地方
Šėlalės rajuons:希拉莱区
Šėlotė:希盧泰
Šīrāz:设拉子
Š’-che-c’:Shíhézǐ
Š’-che-c’:Shíhézǐ Shì
Š’-che-c’:石河子市
Š’-cuej-šan:Shízuǐshān Shì
Š’-cuej-šan:石嘴山市
Š’-jen:Shíyàn
Š’-jen:十堰
Š’-jen:十堰市
Š’-ťia-čuang:Shíjiāzhuāng Shì
Š’-ťia-čuang:石家庄市
Š’-ťia-čuang:石家莊市
